 *******************************************************************************
 *                                                                             *
 *                                 SCALE 6.2.4                                 *
 *                                -------------                                *
 *                                 ?????? 2026                                 *
 *                                                                             *
 *           SCALE:  A Comprehensive Modeling and Simulation Suite             *
 *                   for Nuclear Safety Analysis and Design                    *
 *                                                                             *
 *                      Reactor and Nuclear Systems Division                   *
 *                        Oak Ridge National Laboratory                        *
 *                                                                             *
 *                           http://scale.ornl.gov                             *
 *                            scalehelp@ornl.gov                               *
 *                                                                             *
 *******************************************************************************
 *******************************************************************************
      
                  Job Information
                  ---------------
      Job started on LAPTOP-C4ILMA1D on ?? 15/01/2026 08:59:03
      Working directory: C:\Users\79063\AppData\Local\Temp\scale.79063.180
      Input file name  : C:\Users\79063\Documents\GitHub\TVS_dose_2\Origens\1-4_3.inp
      Output file name : C:\Users\79063\Documents\GitHub\TVS_dose_2\Origens\1-4_3.out
      SCALE executable : C:\SCALE-6.2.4/bin/scale
      
 *******************************************************************************


    module couple will be called on Thu Jan 15 08:59:03 2026.
    sequence specification record:=couple
Input Data:

      ********************************************************************************
      *                cross sections from 238-group JEFF-3.0/A                      *
      *              external code coupling                                          *
      *              fission product yields for u and pu                             *
      *              238 group calculation - external 1-group cross sections input   *
      ' Расчет накопленной активности на участке ТВС ОМ-1 высотой 9,2 см 
      
      0$$ a3 80 a6 33 e
      1$$ a3 0  a15 2 a16 8 0 238 e t
      7$$ 922350 922380
      ' нормированый поток нейтронов в ТВС из MCU-TR (238group endf/b-vii)
      9**
      0.00000E+00 0.00000E+00 0.00000E+00 0.00000E+00 0.00000E+00 0.00000E+00
      3.58524E-11 1.74130E-10 4.86508E-10 1.68269E-09 3.39731E-09 5.88717E-09
      1.07648E-08 1.45763E-08 1.56980E-08 2.25752E-08 2.39623E-08 2.63370E-08
      2.00302E-08 2.63397E-08 2.00469E-08 2.85468E-08 3.33633E-08 3.57749E-08
      3.72906E-08 3.48285E-08 2.95699E-08 3.54248E-08 3.74802E-08 4.21076E-08
      2.97921E-08 3.47607E-08 4.38473E-08 3.88726E-08 4.65007E-08 4.80360E-08
      5.98262E-08 5.14919E-08 6.46885E-08 4.76077E-08 5.95562E-08 7.47747E-08
      7.21740E-08 8.90538E-08 1.03643E-07 1.13630E-07 1.22751E-07 1.21752E-07
      1.15596E-07 1.30344E-07 1.64455E-07 1.59583E-07 1.51107E-07 1.93657E-07
      2.53579E-07 3.38605E-07 4.42074E-07 5.59158E-07 6.94042E-07 8.55273E-07
      3.39731E-09 5.88717E-09 1.07648E-08 1.45763E-08 1.56980E-08 2.25752E-08
      3.24518E-06 3.63138E-06 2.90671E-06 3.47719E-06 5.12690E-06 7.00968E-06
      6.13440E-06 9.41867E-06 1.38742E-05 1.84189E-05 2.17790E-05 2.51782E-05
      2.27996E-05 2.72226E-05 2.90894E-05 3.47730E-05 5.25283E-05 5.36022E-05
      5.48709E-05 4.80121E-05 5.49780E-05 6.21172E-05 6.57201E-05 7.25328E-05
      7.08328E-05 6.21861E-05 6.45734E-05 7.16724E-05 8.73962E-05 8.97760E-05
      1.03293E-04 7.51824E-05 7.98892E-05 1.10080E-04 1.14007E-04 1.27555E-04
      1.28775E-04 9.59815E-05 1.07036E-04 1.02347E-04 8.52357E-05 1.46442E-04
      1.11394E-04 1.10522E-04 9.31399E-05 1.46049E-04 9.46289E-05 1.10171E-04
      1.10579E-04 1.43124E-04 1.64278E-04 1.57514E-04 1.94558E-04 2.24640E-04
      1.43358E-04 1.79286E-04 2.67387E-04 2.49879E-04 3.32545E-04 2.78786E-04
      3.49205E-04 3.15958E-04 3.83349E-04 3.94383E-04 3.33939E-04 4.45214E-04
      5.90401E-04 4.24441E-04 6.48000E-04 4.75200E-04 5.83199E-04 4.66559E-04
      3.62881E-04 5.44320E-04 6.53400E-04 8.91000E-04 8.68319E-04 1.05070E-03
      9.25494E-04 9.25494E-04 1.21196E-03 9.31922E-04 1.28541E-03 1.28541E-03
      1.41395E-03 1.31754E-03 1.41395E-03 1.28541E-03 2.08879E-03 2.10664E-03
      2.08879E-03 1.35682E-03 1.81269E-03 2.46289E-03 1.74786E-03 2.22455E-03
      1.87144E-03 2.04800E-03 2.57765E-03 2.47172E-03 3.30504E-03 2.92369E-03
      3.05080E-03 3.43216E-03 3.68639E-03 3.68639E-03 3.55926E-03 3.94063E-03
      2.41522E-03 3.17792E-03 2.86013E-03 4.76688E-03 2.54233E-03 2.54233E-03
      3.49571E-03 4.13130E-03 3.81350E-03 2.86013E-03 3.17792E-03 2.86013E-03
      3.17792E-03 3.49571E-03 5.72026E-03 4.76688E-03 3.78462E-03 3.90879E-03
      5.79659E-03 4.28219E-03 4.65578E-03 5.27775E-03 5.20721E-03 5.88809E-03
      5.75339E-03 6.74319E-03 6.48667E-03 7.72128E-03 9.06793E-03 8.05165E-03
      9.25757E-03 8.86186E-03 1.08085E-02 9.80064E-03 9.40723E-03 1.23009E-02
      1.38375E-02 1.59568E-02 1.49172E-02 1.95045E-02 2.25832E-02 3.19325E-02
      3.68168E-02 3.89429E-02 5.12747E-02 5.33930E-02 5.45491E-02 6.66476E-02
      6.66133E-02 5.38568E-02 5.38568E-02 3.75335E-02 2.07192E-02 1.61498E-02
      1.99417E-03 1.33814E-02 1.45315E-02 6.36490E-03 6.36490E-03 1.06082E-03
      1.59123E-03 1.27298E-03 1.27298E-03 7.95613E-04 e t
      done
end


     0$ array     99 entries read

     1$ array     19 entries read

     0t
  нормированый поток нейтронов в ТВС из mcu-tr (238group endf/b-vii)            

     7$ array      2 entries read

     9* array    238 entries read

     0t
1






        ************************************************************************************************************************
        ************************************************************************************************************************
        ************************************************************************************************************************
        *****                                                                                                              *****
        *****                                       program verification information                                       *****
        *****                                                                                                              *****
        *****                                   code system:  SCALE    version:  6.2                                       *****
        *****                                                                                                              *****
        ************************************************************************************************************************
        ************************************************************************************************************************
        *****                                                                                                              *****
        *****                                                                                                              *****
        *****              program:  couple.exe                                                                            *****
        *****                                                                                                              *****
        *****        creation date:   unknown                                                                              *****
        *****                                                                                                              *****
        *****              library:  C:\SCALE-6.2.4\bin                                                                    *****
        *****                                                                                                              *****
        *****                                                                                                              *****
        *****            prod code:  couple.exe                                                                            *****
        *****                                                                                                              *****
        *****              version:  6.2.4                                                                                 *****
        *****                                                                                                              *****
        *****              jobname:  79063                                                                                 *****
        *****                                                                                                              *****
        *****         machine name:  LAPTOP-C4ILMA1D                                                                       *****
        *****                                                                                                              *****
        *****    date of execution:  15_jan_2026                                                                           *****
        *****                                                                                                              *****
        *****    time of execution:  08:59:03.81                                                                           *****
        *****                                                                                                              *****
        *****                                                                                                              *****
        ************************************************************************************************************************
        ************************************************************************************************************************
        ************************************************************************************************************************

1  this library has the correct order of the nuclides.

   group      energy(eV) collapsing flux 
       1      2.0000E+07  0.0000E+00
       2      1.7333E+07  0.0000E+00
       3      1.5683E+07  0.0000E+00
       4      1.4550E+07  0.0000E+00
       5      1.3840E+07  0.0000E+00
       6      1.2840E+07  0.0000E+00
       7      1.0000E+07  3.5852E-11
       8      8.1873E+06  1.7413E-10
       9      6.4340E+06  4.8651E-10
      10      4.8000E+06  1.6827E-09
      11      4.3040E+06  3.3973E-09
      12      3.0000E+06  5.8872E-09
      13      2.4790E+06  1.0765E-08
      14      2.3540E+06  1.4576E-08
      15      1.8500E+06  1.5698E-08
      16      1.5000E+06  2.2575E-08
      17      1.4000E+06  2.3962E-08
      18      1.3560E+06  2.6337E-08
      19      1.3170E+06  2.0030E-08
      20      1.2500E+06  2.6340E-08
      21      1.2000E+06  2.0047E-08
      22      1.1000E+06  2.8547E-08
      23      1.0100E+06  3.3363E-08
      24      9.2000E+05  3.5775E-08
      25      9.0000E+05  3.7291E-08
      26      8.7500E+05  3.4828E-08
      27      8.6110E+05  2.9570E-08
      28      8.2000E+05  3.5425E-08
      29      7.5000E+05  3.7480E-08
      30      6.7900E+05  4.2108E-08
      31      6.7000E+05  2.9792E-08
      32      6.0000E+05  3.4761E-08
      33      5.7300E+05  4.3847E-08
      34      5.5000E+05  3.8873E-08
      35      4.9952E+05  4.6501E-08
      36      4.7000E+05  4.8036E-08
      37      4.4000E+05  5.9826E-08
      38      4.2000E+05  5.1492E-08
      39      4.0000E+05  6.4688E-08
      40      3.3000E+05  4.7608E-08
      41      2.7000E+05  5.9556E-08
      42      2.0000E+05  7.4775E-08
      43      1.5000E+05  7.2174E-08
      44      1.2830E+05  8.9054E-08
      45      1.0000E+05  1.0364E-07
      46      8.5000E+04  1.1363E-07
      47      8.2000E+04  1.2275E-07
      48      7.5000E+04  1.2175E-07
      49      7.3000E+04  1.1560E-07
      50      6.0000E+04  1.3034E-07
      51      5.2000E+04  1.6446E-07
      52      5.0000E+04  1.5958E-07
      53      4.5000E+04  1.5111E-07
      54      3.0000E+04  1.9366E-07
      55      2.5000E+04  2.5358E-07
      56      1.7000E+04  3.3860E-07
      57      1.3000E+04  4.4207E-07
      58      9.5000E+03  5.5916E-07
      59      8.0300E+03  6.9404E-07
      60      6.0000E+03  8.5527E-07
      61      3.9000E+03  3.3973E-09
      62      3.7400E+03  5.8872E-09
      63      3.0000E+03  1.0765E-08
      64      2.5800E+03  1.4576E-08
      65      2.2900E+03  1.5698E-08
      66      2.2000E+03  2.2575E-08
      67      1.8000E+03  3.2452E-06
      68      1.5500E+03  3.6314E-06
      69      1.5000E+03  2.9067E-06
      70      1.1500E+03  3.4772E-06
      71      9.5000E+02  5.1269E-06
      72      6.8300E+02  7.0097E-06
      73      6.7000E+02  6.1344E-06
      74      5.5000E+02  9.4187E-06
      75      3.0500E+02  1.3874E-05
      76      2.8500E+02  1.8419E-05
      77      2.4000E+02  2.1779E-05
      78      2.1000E+02  2.5178E-05
      79      2.0750E+02  2.2800E-05
      80      1.9250E+02  2.7223E-05
      81      1.8600E+02  2.9089E-05
      82      1.2200E+02  3.4773E-05
      83      1.1900E+02  5.2528E-05
      84      1.1500E+02  5.3602E-05
      85      1.0800E+02  5.4871E-05
      86      1.0000E+02  4.8012E-05
      87      9.0000E+01  5.4978E-05
      88      8.2000E+01  6.2117E-05
      89      8.0000E+01  6.5720E-05
      90      7.6000E+01  7.2533E-05
      91      7.2000E+01  7.0833E-05
      92      6.7500E+01  6.2186E-05
      93      6.5000E+01  6.4573E-05
      94      6.1000E+01  7.1672E-05
      95      5.9000E+01  8.7396E-05
      96      5.3400E+01  8.9776E-05
      97      5.2000E+01  1.0329E-04
      98      5.0600E+01  7.5182E-05
      99      4.9200E+01  7.9889E-05
     100      4.8300E+01  1.1008E-04
     101      4.7000E+01  1.1401E-04
     102      4.5200E+01  1.2756E-04
     103      4.4000E+01  1.2878E-04
     104      4.2400E+01  9.5982E-05
     105      4.1000E+01  1.0704E-04
     106      3.9600E+01  1.0235E-04
     107      3.9100E+01  8.5236E-05
     108      3.8000E+01  1.4644E-04
     109      3.7000E+01  1.1139E-04
     110      3.5500E+01  1.1052E-04
     111      3.4600E+01  9.3140E-05
     112      3.3750E+01  1.4605E-04
     113      3.3250E+01  9.4629E-05
     114      3.1750E+01  1.1017E-04
     115      3.1250E+01  1.1058E-04
     116      3.0000E+01  1.4312E-04
     117      2.7500E+01  1.6428E-04
     118      2.5000E+01  1.5751E-04
     119      2.2500E+01  1.9456E-04
     120      2.1000E+01  2.2464E-04
     121      2.0000E+01  1.4336E-04
     122      1.9000E+01  1.7929E-04
     123      1.8500E+01  2.6739E-04
     124      1.7000E+01  2.4988E-04
     125      1.6000E+01  3.3254E-04
     126      1.5100E+01  2.7879E-04
     127      1.4400E+01  3.4920E-04
     128      1.3750E+01  3.1596E-04
     129      1.2900E+01  3.8335E-04
     130      1.1900E+01  3.9438E-04
     131      1.1500E+01  3.3394E-04
     132      1.0000E+01  4.4521E-04
     133      9.1000E+00  5.9040E-04
     134      8.1000E+00  4.2444E-04
     135      7.1500E+00  6.4800E-04
     136      7.0000E+00  4.7520E-04
     137      6.7500E+00  5.8320E-04
     138      6.5000E+00  4.6656E-04
     139      6.2500E+00  3.6288E-04
     140      6.0000E+00  5.4432E-04
     141      5.4000E+00  6.5340E-04
     142      5.0000E+00  8.9100E-04
     143      4.7500E+00  8.6832E-04
     144      4.0000E+00  1.0507E-03
     145      3.7300E+00  9.2549E-04
     146      3.5000E+00  9.2549E-04
     147      3.1500E+00  1.2120E-03
     148      3.0500E+00  9.3192E-04
     149      3.0000E+00  1.2854E-03
     150      2.9700E+00  1.2854E-03
     151      2.8700E+00  1.4139E-03
     152      2.7700E+00  1.3175E-03
     153      2.6700E+00  1.4139E-03
     154      2.5700E+00  1.2854E-03
     155      2.4700E+00  2.0888E-03
     156      2.3800E+00  2.1066E-03
     157      2.3000E+00  2.0888E-03
     158      2.2100E+00  1.3568E-03
     159      2.1200E+00  1.8127E-03
     160      2.0000E+00  2.4629E-03
     161      1.9400E+00  1.7479E-03
     162      1.8600E+00  2.2245E-03
     163      1.7700E+00  1.8714E-03
     164      1.6800E+00  2.0480E-03
     165      1.5900E+00  2.5776E-03
     166      1.5000E+00  2.4717E-03
     167      1.4500E+00  3.3050E-03
     168      1.4000E+00  2.9237E-03
     169      1.3500E+00  3.0508E-03
     170      1.3000E+00  3.4322E-03
     171      1.2500E+00  3.6864E-03
     172      1.2250E+00  3.6864E-03
     173      1.2000E+00  3.5593E-03
     174      1.1750E+00  3.9406E-03
     175      1.1500E+00  2.4152E-03
     176      1.1400E+00  3.1779E-03
     177      1.1300E+00  2.8601E-03
     178      1.1200E+00  4.7669E-03
     179      1.1100E+00  2.5423E-03
     180      1.1000E+00  2.5423E-03
     181      1.0900E+00  3.4957E-03
     182      1.0800E+00  4.1313E-03
     183      1.0700E+00  3.8135E-03
     184      1.0600E+00  2.8601E-03
     185      1.0500E+00  3.1779E-03
     186      1.0400E+00  2.8601E-03
     187      1.0300E+00  3.1779E-03
     188      1.0200E+00  3.4957E-03
     189      1.0100E+00  5.7203E-03
     190      1.0000E+00  4.7669E-03
     191      9.7500E-01  3.7846E-03
     192      9.5000E-01  3.9088E-03
     193      9.2500E-01  5.7966E-03
     194      9.0000E-01  4.2822E-03
     195      8.5000E-01  4.6558E-03
     196      8.0000E-01  5.2778E-03
     197      7.5000E-01  5.2072E-03
     198      7.0000E-01  5.8881E-03
     199      6.5000E-01  5.7534E-03
     200      6.2500E-01  6.7432E-03
     201      6.0000E-01  6.4867E-03
     202      5.5000E-01  7.7213E-03
     203      5.0000E-01  9.0679E-03
     204      4.5000E-01  8.0516E-03
     205      4.0000E-01  9.2576E-03
     206      3.7500E-01  8.8619E-03
     207      3.5000E-01  1.0809E-02
     208      3.2500E-01  9.8006E-03
     209      3.0000E-01  9.4072E-03
     210      2.7500E-01  1.2301E-02
     211      2.5000E-01  1.3837E-02
     212      2.2500E-01  1.5957E-02
     213      2.0000E-01  1.4917E-02
     214      1.7500E-01  1.9505E-02
     215      1.5000E-01  2.2583E-02
     216      1.2500E-01  3.1932E-02
     217      1.0000E-01  3.6817E-02
     218      9.0000E-02  3.8943E-02
     219      8.0000E-02  5.1275E-02
     220      7.0000E-02  5.3393E-02
     221      6.0000E-02  5.4549E-02
     222      5.0000E-02  6.6648E-02
     223      4.0000E-02  6.6613E-02
     224      3.0000E-02  5.3857E-02
     225      2.5300E-02  5.3857E-02
     226      1.0000E-02  3.7533E-02
     227      7.5000E-03  2.0719E-02
     228      5.0000E-03  1.6150E-02
     229      4.0000E-03  1.9942E-03
     230      3.0000E-03  1.3381E-02
     231      2.5000E-03  1.4531E-02
     232      2.0000E-03  6.3649E-03
     233      1.5000E-03  6.3649E-03
     234      1.2000E-03  1.0608E-03
     235      1.0000E-03  1.5912E-03
     236      7.5000E-04  1.2730E-03
     237      5.0000E-04  1.2730E-03
     238      1.0000E-04  7.9561E-04
              1.0000E-05

---------------------------------------------------------
 Reading cross sections from AMPX library=1
---------------------------------------------------------


          * Average energy of fission (eV) *
                  922350  9.36382E-02
                  922380  7.86155E+03
0 user requested (see jadd) that all nuclide transitions available from ampx data be updated,   
0 including those not present in prior origen library. 
1cross sections, available from ampx (normalized to total flux), barns 
 
                      10010 to  10020  2.67461E-01      mt= 102
                      10010 tot-cap    2.67461E-01
                      10020 to  10010  1.05603E-10      mt=  16
                      10020 to  10030  4.07294E-04      mt= 102
                      10020 tot-cap    4.07294E-04
                      10030 to  10020  6.34109E-13      mt=  16
                      10030 tot-cap    6.34109E-13
                      20030 to  20040  4.35699E-05      mt= 102
                      20030 to  10030  4.28055E+03      mt= 103
                      20030 to  10020  6.52096E-11      mt= 104
                      20030 tot-cap    4.28055E+03
                      30060 to  10010  1.37504E-10      mt=  24
                      30060 to  20040  7.57304E+02      mt=  32
                      30060 to  30070  3.10089E-02      mt= 102
                      30060 to  20060  1.20689E-10      mt= 103
                      30060 tot-cap    7.57335E+02
                      30070 to  30060  1.56498E-13      mt=  16
                      30070 to  10030  3.80294E-10      mt=  22
                      30070 to  30080  3.65837E-02      mt= 102
                      30070 to  20060  3.13095E-15      mt= 104
                      30070 tot-cap    3.65837E-02
                      40070 to  30070  3.13499E+04      mt= 103
                      40070 to  20040  2.25408E-01      mt= 107
                      40070 tot-cap    3.13500E+04
                      40090 to  40080  3.89722E-09      mt=  16
                      40090 to  40100  6.05932E-03      mt= 102
                      40090 to  20060  3.77064E-09      mt= 107
                      40090 tot-cap    6.05933E-03
                      40100 to  40090  3.85125E-12      mt=  16
                      40100 to  40080  0.00000E+00      mt=  17
                      40100 to  20060  1.61155E-13      mt=  22
                      40100 to  40110  8.38409E-04      mt= 102
                      40100 tot-cap    8.38409E-04
                      50100 to  30060  1.88248E-11      mt=  22
                      50100 to  40090  1.10260E-11      mt=  28
                      50100 to  40080  3.78344E-03      mt=  32
                      50100 to  50110  4.02874E-01      mt= 102
                      50100 to  40100  5.63521E-03      mt= 103
                      50100 to  30070  3.09057E+03      mt= 107
                      50100 tot-cap    3.09098E+03
                      50110 to  50120  4.43177E-03      mt= 102
                      50110 to  40100  4.19246E-15      mt= 104
                      50110 to  30080  1.57707E-13      mt= 107
                      50110 tot-cap    4.43177E-03
                      60120 to  20040  1.22995E-11      mt=  29
                      60120 to  60130  2.76801E-03      mt= 102
                      60120 to  40090  1.11409E-11      mt= 107
                      60120 tot-cap    2.76801E-03
                      60130 to  60120  1.68132E-11      mt=  16
                      60130 to  60140  1.10192E-03      mt= 102
                      60130 to  40100  3.01720E-11      mt= 107
                      60130 tot-cap    1.10192E-03
                      60140 to  60130  3.74918E-13      mt=  16
                      60140 to  60150  9.98172E-07      mt= 102
                      60140 tot-cap    9.98172E-07
                      70140 to  60130  3.24719E-12      mt=  28
                      70140 to  70150  6.04053E-02      mt= 102
                      70140 to  60140  1.47154E+00      mt= 103
                      70140 to  60120  9.97081E-12      mt= 105
                      70140 to  50110  6.18161E-09      mt= 107
                      70140 to  30070  0.00000E+00      mt= 108
                      70140 tot-cap    1.53195E+00
                      70150 to  70160  1.96025E-05      mt= 102
                      70150 to  60150  0.00000E+00      mt= 103
                      70150 to  60140  1.05471E-13      mt= 104
                      70150 to  50120  6.00358E-14      mt= 107
                      70150 tot-cap    1.96025E-05
                      80160 to  60120  4.56731E-13      mt=  22
                      80160 to  80170  1.62738E-04      mt= 102
                      80160 to  60130  2.92837E-10      mt= 107
                      80160 tot-cap    1.62739E-04
                      80170 to  80160  6.70365E-14      mt=  16
                      80170 to  60130  4.72276E-14      mt=  22
                      80170 to  80180  4.34071E-04      mt= 102
                      80170 to  70170  0.00000E+00      mt= 103
                      80170 to  70150  2.50421E-14      mt= 105
                      80170 to  60140  1.89191E-01      mt= 107
                      80170 tot-cap    1.89625E-01
                      80180 to  80170  5.10637E-13      mt=  16
                      80180 to  60140  4.12902E-13      mt=  22
                      80180 to  80190  1.29322E-04      mt= 102
                      80180 to  60150  1.45799E-13      mt= 107
                      80180 tot-cap    1.29322E-04
                      90190 to  70150  1.37957E-12      mt=  22
                      90190 to  80180  2.76832E-13      mt=  28
                      90190 to  90200  7.65472E-03      mt= 102
                      90190 to  80190  1.28101E-11      mt= 103
                      90190 to  80170  0.00000E+00      mt= 105
                      90190 to  70160  4.13094E-10      mt= 107
                      90190 tot-cap    7.65472E-03
                     100200 to  80160  0.00000E+00      mt=  22
                     100200 to 100210  2.97191E-02      mt= 102
                     100200 to  90200  8.54195E-12      mt= 103
                     100200 to  80170  1.17805E-09      mt= 107
                     100200 tot-cap    2.97191E-02
                     100210 to 100200  2.08133E-12      mt=  16
                     100210 to  80170  4.11986E-14      mt=  22
                     100210 to 100220  5.36431E-01      mt= 102
                     100210 to  90210  2.15263E-11      mt= 103
                     100210 to  80180  1.15032E+00      mt= 107
                     100210 tot-cap    1.68675E+00
                     100220 to 100230  3.66435E-02      mt= 102
                     100220 to  80190  3.95087E-14      mt= 107
                     100220 tot-cap    3.66435E-02
                     110220 to  90180  0.00000E+00      mt=  22
                     110220 to 100210  1.14645E-11      mt=  28
                     110220 to 110230  2.03531E+02      mt= 102
                     110220 to 100220  2.32438E+04      mt= 103
                     110220 to 100200  0.00000E+00      mt= 105
                     110220 to  90190  2.10335E+02      mt= 107
                     110220 to  80180  0.00000E+00      mt= 112
                     110220 tot-cap    2.36576E+04
                     110230 to 110240  9.93258E-02      mt= 102
                     110230 to 110241  3.28803E-01      mt= 102
                     110230 to 100220  1.58465E-13      mt=  28
                     110230 to 100230  1.72298E-11      mt= 103
                     110230 to  90200  5.00437E-12      mt= 107
                     110230 tot-cap    4.28128E-01
                     110240 to 110230  8.71760E-12      mt=  16
                     110240 to 110250  2.63910E-02      mt= 102
                     110240 to 100240  1.65591E-11      mt= 103
                     110240 to 100230  0.00000E+00      mt= 104
                     110240 to 100220  0.00000E+00      mt= 105
                     110240 to  90210  1.16540E-12      mt= 107
                     110240 tot-cap    2.63910E-02
                     120240 to 110240  1.00080E-11      mt= 103
                     120240 to 110241  4.49300E-12      mt= 103
                     120240 to 100200  0.00000E+00      mt=  22
                     120240 to 120250  4.06443E-02      mt= 102
                     120240 to 110230  0.00000E+00      mt= 104
                     120240 to 100210  4.27738E-11      mt= 107
                     120240 tot-cap    4.06443E-02
                     120250 to 120240  3.44193E-12      mt=  16
                     120250 to 120260  1.53839E-01      mt= 102
                     120250 to 110250  3.87188E-11      mt= 103
                     120250 to 100220  2.63073E-10      mt= 107
                     120250 tot-cap    1.53839E-01
                     120260 to 120270  3.09583E-02      mt= 102
                     120260 to 110260  1.18927E-14      mt= 103
                     120260 to 100230  5.26542E-13      mt= 107
                     120260 tot-cap    3.09583E-02
                     120280 to 120270  3.34378E-13      mt=  16
                     120280 to 120290  6.91680E-04      mt= 102
                     120280 to 100250  1.07111E-13      mt= 107
                     120280 tot-cap    6.91680E-04
                     130260 to 110220  0.00000E+00      mt=  22
                     130260 to 120250  8.38044E-12      mt=  28
                     130260 to 130270  1.25514E-01      mt= 102
                     130260 to 120260  2.39155E-09      mt= 103
                     130260 to 120240  0.00000E+00      mt= 105
                     130260 to 110230  5.57846E-10      mt= 107
                     130260 to 110250  0.00000E+00      mt= 111
                     130260 to 100220  0.00000E+00      mt= 112
                     130260 tot-cap    1.25514E-01
                     130270 to 110240  4.30741E-12      mt= 107
                     130270 to 110241  1.93487E-12      mt= 107
                     130270 to 120260  7.27381E-14      mt=  28
                     130270 to 130280  1.71628E-01      mt= 102
                     130270 to 120270  8.54589E-11      mt= 103
                     130270 tot-cap    1.71628E-01
                     140280 to 140290  1.42797E-01      mt= 102
                     140280 to 130280  6.47259E-11      mt= 103
                     140280 to 130270  0.00000E+00      mt= 104
                     140280 to 120250  2.45466E-11      mt= 107
                     140280 tot-cap    1.42797E-01
                     140290 to 140280  4.13069E-13      mt=  16
                     140290 to 140300  8.22121E-02      mt= 102
                     140290 to 130290  5.16618E-11      mt= 103
                     140290 to 120260  1.32917E-10      mt= 107
                     140290 tot-cap    8.22121E-02
                     140300 to 140310  8.77892E-02      mt= 102
                     140300 to 130300  2.17729E-14      mt= 103
                     140300 to 120270  7.29180E-13      mt= 107
                     140300 tot-cap    8.77892E-02
                     140310 to 140300  2.29218E-11      mt=  16
                     140310 to 140320  5.87187E-02      mt= 102
                     140310 to 130310  4.20714E-14      mt= 103
                     140310 to 120280  1.71619E-12      mt= 107
                     140310 tot-cap    5.87187E-02
                     140320 to 140310  1.71415E-13      mt=  16
                     140320 to 140330  4.53749E-03      mt= 102
                     140320 to 120290  0.00000E+00      mt= 107
                     140320 tot-cap    4.53749E-03
                     150310 to 140300  1.54531E-12      mt=  28
                     150310 to 150320  1.33884E-01      mt= 102
                     150310 to 140310  1.56776E-09      mt= 103
                     150310 to 140290  0.00000E+00      mt= 105
                     150310 to 130280  2.92048E-11      mt= 107
                     150310 tot-cap    1.33884E-01
                     150320 to 150310  4.04595E-13      mt=  16
                     150320 to 140310  8.91696E-14      mt=  28
                     150320 to 150330  2.27312E-01      mt= 102
                     150320 to 140320  2.51429E-09      mt= 103
                     150320 to 140300  0.00000E+00      mt= 105
                     150320 to 130290  1.17017E-11      mt= 107
                     150320 tot-cap    2.27312E-01
                     150330 to 150340  1.20801E-01      mt= 102
                     150330 to 140330  1.40718E-12      mt= 103
                     150330 to 140320  0.00000E+00      mt= 104
                     150330 to 130300  5.62363E-14      mt= 107
                     150330 tot-cap    1.20801E-01
                     160320 to 140280  1.26761E-13      mt=  22
                     160320 to 150310  1.99484E-13      mt=  28
                     160320 to 160330  4.25541E-01      mt= 102
                     160320 to 150320  3.13621E-09      mt= 103
                     160320 to 140300  0.00000E+00      mt= 106
                     160320 to 140290  5.63521E-03      mt= 107
                     160320 tot-cap    4.31177E-01
                     160330 to 160320  3.01313E-13      mt=  16
                     160330 to 140290  9.55332E-14      mt=  22
                     160330 to 150320  2.87735E-14      mt=  28
                     160330 to 160340  2.82015E-01      mt= 102
                     160330 to 150330  1.61062E-03      mt= 103
                     160330 to 150310  0.00000E+00      mt= 105
                     160330 to 140300  1.52947E-01      mt= 107
                     160330 to 140320  0.00000E+00      mt= 111
                     160330 tot-cap    4.36573E-01
                     160340 to 140300  0.00000E+00      mt=  22
                     160340 to 160350  1.80142E-01      mt= 102
                     160340 to 150340  2.52191E-12      mt= 103
                     160340 to 150330  0.00000E+00      mt= 104
                     160340 to 140310  3.89229E-11      mt= 107
                     160340 tot-cap    1.80142E-01
                     160350 to 160340  1.57330E-11      mt=  16
                     160350 to 140310  0.00000E+00      mt=  22
                     160350 to 160360  1.56709E-01      mt= 102
                     160350 to 150350  7.92180E-12      mt= 103
                     160350 to 150340  0.00000E+00      mt= 104
                     160350 to 150330  0.00000E+00      mt= 105
                     160350 to 140320  1.83568E-10      mt= 107
                     160350 tot-cap    1.56709E-01
                     160360 to 160370  1.21849E-01      mt= 102
                     160360 to 150360  0.00000E+00      mt= 103
                     160360 to 140330  4.51878E-13      mt= 107
                     160360 tot-cap    1.21849E-01
                     170350 to 150310  0.00000E+00      mt=  22
                     170350 to 160340  1.31804E-12      mt=  28
                     170350 to 170360  3.51095E+01      mt= 102
                     170350 to 160350  3.94498E-01      mt= 103
                     170350 to 160330  0.00000E+00      mt= 105
                     170350 to 150330  0.00000E+00      mt= 106
                     170350 to 150320  6.43996E-05      mt= 107
                     170350 tot-cap    3.55040E+01
                     170360 to 170350  6.24717E-13      mt=  16
                     170360 to 150320  0.00000E+00      mt=  22
                     170360 to 160350  8.02924E-13      mt=  28
                     170360 to 170370  8.05373E+00      mt= 102
                     170360 to 160360  3.78346E-02      mt= 103
                     170360 to 160340  0.00000E+00      mt= 105
                     170360 to 150330  1.10774E-09      mt= 107
                     170360 tot-cap    8.09157E+00
                     170370 to 170380  3.07211E-01      mt= 102
                     170370 to 170381  4.14961E-02      mt= 102
                     170370 to 150330  0.00000E+00      mt=  22
                     170370 to 160360  5.56175E-13      mt=  28
                     170370 to 160370  3.66634E-12      mt= 103
                     170370 to 150340  2.00057E-12      mt= 107
                     170370 tot-cap    3.48707E-01
                     180360 to 160320  3.73250E-15      mt=  22
                     180360 to 170350  1.41770E-12      mt=  28
                     180360 to 180370  4.23251E+00      mt= 102
                     180360 to 170360  1.20755E-03      mt= 103
                     180360 to 160340  0.00000E+00      mt= 106
                     180360 to 160330  4.42739E-03      mt= 107
                     180360 to 160350  0.00000E+00      mt= 111
                     180360 tot-cap    4.23814E+00
                     180370 to 180360  1.86960E-13      mt=  16
                     180370 to 160330  4.53210E-13      mt=  22
                     180370 to 170360  1.69298E-13      mt=  28
                     180370 to 180380  4.06010E-01      mt= 102
                     180370 to 170370  5.23239E+01      mt= 103
                     180370 to 170350  0.00000E+00      mt= 105
                     180370 to 160350  0.00000E+00      mt= 106
                     180370 to 160340  1.58582E+03      mt= 107
                     180370 to 160360  1.51665E-14      mt= 111
                     180370 to 150330  0.00000E+00      mt= 112
                     180370 tot-cap    1.63855E+03
                     180380 to 170380  6.18182E-12      mt= 103
                     180380 to 170381  6.20751E-12      mt= 103
                     180380 to 160340  4.31879E-15      mt=  22
                     180380 to 180390  7.09445E-01      mt= 102
                     180380 to 170370  6.34995E-14      mt= 104
                     180380 to 160350  4.06955E-10      mt= 107
                     180380 tot-cap    7.09445E-01
                     180390 to 170380  0.00000E+00      mt= 104
                     180390 to 170381  0.00000E+00      mt= 104
                     180390 to 180380  1.19363E-11      mt=  16
                     180390 to 160350  5.77208E-14      mt=  22
                     180390 to 180400  4.83667E+02      mt= 102
                     180390 to 170390  2.51583E-12      mt= 103
                     180390 to 170370  0.00000E+00      mt= 105
                     180390 to 160360  6.49479E-10      mt= 107
                     180390 tot-cap    4.83667E+02
                     180400 to 160360  6.85225E-15      mt=  22
                     180400 to 180410  5.48736E-01      mt= 102
                     180400 to 170400  2.20431E-14      mt= 103
                     180400 to 160370  8.38712E-13      mt= 107
                     180400 tot-cap    5.48736E-01
                     180410 to 180400  3.72439E-11      mt=  16
                     180410 to 160370  0.00000E+00      mt=  22
                     180410 to 180420  4.02663E-01      mt= 102
                     180410 to 170410  4.17166E-14      mt= 103
                     180410 to 160380  3.83312E-13      mt= 107
                     180410 tot-cap    4.02663E-01
                     180420 to 180410  5.79394E-14      mt=  16
                     180420 to 180430  1.17645E-01      mt= 102
                     180420 to 170420  0.00000E+00      mt= 103
                     180420 to 160390  0.00000E+00      mt= 107
                     180420 tot-cap    1.17645E-01
                     190390 to 170350  0.00000E+00      mt=  22
                     190390 to 180380  4.15432E-12      mt=  28
                     190390 to 190400  1.69508E+00      mt= 102
                     190390 to 180390  1.93637E-08      mt= 103
                     190390 to 170370  0.00000E+00      mt= 106
                     190390 to 170360  3.34332E-03      mt= 107
                     190390 tot-cap    1.69843E+00
                     190400 to 190390  2.55844E-12      mt=  16
                     190400 to 170360  7.09595E-14      mt=  22
                     190400 to 180390  1.15012E-12      mt=  28
                     190400 to 190410  2.41627E+01      mt= 102
                     190400 to 180400  3.62540E+00      mt= 103
                     190400 to 180380  0.00000E+00      mt= 105
                     190400 to 170370  3.15836E-01      mt= 107
                     190400 to 160360  0.00000E+00      mt= 112
                     190400 tot-cap    2.81040E+01
                     190410 to 170380  1.03221E-11      mt= 107
                     190410 to 170381  8.77755E-13      mt= 107
                     190410 to 170370  1.81006E-12      mt=  22
                     190410 to 180400  5.37380E-13      mt=  28
                     190410 to 190420  1.17900E+00      mt= 102
                     190410 to 180410  6.22172E-11      mt= 103
                     190410 to 180390  0.00000E+00      mt= 105
                     190410 tot-cap    1.17900E+00
                     190420 to 170380  0.00000E+00      mt=  22
                     190420 to 170381  0.00000E+00      mt=  22
                     190420 to 190410  6.81727E-12      mt=  16
                     190420 to 180410  4.55667E-15      mt=  28
                     190420 to 190430  1.14800E+00      mt= 102
                     190420 to 180420  2.35700E-10      mt= 103
                     190420 to 180400  0.00000E+00      mt= 105
                     190420 to 170390  1.03313E-10      mt= 107
                     190420 tot-cap    1.14800E+00
                     190430 to 190420  1.08645E-14      mt=  16
                     190430 to 170390  0.00000E+00      mt=  22
                     190430 to 180420  0.00000E+00      mt=  28
                     190430 to 190440  9.52411E-01      mt= 102
                     190430 to 180430  4.71622E-13      mt= 103
                     190430 to 170400  2.68491E-14      mt= 107
                     190430 tot-cap    9.52411E-01
                     200400 to 180360  0.00000E+00      mt=  22
                     200400 to 190390  2.55800E-13      mt=  28
                     200400 to 200410  3.29339E-01      mt= 102
                     200400 to 190400  4.62106E-09      mt= 103
                     200400 to 180380  0.00000E+00      mt= 106
                     200400 to 180370  2.01244E-03      mt= 107
                     200400 to 180390  0.00000E+00      mt= 111
                     200400 tot-cap    3.31351E-01
                     200410 to 200400  3.43671E-13      mt=  16
                     200410 to 180370  4.51233E-14      mt=  22
                     200410 to 190400  1.21624E-13      mt=  28
                     200410 to 200420  3.22137E+00      mt= 102
                     200410 to 190410  5.63524E-03      mt= 103
                     200410 to 190390  0.00000E+00      mt= 105
                     200410 to 180390  0.00000E+00      mt= 106
                     200410 to 180380  8.05040E-03      mt= 107
                     200410 to 180400  4.81172E-15      mt= 111
                     200410 to 170370  0.00000E+00      mt= 112
                     200410 tot-cap    3.23506E+00
                     200420 to 180380  1.62844E-12      mt=  22
                     200420 to 200430  5.51891E-01      mt= 102
                     200420 to 190420  5.46449E-11      mt= 103
                     200420 to 190410  0.00000E+00      mt= 104
                     200420 to 180390  1.60339E-10      mt= 107
                     200420 tot-cap    5.51891E-01
                     200430 to 200420  4.99205E-13      mt=  16
                     200430 to 180390  0.00000E+00      mt=  22
                     200430 to 200440  5.00087E+00      mt= 102
                     200430 to 190430  1.17211E-10      mt= 103
                     200430 to 190420  0.00000E+00      mt= 104
                     200430 to 180400  1.70423E-09      mt= 107
                     200430 tot-cap    5.00087E+00
                     200440 to 180400  0.00000E+00      mt=  22
                     200440 to 200450  7.11286E-01      mt= 102
                     200440 to 190440  5.24637E-13      mt= 103
                     200440 to 180410  1.68322E-13      mt= 107
                     200440 tot-cap    7.11286E-01
                     200450 to 200440  5.30197E-12      mt=  16
                     200450 to 200460  1.20823E+01      mt= 102
                     200450 to 190450  1.09890E-12      mt= 103
                     200450 to 180420  2.77796E-13      mt= 107
                     200450 tot-cap    1.20823E+01
                     200460 to 200470  5.95909E-01      mt= 102
                     200460 to 190460  1.06922E-14      mt= 103
                     200460 to 180430  7.98287E-13      mt= 107
                     200460 tot-cap    5.95909E-01
                     200470 to 200460  6.72482E-12      mt=  16
                     200470 to 200480  1.27969E+00      mt= 102
                     200470 to 190470  6.09805E-15      mt= 103
                     200470 to 180440  0.00000E+00      mt= 107
                     200470 tot-cap    1.27969E+00
                     200480 to 200490  8.82923E-01      mt= 102
                     200480 to 180450  0.00000E+00      mt= 107
                     200480 tot-cap    8.82923E-01
                     210441 to 210450  6.63931E-01      mt= 102
                     210441 to 210451  1.54915E+00      mt= 102
                     210441 to 210430  3.54237E-15      mt=  16
                     210441 to 190400  1.82533E-14      mt=  22
                     210441 to 200430  7.30040E-12      mt=  28
                     210441 to 200440  2.00472E-07      mt= 103
                     210441 to 200420  0.00000E+00      mt= 105
                     210441 to 190420  0.00000E+00      mt= 106
                     210441 to 190410  4.21867E-10      mt= 107
                     210441 to 180400  0.00000E+00      mt= 112
                     210441 tot-cap    2.21308E+00
                     210450 to 210460  1.21522E+01      mt= 102
                     210450 to 210461  9.70431E+00      mt= 102
                     210450 to 190410  0.00000E+00      mt=  22
                     210450 to 200440  4.39397E-13      mt=  28
                     210450 to 200450  5.59505E-10      mt= 103
                     210450 to 190420  3.52260E-12      mt= 107
                     210450 tot-cap    2.18566E+01
                     210460 to 210450  5.92495E-13      mt=  16
                     210460 to 210451  1.19336E-13      mt=  16
                     210460 to 190420  0.00000E+00      mt=  22
                     210460 to 200450  3.46115E-14      mt=  28
                     210460 to 210470  6.44393E+00      mt= 102
                     210460 to 200460  1.22987E-09      mt= 103
                     210460 to 200440  0.00000E+00      mt= 105
                     210460 to 190430  1.01057E-10      mt= 107
                     210460 tot-cap    6.44393E+00
                     210470 to 200460  8.53912E-14      mt=  28
                     210470 to 210480  2.07000E+00      mt= 102
                     210470 to 200470  2.84999E-11      mt= 103
                     210470 to 190440  1.57093E-14      mt= 107
                     210470 tot-cap    2.07000E+00
                     210480 to 210470  1.94524E-12      mt=  16
                     210480 to 200470  0.00000E+00      mt=  28
                     210480 to 210490  3.16744E+00      mt= 102
                     210480 to 200480  1.02918E-10      mt= 103
                     210480 to 190450  8.23273E-15      mt= 107
                     210480 tot-cap    3.16744E+00
                     220440 to 210440  5.24251E-08      mt= 103
                     220440 to 210441  2.95886E-10      mt= 103
                     220440 to 200400  2.45576E-12      mt=  22
                     220440 to 210430  4.52020E-13      mt=  28
                     220440 to 220450  7.83269E-01      mt= 102
                     220440 to 200420  0.00000E+00      mt= 106
                     220440 to 200410  3.38885E-09      mt= 107
                     220440 to 200430  3.02916E-13      mt= 111
                     220440 to 190400  0.00000E+00      mt= 112
                     220440 tot-cap    7.83269E-01
                     220450 to 210440  2.23846E-13      mt=  28
                     220450 to 210441  1.35353E-13      mt=  28
                     220450 to 210450  7.36797E-07      mt= 103
                     220450 to 210451  1.88866E-07      mt= 103
                     220450 to 220440  0.00000E+00      mt=  16
                     220450 to 200410  2.91689E-13      mt=  22
                     220450 to 220460  2.31856E+00      mt= 102
                     220450 to 210430  0.00000E+00      mt= 105
                     220450 to 200430  0.00000E+00      mt= 106
                     220450 to 200420  1.28456E-08      mt= 107
                     220450 to 200440  9.20572E-13      mt= 111
                     220450 to 190410  0.00000E+00      mt= 112
                     220450 tot-cap    2.31856E+00
                     220460 to 210460  1.70930E-10      mt= 103
                     220460 to 210461  4.44079E-11      mt= 103
                     220460 to 210450  0.00000E+00      mt= 104
                     220460 to 210451  0.00000E+00      mt= 104
                     220460 to 200420  1.35058E-14      mt=  22
                     220460 to 220470  4.81568E-01      mt= 102
                     220460 to 200440  0.00000E+00      mt= 106
                     220460 to 200430  1.64678E-11      mt= 107
                     220460 tot-cap    4.81568E-01
                     220470 to 210460  0.00000E+00      mt= 104
                     220470 to 210461  0.00000E+00      mt= 104
                     220470 to 220460  3.63910E-14      mt=  16
                     220470 to 200430  0.00000E+00      mt=  22
                     220470 to 220480  1.37488E+00      mt= 102
                     220470 to 210470  1.77681E-09      mt= 103
                     220470 to 200440  1.28036E-10      mt= 107
                     220470 to 200460  0.00000E+00      mt= 111
                     220470 tot-cap    1.37488E+00
                     220480 to 200440  0.00000E+00      mt=  22
                     220480 to 220490  6.33858E+00      mt= 102
                     220480 to 210480  2.50935E-12      mt= 103
                     220480 to 200450  1.17267E-12      mt= 107
                     220480 tot-cap    6.33858E+00
                     220490 to 220480  2.55399E-12      mt=  16
                     220490 to 220500  1.78802E+00      mt= 102
                     220490 to 210490  1.22734E-11      mt= 103
                     220490 to 210480  0.00000E+00      mt= 104
                     220490 to 200460  1.00744E-10      mt= 107
                     220490 tot-cap    1.78802E+00
                     220500 to 210500  1.59460E-14      mt= 103
                     220500 to 210501  0.00000E+00      mt= 103
                     220500 to 220510  1.43919E-01      mt= 102
                     220500 to 200470  4.51392E-14      mt= 107
                     220500 tot-cap    1.43919E-01
                     230480 to 210440  0.00000E+00      mt=  22
                     230480 to 210441  0.00000E+00      mt=  22
                     230480 to 210460  0.00000E+00      mt= 106
                     230480 to 210450  1.19939E-10      mt= 107
                     230480 to 210451  1.09508E-10      mt= 107
                     230480 to 220470  5.84185E-12      mt=  28
                     230480 to 230490  3.58701E+00      mt= 102
                     230480 to 220480  9.78890E-07      mt= 103
                     230480 to 220460  0.00000E+00      mt= 105
                     230480 to 210470  0.00000E+00      mt= 111
                     230480 tot-cap    3.58702E+00
                     230490 to 210450  0.00000E+00      mt=  22
                     230490 to 210451  0.00000E+00      mt=  22
                     230490 to 210460  1.59249E-12      mt= 107
                     230490 to 210461  1.87134E-13      mt= 107
                     230490 to 220480  2.34030E-12      mt=  28
                     230490 to 230500  3.27347E+00      mt= 102
                     230490 to 220490  9.12377E-09      mt= 103
                     230490 tot-cap    3.27347E+00
                     230500 to 230490  1.41912E-14      mt=  16
                     230500 to 220490  4.38567E-15      mt=  28
                     230500 to 230510  3.20330E+01      mt= 102
                     230500 to 220500  3.15342E-04      mt= 103
                     230500 to 220480  0.00000E+00      mt= 105
                     230500 to 210470  1.00551E-10      mt= 107
                     230500 tot-cap    3.20333E+01
                     230510 to 220500  2.86661E-13      mt=  28
                     230510 to 230520  3.96157E+00      mt= 102
                     230510 to 220510  1.60811E-11      mt= 103
                     230510 to 210480  1.36447E-13      mt= 107
                     230510 tot-cap    3.96157E+00
                     240480 to 220440  0.00000E+00      mt=  22
                     240480 to 230470  9.69447E-13      mt=  28
                     240480 to 240490  6.35585E-01      mt= 102
                     240480 to 230480  6.36378E-07      mt= 103
                     240480 to 220460  0.00000E+00      mt= 106
                     240480 to 220450  1.27567E-10      mt= 107
                     240480 to 220470  2.43836E-12      mt= 111
                     240480 tot-cap    6.35585E-01
                     240500 to 220460  0.00000E+00      mt=  22
                     240500 to 240510  1.28546E+01      mt= 102
                     240500 to 230500  1.82085E-09      mt= 103
                     240500 to 220480  0.00000E+00      mt= 106
                     240500 to 220470  1.04133E-10      mt= 107
                     240500 to 220490  0.00000E+00      mt= 111
                     240500 tot-cap    1.28546E+01
                     240510 to 240500  6.93643E-15      mt=  16
                     240510 to 220470  0.00000E+00      mt=  22
                     240510 to 230500  1.31566E-14      mt=  28
                     240510 to 240520  8.01424E+00      mt= 102
                     240510 to 230510  6.37996E-08      mt= 103
                     240510 to 220490  0.00000E+00      mt= 106
                     240510 to 220480  1.14088E-10      mt= 107
                     240510 to 220500  0.00000E+00      mt= 111
                     240510 tot-cap    8.01424E+00
                     240520 to 220480  0.00000E+00      mt=  22
                     240520 to 240530  6.14796E-01      mt= 102
                     240520 to 230520  1.05072E-11      mt= 103
                     240520 to 230510  0.00000E+00      mt= 104
                     240520 to 220490  4.37389E-13      mt= 107
                     240520 tot-cap    6.14796E-01
                     240530 to 240520  4.56385E-12      mt=  16
                     240530 to 240540  1.46777E+01      mt= 102
                     240530 to 230530  5.26702E-12      mt= 103
                     240530 to 220500  1.40040E-10      mt= 107
                     240530 tot-cap    1.46777E+01
                     240540 to 240550  2.96360E-01      mt= 102
                     240540 to 230540  1.30026E-14      mt= 103
                     240540 to 220510  1.38255E-13      mt= 107
                     240540 tot-cap    2.96360E-01
                     250520 to 230480  0.00000E+00      mt=  22
                     250520 to 240510  5.55393E-12      mt=  28
                     250520 to 250530  4.83988E+01      mt= 102
                     250520 to 240520  7.37072E-07      mt= 103
                     250520 to 240500  0.00000E+00      mt= 105
                     250520 to 230500  0.00000E+00      mt= 106
                     250520 to 230490  1.53729E-10      mt= 107
                     250520 to 230510  4.96251E-14      mt= 111
                     250520 to 220480  0.00000E+00      mt= 112
                     250520 tot-cap    4.83988E+01
                     250530 to 230490  0.00000E+00      mt=  22
                     250530 to 240520  3.26055E-12      mt=  28
                     250530 to 250540  5.63733E+01      mt= 102
                     250530 to 240530  2.93947E-09      mt= 103
                     250530 to 230510  0.00000E+00      mt= 106
                     250530 to 230500  1.02143E-10      mt= 107
                     250530 tot-cap    5.63733E+01
                     250540 to 250530  2.41576E-13      mt=  16
                     250540 to 230500  0.00000E+00      mt=  22
                     250540 to 240530  1.39736E-14      mt=  28
                     250540 to 250550  8.05411E+00      mt= 102
                     250540 to 240540  1.23657E-10      mt= 103
                     250540 to 240520  0.00000E+00      mt= 105
                     250540 to 230510  1.01182E-10      mt= 107
                     250540 tot-cap    8.05411E+00
                     250550 to 240540  1.86796E-14      mt=  28
                     250550 to 250560  1.08023E+01      mt= 102
                     250550 to 240550  8.27785E-12      mt= 103
                     250550 to 230520  7.89185E-13      mt= 107
                     250550 tot-cap    1.08023E+01
                     260540 to 250530  8.41414E-15      mt=  28
                     260540 to 260550  1.81389E+00      mt= 102
                     260540 to 250540  3.45328E-09      mt= 103
                     260540 to 240520  0.00000E+00      mt= 106
                     260540 to 240510  8.05030E-06      mt= 107
                     260540 to 240530  0.00000E+00      mt= 111
                     260540 tot-cap    1.81390E+00
                     260550 to 260540  3.61067E-14      mt=  16
                     260550 to 240510  0.00000E+00      mt=  22
                     260550 to 260560  1.04697E+01      mt= 102
                     260550 to 250550  3.12289E-09      mt= 103
                     260550 to 250540  0.00000E+00      mt= 104
                     260550 to 240530  0.00000E+00      mt= 106
                     260550 to 240520  1.76438E-10      mt= 107
                     260550 to 240540  0.00000E+00      mt= 111
                     260550 tot-cap    1.04697E+01
                     260560 to 240520  0.00000E+00      mt=  22
                     260560 to 260570  2.08553E+00      mt= 102
                     260560 to 250560  1.10085E-11      mt= 103
                     260560 to 250550  0.00000E+00      mt= 104
                     260560 to 240530  1.02784E-10      mt= 107
                     260560 tot-cap    2.08553E+00
                     260570 to 260560  8.70631E-12      mt=  16
                     260570 to 260580  1.95419E+00      mt= 102
                     260570 to 250570  1.40188E-11      mt= 103
                     260570 to 250560  0.00000E+00      mt= 104
                     260570 to 240540  1.27559E-10      mt= 107
                     260570 tot-cap    1.95419E+00
                     260580 to 250580  3.50150E-14      mt= 103
                     260580 to 250581  8.20734E-15      mt= 103
                     260580 to 260590  9.27798E-01      mt= 102
                     260580 to 240550  3.66429E-13      mt= 107
                     260580 tot-cap    9.27798E-01
                     260590 to 260580  2.28800E-11      mt=  16
                     260590 to 240550  0.00000E+00      mt=  22
                     260590 to 260600  1.04697E+01      mt= 102
                     260590 to 250590  3.17306E-14      mt= 103
                     260590 to 240560  1.00057E-10      mt= 107
                     260590 tot-cap    1.04697E+01
                     260600 to 260590  1.29659E-12      mt=  16
                     260600 to 240560  0.00000E+00      mt=  22
                     260600 to 260610  5.92592E-01      mt= 102
                     260600 to 250600  0.00000E+00      mt= 103
                     260600 to 240570  0.00000E+00      mt= 107
                     260600 tot-cap    5.92592E-01
                     270550 to 250520  1.21039E-10      mt= 107
                     270550 to 250521  1.12869E-10      mt= 107
                     270550 to 250510  0.00000E+00      mt=  22
                     270550 to 260540  1.52087E-11      mt=  28
                     270550 to 270560  5.87002E+00      mt= 102
                     270550 to 260550  1.85555E-06      mt= 103
                     270550 to 250530  0.00000E+00      mt= 106
                     270550 to 250540  7.93264E-14      mt= 111
                     270550 to 240510  0.00000E+00      mt= 112
                     270550 tot-cap    5.87002E+00
                     270560 to 250520  0.00000E+00      mt=  22
                     270560 to 250521  0.00000E+00      mt=  22
                     270560 to 260550  1.26199E-11      mt=  28
                     270560 to 270570  6.92609E+00      mt= 102
                     270560 to 260560  7.24416E-07      mt= 103
                     270560 to 260540  0.00000E+00      mt= 105
                     270560 to 250540  0.00000E+00      mt= 106
                     270560 to 250530  1.08521E-09      mt= 107
                     270560 to 250550  3.16295E-14      mt= 111
                     270560 to 240520  0.00000E+00      mt= 112
                     270560 tot-cap    6.92610E+00
                     270570 to 270580  3.33551E+01      mt= 102
                     270570 to 270581  7.32831E+00      mt= 102
                     270570 to 250530  0.00000E+00      mt=  22
                     270570 to 260560  1.04897E-11      mt=  28
                     270570 to 260570  4.85344E-08      mt= 103
                     270570 to 260550  0.00000E+00      mt= 105
                     270570 to 250550  0.00000E+00      mt= 106
                     270570 to 250540  1.23353E-10      mt= 107
                     270570 tot-cap    4.06834E+01
                     270580 to 270570  7.64255E-13      mt=  16
                     270580 to 260570  8.39768E-13      mt=  28
                     270580 to 270590  1.38311E+02      mt= 102
                     270580 to 260580  1.42936E+03      mt= 103
                     270580 to 260560  0.00000E+00      mt= 105
                     270580 to 250550  1.29554E-10      mt= 107
                     270580 tot-cap    1.56767E+03
                     270581 to 270570  7.95041E-13      mt=  16
                     270581 to 250540  6.70840E-14      mt=  22
                     270581 to 260570  4.83221E-13      mt=  28
                     270581 to 270590  1.00422E+05      mt= 102
                     270581 to 260580  3.49995E+04      mt= 103
                     270581 to 260560  0.00000E+00      mt= 105
                     270581 to 250560  0.00000E+00      mt= 106
                     270581 to 250550  1.19700E-10      mt= 107
                     270581 tot-cap    1.35421E+05
                     270590 to 270600  1.33185E+01      mt= 102
                     270590 to 270601  1.66782E+01      mt= 102
                     270590 to 250550  0.00000E+00      mt=  22
                     270590 to 260580  1.46561E-13      mt=  28
                     270590 to 260590  2.92903E-11      mt= 103
                     270590 to 250560  1.01433E-10      mt= 107
                     270590 tot-cap    2.99967E+01
                     270600 to 270590  1.07940E-11      mt=  16
                     270600 to 250560  0.00000E+00      mt=  22
                     270600 to 260590  0.00000E+00      mt=  28
                     270600 to 270610  1.61093E+00      mt= 102
                     270600 to 260600  1.07614E-10      mt= 103
                     270600 to 260580  0.00000E+00      mt= 105
                     270600 to 250570  1.00191E-10      mt= 107
                     270600 tot-cap    1.61093E+00
                     280560 to 260520  0.00000E+00      mt=  22
                     280560 to 260530  1.38752E-10      mt= 107
                     280560 to 260531  5.28793E-15      mt= 107
                     280560 to 270550  1.36741E-12      mt=  28
                     280560 to 280570  4.04520E+00      mt= 102
                     280560 to 270560  5.37310E-07      mt= 103
                     280560 to 260540  0.00000E+00      mt= 106
                     280560 to 260550  1.20468E-11      mt= 111
                     280560 tot-cap    4.04520E+00
                     280570 to 260530  0.00000E+00      mt=  22
                     280570 to 270560  3.14867E-11      mt=  28
                     280570 to 280580  6.04774E+00      mt= 102
                     280570 to 270570  4.74145E-05      mt= 103
                     280570 to 260550  0.00000E+00      mt= 106
                     280570 to 260540  6.42547E-10      mt= 107
                     280570 to 260560  4.06832E-13      mt= 111
                     280570 to 250530  0.00000E+00      mt= 112
                     280570 tot-cap    6.04779E+00
                     280580 to 270580  3.36911E-09      mt= 103
                     280580 to 270581  3.78319E-09      mt= 103
                     280580 to 260540  0.00000E+00      mt=  22
                     280580 to 270570  2.39845E-14      mt=  28
                     280580 to 280590  3.72216E+00      mt= 102
                     280580 to 260560  0.00000E+00      mt= 106
                     280580 to 260550  2.41511E-05      mt= 107
                     280580 to 260570  0.00000E+00      mt= 111
                     280580 tot-cap    3.72218E+00
                     280590 to 270580  3.31112E-14      mt=  28
                     280590 to 270581  4.40337E-14      mt=  28
                     280590 to 280580  2.46022E-14      mt=  16
                     280590 to 260550  1.49455E-14      mt=  22
                     280590 to 280600  6.51329E+01      mt= 102
                     280590 to 270590  1.57635E+00      mt= 103
                     280590 to 270570  0.00000E+00      mt= 105
                     280590 to 260570  0.00000E+00      mt= 106
                     280590 to 260560  9.62537E+00      mt= 107
                     280590 to 260580  5.79677E-15      mt= 111
                     280590 tot-cap    7.63347E+01
                     280600 to 270600  9.15100E-12      mt= 103
                     280600 to 270601  1.88483E-11      mt= 103
                     280600 to 260560  0.00000E+00      mt=  22
                     280600 to 270590  8.09778E-15      mt=  28
                     280600 to 280610  2.35283E+00      mt= 102
                     280600 to 260570  1.16883E-10      mt= 107
                     280600 tot-cap    2.35283E+00
                     280610 to 270600  0.00000E+00      mt= 104
                     280610 to 270601  0.00000E+00      mt= 104
                     280610 to 280600  3.00624E-12      mt=  16
                     280610 to 260570  0.00000E+00      mt=  22
                     280610 to 280620  2.01269E+00      mt= 102
                     280610 to 270610  6.45300E-11      mt= 103
                     280610 to 270590  0.00000E+00      mt= 105
                     280610 to 260580  2.41509E-05      mt= 107
                     280610 tot-cap    2.01271E+00
                     280620 to 270620  1.16270E-13      mt= 103
                     280620 to 270621  5.84625E-14      mt= 103
                     280620 to 260580  0.00000E+00      mt=  22
                     280620 to 280630  1.14396E+01      mt= 102
                     280620 to 270610  0.00000E+00      mt= 104
                     280620 to 260590  9.18947E-13      mt= 107
                     280620 tot-cap    1.14396E+01
                     280630 to 270620  0.00000E+00      mt= 104
                     280630 to 270621  0.00000E+00      mt= 104
                     280630 to 280620  2.32249E-11      mt=  16
                     280630 to 260590  0.00000E+00      mt=  22
                     280630 to 280640  1.93359E+01      mt= 102
                     280630 to 270630  2.75707E-13      mt= 103
                     280630 to 270610  0.00000E+00      mt= 105
                     280630 to 260600  1.00237E-10      mt= 107
                     280630 tot-cap    1.93359E+01
                     280640 to 280630  2.06023E-14      mt=  16
                     280640 to 260600  0.00000E+00      mt=  22
                     280640 to 280650  1.19242E+00      mt= 102
                     280640 to 270640  0.00000E+00      mt= 103
                     280640 to 260610  1.13050E-13      mt= 107
                     280640 tot-cap    1.19242E+00
                     280660 to 280650  1.07430E-12      mt=  16
                     280660 to 280670  1.10815E+00      mt= 102
                     280660 to 270660  0.00000E+00      mt= 103
                     280660 to 260630  0.00000E+00      mt= 107
                     280660 tot-cap    1.10815E+00
                     290630 to 270600  1.04773E-10      mt= 107
                     290630 to 270601  1.01835E-10      mt= 107
                     290630 to 270590  0.00000E+00      mt=  22
                     290630 to 280620  2.20372E-12      mt=  28
                     290630 to 290640  3.59929E+00      mt= 102
                     290630 to 280630  3.86435E-05      mt= 103
                     290630 to 280610  0.00000E+00      mt= 105
                     290630 to 270610  0.00000E+00      mt= 106
                     290630 tot-cap    3.59933E+00
                     290640 to 270600  0.00000E+00      mt=  22
                     290640 to 270601  0.00000E+00      mt=  22
                     290640 to 290630  5.02577E-12      mt=  16
                     290640 to 280630  6.86325E-14      mt=  28
                     290640 to 290650  2.25349E+02      mt= 102
                     290640 to 280640  1.15495E-09      mt= 103
                     290640 to 280620  0.00000E+00      mt= 105
                     290640 to 270610  1.03144E-10      mt= 107
                     290640 tot-cap    2.25349E+02
                     290650 to 270620  6.80726E-14      mt= 107
                     290650 to 270621  8.27981E-14      mt= 107
                     290650 to 270610  0.00000E+00      mt=  22
                     290650 to 280640  1.61185E-13      mt=  28
                     290650 to 290660  1.73100E+00      mt= 102
                     290650 to 280650  1.11320E-11      mt= 103
                     290650 to 280630  0.00000E+00      mt= 105
                     290650 tot-cap    1.73100E+00
                     290670 to 290680  6.52359E+00      mt= 102
                     290670 to 290681  6.94643E-01      mt= 102
                     290670 to 290660  4.28283E-13      mt=  16
                     290670 to 270630  0.00000E+00      mt=  22
                     290670 to 280660  0.00000E+00      mt=  28
                     290670 to 280670  4.28378E-13      mt= 103
                     290670 to 280650  0.00000E+00      mt= 105
                     290670 to 270640  3.70349E-15      mt= 107
                     290670 tot-cap    7.21824E+00
                     300640 to 280600  3.85666E-13      mt=  22
                     300640 to 290630  1.46458E-12      mt=  28
                     300640 to 300650  6.15959E-01      mt= 102
                     300640 to 290640  1.82942E-09      mt= 103
                     300640 to 280620  0.00000E+00      mt= 106
                     300640 to 280610  8.85619E-06      mt= 107
                     300640 to 280630  0.00000E+00      mt= 111
                     300640 tot-cap    6.15967E-01
                     300650 to 300640  2.11248E-12      mt=  16
                     300650 to 280610  3.11994E-13      mt=  22
                     300650 to 290640  3.31071E-14      mt=  28
                     300650 to 300660  5.33337E+01      mt= 102
                     300650 to 290650  6.10421E-10      mt= 103
                     300650 to 290630  0.00000E+00      mt= 105
                     300650 to 280630  0.00000E+00      mt= 106
                     300650 to 280620  7.48508E-09      mt= 107
                     300650 to 280640  0.00000E+00      mt= 111
                     300650 tot-cap    5.33337E+01
                     300660 to 280620  0.00000E+00      mt=  22
                     300660 to 290650  0.00000E+00      mt=  28
                     300660 to 300670  6.88525E-01      mt= 102
                     300660 to 290660  1.53416E-11      mt= 103
                     300660 to 280640  0.00000E+00      mt= 106
                     300660 to 280630  1.61006E-05      mt= 107
                     300660 tot-cap    6.88541E-01
                     300670 to 300660  1.29694E-11      mt=  16
                     300670 to 280630  5.22684E-15      mt=  22
                     300670 to 290660  0.00000E+00      mt=  28
                     300670 to 300680  5.49580E+00      mt= 102
                     300670 to 290670  9.90186E-04      mt= 103
                     300670 to 290650  0.00000E+00      mt= 105
                     300670 to 280650  0.00000E+00      mt= 106
                     300670 to 280640  4.83030E-06      mt= 107
                     300670 tot-cap    5.49680E+00
                     300680 to 300690  7.39124E-01      mt= 102
                     300680 to 300691  6.71046E-02      mt= 102
                     300680 to 290680  9.93042E-14      mt= 103
                     300680 to 290681  5.97151E-14      mt= 103
                     300680 to 280640  4.56895E-14      mt=  22
                     300680 to 290670  0.00000E+00      mt= 104
                     300680 to 280650  1.11657E-10      mt= 107
                     300680 tot-cap    8.06228E-01
                     300691 to 290680  0.00000E+00      mt=  28
                     300691 to 290681  0.00000E+00      mt= 104
                     300691 to 300680  2.98116E-11      mt=  16
                     300691 to 280650  0.00000E+00      mt=  22
                     300691 to 300700  5.82671E+00      mt= 102
                     300691 to 290690  4.76148E-13      mt= 103
                     300691 to 290670  0.00000E+00      mt= 105
                     300691 to 280660  1.00422E-10      mt= 107
                     300691 tot-cap    5.82671E+00
                     300700 to 300710  6.72073E-02      mt= 102
                     300700 to 300711  6.67627E-03      mt= 102
                     300700 to 300690  2.11069E-13      mt=  16
                     300700 to 300691  1.56671E-14      mt=  16
                     300700 to 290700  0.00000E+00      mt= 103
                     300700 to 290701  0.00000E+00      mt= 103
                     300700 to 280660  0.00000E+00      mt=  22
                     300700 to 290690  0.00000E+00      mt= 104
                     300700 to 280670  7.20275E-14      mt= 107
                     300700 tot-cap    7.38835E-02
                     300720 to 300730  5.81171E-01      mt= 102
                     300720 to 300731  5.58380E-01      mt= 102
                     300720 to 300710  3.98847E-13      mt=  16
                     300720 to 300711  7.97060E-13      mt=  16
                     300720 to 280680  0.00000E+00      mt=  22
                     300720 to 290720  0.00000E+00      mt= 103
                     300720 to 280690  0.00000E+00      mt= 107
                     300720 tot-cap    1.13955E+00
                     310670 to 290630  6.34179E-13      mt=  22
                     310670 to 300660  2.41989E-11      mt=  28
                     310670 to 310680  8.70141E+00      mt= 102
                     310670 to 300670  1.79096E-08      mt= 103
                     310670 to 300650  0.00000E+00      mt= 105
                     310670 to 290650  0.00000E+00      mt= 106
                     310670 to 290640  3.61687E-10      mt= 107
                     310670 to 290660  0.00000E+00      mt= 111
                     310670 to 280630  0.00000E+00      mt= 112
                     310670 tot-cap    8.70141E+00
                     310690 to 300690  7.36777E-11      mt= 103
                     310690 to 300691  1.81621E-11      mt= 103
                     310690 to 290650  1.51187E-13      mt=  22
                     310690 to 300680  1.21781E-12      mt=  28
                     310690 to 310700  1.36006E+00      mt= 102
                     310690 to 300670  0.00000E+00      mt= 105
                     310690 to 290670  0.00000E+00      mt= 106
                     310690 to 290660  1.08181E-10      mt= 107
                     310690 tot-cap    1.36006E+00
                     310710 to 300710  9.06671E-13      mt= 103
                     310710 to 300711  5.81596E-13      mt= 103
                     310710 to 290680  1.00033E-10      mt= 107
                     310710 to 290681  1.00013E-10      mt= 107
                     310710 to 310700  2.23599E-13      mt=  16
                     310710 to 290670  1.48522E-14      mt=  22
                     310710 to 300700  3.59531E-15      mt=  28
                     310710 to 310720  3.80762E+00      mt= 102
                     310710 tot-cap    3.80762E+00
                     310720 to 290680  0.00000E+00      mt=  22
                     310720 to 290681  0.00000E+00      mt=  22
                     310720 to 300710  0.00000E+00      mt=  28
                     310720 to 300711  0.00000E+00      mt=  28
                     310720 to 310710  4.65291E-11      mt=  16
                     310720 to 310730  9.90809E+00      mt= 102
                     310720 to 300720  1.02993E-10      mt= 103
                     310720 to 300700  0.00000E+00      mt= 105
                     310720 to 290690  1.00094E-10      mt= 107
                     310720 tot-cap    9.90809E+00
                     320680 to 300640  5.26190E-12      mt=  22
                     320680 to 310670  3.03628E-12      mt=  28
                     320680 to 320690  4.43260E+00      mt= 102
                     320680 to 310680  4.24858E-09      mt= 103
                     320680 to 300660  0.00000E+00      mt= 106
                     320680 to 300650  1.42811E-09      mt= 107
                     320680 to 300670  0.00000E+00      mt= 111
                     320680 to 290640  0.00000E+00      mt= 112
                     320680 tot-cap    4.43260E+00
                     320690 to 320680  1.01057E-12      mt=  16
                     320690 to 300650  1.28789E-12      mt=  22
                     320690 to 310680  5.34681E-13      mt=  28
                     320690 to 320700  1.14384E+01      mt= 102
                     320690 to 310690  1.01131E-07      mt= 103
                     320690 to 310670  0.00000E+00      mt= 105
                     320690 to 300670  0.00000E+00      mt= 106
                     320690 to 300660  3.09307E-08      mt= 107
                     320690 to 300680  5.31889E-14      mt= 111
                     320690 to 290650  0.00000E+00      mt= 112
                     320690 tot-cap    1.14384E+01
                     320700 to 300660  8.15764E-13      mt=  22
                     320700 to 310690  2.05373E-13      mt=  28
                     320700 to 320710  2.60104E+00      mt= 102
                     320700 to 310700  4.50659E-11      mt= 103
                     320700 to 300680  0.00000E+00      mt= 106
                     320700 to 300670  1.20822E-10      mt= 107
                     320700 tot-cap    2.60104E+00
                     320710 to 300690  0.00000E+00      mt= 106
                     320710 to 320700  9.32229E-12      mt=  16
                     320710 to 300670  1.86796E-14      mt=  22
                     320710 to 310700  4.13967E-15      mt=  28
                     320710 to 320720  1.05155E+01      mt= 102
                     320710 to 310710  5.23873E-10      mt= 103
                     320710 to 310690  0.00000E+00      mt= 105
                     320710 to 300680  1.46868E-09      mt= 107
                     320710 to 300700  0.00000E+00      mt= 111
                     320710 tot-cap    1.05155E+01
                     320720 to 320730  3.94862E-01      mt= 102
                     320720 to 320731  3.94862E-01      mt= 102
                     320720 to 300690  1.00262E-10      mt= 107
                     320720 to 300691  1.00086E-10      mt= 107
                     320720 to 300680  6.17731E-14      mt=  22
                     320720 to 310710  1.06967E-14      mt=  28
                     320720 to 310720  4.30963E-12      mt= 103
                     320720 tot-cap    7.89723E-01
                     320730 to 300690  0.00000E+00      mt=  22
                     320730 to 300691  0.00000E+00      mt=  22
                     320730 to 320720  1.37774E-11      mt=  16
                     320730 to 320740  1.21179E+01      mt= 102
                     320730 to 310730  3.23608E-12      mt= 103
                     320730 to 310720  7.44009E-15      mt= 104
                     320730 to 310710  0.00000E+00      mt= 105
                     320730 to 300700  1.28530E-10      mt= 107
                     320730 tot-cap    1.21179E+01
                     320740 to 320750  2.25694E-01      mt= 102
                     320740 to 320751  1.12678E-01      mt= 102
                     320740 to 310740  1.88021E-13      mt= 103
                     320740 to 310741  8.43014E-14      mt= 103
                     320740 to 300710  7.35588E-13      mt= 107
                     320740 to 300711  7.33345E-13      mt= 107
                     320740 to 300700  0.00000E+00      mt=  22
                     320740 to 310730  0.00000E+00      mt= 104
                     320740 tot-cap    3.38372E-01
                     320760 to 320770  4.57864E-02      mt= 102
                     320760 to 320771  6.86796E-02      mt= 102
                     320760 to 320750  6.08009E-14      mt=  16
                     320760 to 320751  8.23649E-14      mt=  16
                     320760 to 300730  1.99265E-14      mt= 107
                     320760 to 300731  3.60043E-14      mt= 107
                     320760 to 300720  0.00000E+00      mt=  22
                     320760 to 310760  2.38746E-14      mt= 103
                     320760 to 310750  0.00000E+00      mt= 104
                     320760 tot-cap    1.14466E-01
                     320770 to 300730  0.00000E+00      mt=  22
                     320770 to 300731  0.00000E+00      mt=  22
                     320770 to 320760  5.71609E-11      mt=  16
                     320770 to 320780  4.45622E+00      mt= 102
                     320770 to 310770  0.00000E+00      mt= 103
                     320770 to 300740  1.00002E-10      mt= 107
                     320770 tot-cap    4.45622E+00
                     330710 to 310670  2.24110E-13      mt=  22
                     330710 to 320700  3.33785E-11      mt=  28
                     330710 to 330720  1.15703E+01      mt= 102
                     330710 to 320710  1.45188E-07      mt= 103
                     330710 to 320690  0.00000E+00      mt= 105
                     330710 to 310690  0.00000E+00      mt= 106
                     330710 to 310680  2.82107E-10      mt= 107
                     330710 to 310700  0.00000E+00      mt= 111
                     330710 tot-cap    1.15703E+01
                     330720 to 330710  1.19838E-12      mt=  16
                     330720 to 310680  6.95350E-14      mt=  22
                     330720 to 320710  1.61764E-11      mt=  28
                     330720 to 330730  2.04233E+01      mt= 102
                     330720 to 320720  7.68586E-09      mt= 103
                     330720 to 320700  0.00000E+00      mt= 105
                     330720 to 310700  0.00000E+00      mt= 106
                     330720 to 310690  2.00604E-09      mt= 107
                     330720 to 310710  0.00000E+00      mt= 111
                     330720 tot-cap    2.04233E+01
                     330730 to 320730  4.18888E-10      mt= 103
                     330730 to 320731  1.41762E-10      mt= 103
                     330730 to 310690  1.31099E-13      mt=  22
                     330730 to 320720  7.26911E-12      mt=  28
                     330730 to 330740  1.20044E+01      mt= 102
                     330730 to 320710  0.00000E+00      mt= 105
                     330730 to 310710  0.00000E+00      mt= 106
                     330730 to 310700  1.01843E-10      mt= 107
                     330730 tot-cap    1.20044E+01
                     330740 to 320730  1.71667E-13      mt=  28
                     330740 to 320731  8.72462E-15      mt=  28
                     330740 to 330730  5.01724E-12      mt=  16
                     330740 to 310700  0.00000E+00      mt=  22
                     330740 to 330750  1.61291E+01      mt= 102
                     330740 to 320740  6.88829E-10      mt= 103
                     330740 to 320720  0.00000E+00      mt= 105
                     330740 to 310720  0.00000E+00      mt= 106
                     330740 to 310710  1.25488E-10      mt= 107
                     330740 to 310730  0.00000E+00      mt= 111
                     330740 tot-cap    1.61291E+01
                     330750 to 320750  2.69642E-11      mt= 103
                     330750 to 320751  7.59847E-12      mt= 103
                     330750 to 320730  0.00000E+00      mt= 105
                     330750 to 320731  0.00000E+00      mt= 105
                     330750 to 310710  0.00000E+00      mt=  22
                     330750 to 320740  7.10252E-13      mt=  28
                     330750 to 330760  3.75947E+00      mt= 102
                     330750 to 310720  1.06992E-10      mt= 107
                     330750 tot-cap    3.75947E+00
                     330760 to 320750  0.00000E+00      mt=  28
                     330760 to 320751  0.00000E+00      mt=  28
                     330760 to 330750  1.81908E-11      mt=  16
                     330760 to 310720  0.00000E+00      mt=  22
                     330760 to 330770  1.68108E+01      mt= 102
                     330760 to 320760  3.27948E-10      mt= 103
                     330760 to 320740  0.00000E+00      mt= 105
                     330760 to 310730  1.00150E-10      mt= 107
                     330760 tot-cap    1.68108E+01
                     330770 to 320770  3.02467E-13      mt= 103
                     330770 to 320771  1.29849E-13      mt= 103
                     330770 to 310740  9.05341E-15      mt= 107
                     330770 to 310741  0.00000E+00      mt= 107
                     330770 to 330760  1.60001E-14      mt=  16
                     330770 to 310730  0.00000E+00      mt=  22
                     330770 to 320760  0.00000E+00      mt=  28
                     330770 to 330780  8.78964E+00      mt= 102
                     330770 tot-cap    8.78964E+00
                     340720 to 340730  1.76034E+00      mt= 102
                     340720 to 340731  4.10739E+00      mt= 102
                     340720 to 320680  1.83008E-12      mt=  22
                     340720 to 330710  4.29615E-12      mt=  28
                     340720 to 330720  6.74724E-09      mt= 103
                     340720 to 320700  0.00000E+00      mt= 106
                     340720 to 320690  6.77464E-10      mt= 107
                     340720 to 320710  2.18735E-14      mt= 111
                     340720 tot-cap    5.86772E+00
                     340730 to 340720  2.89416E-13      mt=  16
                     340730 to 320690  6.05125E-13      mt=  22
                     340730 to 330720  3.64853E-13      mt=  28
                     340730 to 340740  1.83701E+01      mt= 102
                     340730 to 330730  1.45946E-08      mt= 103
                     340730 to 330710  0.00000E+00      mt= 105
                     340730 to 320710  0.00000E+00      mt= 106
                     340730 to 320700  4.44868E-09      mt= 107
                     340730 to 320720  3.82818E-13      mt= 111
                     340730 tot-cap    1.83701E+01
                     340740 to 320730  0.00000E+00      mt= 111
                     340740 to 320731  0.00000E+00      mt= 111
                     340740 to 320700  3.09796E-13      mt=  22
                     340740 to 330730  3.81978E-13      mt=  28
                     340740 to 340750  4.27379E+01      mt= 102
                     340740 to 330740  1.65040E-10      mt= 103
                     340740 to 320720  0.00000E+00      mt= 106
                     340740 to 320710  1.48768E-10      mt= 107
                     340740 tot-cap    4.27379E+01
                     340750 to 320730  0.00000E+00      mt= 106
                     340750 to 340740  2.23619E-12      mt=  16
                     340750 to 320710  5.33193E-15      mt=  22
                     340750 to 330740  4.55155E-15      mt=  28
                     340750 to 340760  2.67487E+02      mt= 102
                     340750 to 330750  2.16977E-09      mt= 103
                     340750 to 330730  0.00000E+00      mt= 105
                     340750 to 320720  4.50526E-10      mt= 107
                     340750 to 320740  0.00000E+00      mt= 111
                     340750 tot-cap    2.67487E+02
                     340760 to 340770  5.07561E+01      mt= 102
                     340760 to 340771  1.77407E+01      mt= 102
                     340760 to 320730  1.04963E-10      mt= 107
                     340760 to 320731  1.01567E-10      mt= 107
                     340760 to 320720  1.10489E-14      mt=  22
                     340760 to 330750  1.43953E-14      mt=  28
                     340760 to 330760  2.10597E-12      mt= 103
                     340760 to 320740  0.00000E+00      mt= 106
                     340760 tot-cap    6.84967E+01
                     340770 to 320730  0.00000E+00      mt=  22
                     340770 to 320731  0.00000E+00      mt=  22
                     340770 to 320750  0.00000E+00      mt= 106
                     340770 to 320751  0.00000E+00      mt= 106
                     340770 to 340760  9.22476E-12      mt=  16
                     340770 to 330760  1.05336E-14      mt=  28
                     340770 to 340780  3.38481E+01      mt= 102
                     340770 to 330770  4.20339E-10      mt= 103
                     340770 to 330750  0.00000E+00      mt= 105
                     340770 to 320740  7.80879E-04      mt= 107
                     340770 to 320760  0.00000E+00      mt= 111
                     340770 tot-cap    3.38489E+01
                     340780 to 340790  3.74008E-02      mt= 102
                     340780 to 340791  2.85020E-01      mt= 102
                     340780 to 320750  1.36015E-10      mt= 107
                     340780 to 320751  1.36014E-10      mt= 107
                     340780 to 320740  0.00000E+00      mt=  22
                     340780 to 330780  1.03134E-13      mt= 103
                     340780 to 330770  3.74345E-15      mt= 104
                     340780 tot-cap    3.22421E-01
                     340790 to 320750  0.00000E+00      mt=  22
                     340790 to 320751  0.00000E+00      mt=  22
                     340790 to 340780  1.59997E-11      mt=  16
                     340790 to 340800  8.86218E+00      mt= 102
                     340790 to 330790  5.17239E-13      mt= 103
                     340790 to 330780  0.00000E+00      mt= 104
                     340790 to 330770  0.00000E+00      mt= 105
                     340790 to 320760  1.00070E-10      mt= 107
                     340790 tot-cap    8.86218E+00
                     340800 to 340810  4.16865E-01      mt= 102
                     340800 to 340811  7.47211E-02      mt= 102
                     340800 to 320770  2.69463E-13      mt= 107
                     340800 to 320771  1.24630E-13      mt= 107
                     340800 to 320760  0.00000E+00      mt=  22
                     340800 to 330800  2.61280E-13      mt= 103
                     340800 to 330790  0.00000E+00      mt= 104
                     340800 tot-cap    4.91586E-01
                     340820 to 340830  4.67793E-03      mt= 102
                     340820 to 340831  3.15851E-02      mt= 102
                     340820 to 340810  1.53542E-13      mt=  16
                     340820 to 340811  1.63888E-13      mt=  16
                     340820 to 330820  4.97616E-15      mt= 103
                     340820 to 330821  4.91013E-15      mt= 103
                     340820 to 320790  7.51505E-15      mt= 107
                     340820 to 320791  1.38621E-14      mt= 107
                     340820 to 320780  0.00000E+00      mt=  22
                     340820 tot-cap    3.62630E-02
                     350760 to 350770  1.63727E+01      mt= 102
                     350760 to 350771  5.45865E+00      mt= 102
                     350760 to 350750  6.07149E-14      mt=  16
                     350760 to 330720  0.00000E+00      mt=  22
                     350760 to 340750  2.49769E-11      mt=  28
                     350760 to 340760  2.16087E+02      mt= 103
                     350760 to 340740  0.00000E+00      mt= 105
                     350760 to 330740  0.00000E+00      mt= 106
                     350760 to 330730  9.44377E-10      mt= 107
                     350760 to 330750  0.00000E+00      mt= 111
                     350760 tot-cap    2.37919E+02
                     350770 to 340770  3.51271E-09      mt= 103
                     350770 to 340771  3.67905E-09      mt= 103
                     350770 to 330730  5.89676E-15      mt=  22
                     350770 to 340760  1.24276E-11      mt=  28
                     350770 to 350780  1.61896E+01      mt= 102
                     350770 to 340750  0.00000E+00      mt= 105
                     350770 to 330750  0.00000E+00      mt= 106
                     350770 to 330740  1.01361E-10      mt= 107
                     350770 to 330760  0.00000E+00      mt= 111
                     350770 tot-cap    1.61896E+01
                     350790 to 350800  7.10488E+00      mt= 102
                     350790 to 350801  2.13425E+00      mt= 102
                     350790 to 340790  7.21090E-10      mt= 103
                     350790 to 340791  2.96134E-10      mt= 103
                     350790 to 340770  0.00000E+00      mt= 105
                     350790 to 340771  0.00000E+00      mt= 105
                     350790 to 330750  0.00000E+00      mt=  22
                     350790 to 340780  1.72170E-12      mt=  28
                     350790 to 330770  0.00000E+00      mt= 106
                     350790 to 330760  1.11532E-10      mt= 107
                     350790 tot-cap    9.23912E+00
                     350810 to 350820  2.05584E-01      mt= 102
                     350810 to 350821  2.05358E+00      mt= 102
                     350810 to 340810  1.42358E-10      mt= 103
                     350810 to 340811  8.20315E-11      mt= 103
                     350810 to 340790  0.00000E+00      mt= 105
                     350810 to 340791  0.00000E+00      mt= 105
                     350810 to 330770  0.00000E+00      mt=  22
                     350810 to 340800  7.42892E-14      mt=  28
                     350810 to 330780  1.00007E-10      mt= 107
                     350810 tot-cap    2.25916E+00
                     350820 to 340810  0.00000E+00      mt=  28
                     350820 to 340811  0.00000E+00      mt=  28
                     350820 to 350810  8.23599E-12      mt=  16
                     350820 to 330780  0.00000E+00      mt=  22
                     350820 to 350830  1.36964E+01      mt= 102
                     350820 to 340820  1.02548E-10      mt= 103
                     350820 to 340800  0.00000E+00      mt= 105
                     350820 to 330790  1.00009E-10      mt= 107
                     350820 tot-cap    1.36964E+01
                     360760 to 350760  4.01227E-08      mt= 103
                     360760 to 350761  6.87582E-09      mt= 103
                     360760 to 340730  2.50449E-10      mt= 107
                     360760 to 340731  2.07482E-10      mt= 107
                     360760 to 340720  2.68663E-13      mt=  22
                     360760 to 350750  4.70442E-12      mt=  28
                     360760 to 360770  1.28357E+00      mt= 102
                     360760 to 340740  0.00000E+00      mt= 106
                     360760 to 340750  2.85491E-13      mt= 111
                     360760 tot-cap    1.28357E+00
                     360780 to 360790  3.80332E+00      mt= 102
                     360780 to 360791  1.09561E-01      mt= 102
                     360780 to 350770  5.43479E-13      mt=  28
                     360780 to 350771  2.08544E-13      mt=  28
                     360780 to 340770  0.00000E+00      mt= 111
                     360780 to 340771  0.00000E+00      mt= 111
                     360780 to 340740  1.01074E-13      mt=  22
                     360780 to 350780  7.89109E-10      mt= 103
                     360780 to 340760  0.00000E+00      mt= 106
                     360780 to 340750  1.89018E-10      mt= 107
                     360780 tot-cap    3.91288E+00
                     360790 to 350790  3.12154E-08      mt= 103
                     360790 to 350791  7.17420E-10      mt= 103
                     360790 to 350771  0.00000E+00      mt= 105
                     360790 to 340770  0.00000E+00      mt= 106
                     360790 to 340771  0.00000E+00      mt= 106
                     360790 to 360780  1.62380E-12      mt=  16
                     360790 to 340750  3.76384E-15      mt=  22
                     360790 to 350780  9.30021E-15      mt=  28
                     360790 to 360800  2.14674E+01      mt= 102
                     360790 to 340760  9.60222E-10      mt= 107
                     360790 to 340780  0.00000E+00      mt= 111
                     360790 tot-cap    2.14674E+01
                     360800 to 360810  5.72547E+00      mt= 102
                     360800 to 360811  3.76950E+00      mt= 102
                     360800 to 350790  8.27886E-15      mt=  28
                     360800 to 350791  3.24615E-15      mt=  28
                     360800 to 350800  1.47228E-11      mt= 103
                     360800 to 350801  1.66840E-11      mt= 103
                     360800 to 340770  1.00466E-10      mt= 107
                     360800 to 340771  1.00946E-10      mt= 107
                     360800 to 340790  0.00000E+00      mt= 111
                     360800 to 340760  1.70138E-14      mt=  22
                     360800 to 340780  0.00000E+00      mt= 106
                     360800 tot-cap    9.49497E+00
                     360810 to 340770  0.00000E+00      mt=  22
                     360810 to 340771  0.00000E+00      mt=  22
                     360810 to 350800  0.00000E+00      mt=  28
                     360810 to 350801  0.00000E+00      mt=  28
                     360810 to 360800  3.29729E-12      mt=  16
                     360810 to 360820  1.63223E+01      mt= 102
                     360810 to 350810  2.45615E-10      mt= 103
                     360810 to 340780  1.04181E-10      mt= 107
                     360810 to 340800  0.00000E+00      mt= 111
                     360810 tot-cap    1.63223E+01
                     360820 to 360830  5.79090E+00      mt= 102
                     360820 to 360831  1.15992E+01      mt= 102
                     360820 to 350820  4.18904E-13      mt= 103
                     360820 to 350821  3.86681E-13      mt= 103
                     360820 to 340790  1.00036E-10      mt= 107
                     360820 to 340791  1.00011E-10      mt= 107
                     360820 to 340780  0.00000E+00      mt=  22
                     360820 to 350810  0.00000E+00      mt= 104
                     360820 tot-cap    1.73901E+01
                     360830 to 340790  0.00000E+00      mt=  22
                     360830 to 340791  0.00000E+00      mt=  22
                     360830 to 350820  0.00000E+00      mt=  28
                     360830 to 350821  0.00000E+00      mt=  28
                     360830 to 360820  3.29029E-11      mt=  16
                     360830 to 360840  1.63992E+02      mt= 102
                     360830 to 350830  9.98422E-12      mt= 103
                     360830 to 350810  0.00000E+00      mt= 105
                     360830 to 340800  1.01552E-10      mt= 107
                     360830 tot-cap    1.63992E+02
                     360840 to 360850  1.21673E-02      mt= 102
                     360840 to 360851  5.46860E-02      mt= 102
                     360840 to 350840  1.94224E-14      mt= 103
                     360840 to 350841  2.10409E-14      mt= 103
                     360840 to 340810  2.84464E-14      mt= 107
                     360840 to 340811  6.06352E-13      mt= 107
                     360840 to 340800  0.00000E+00      mt=  22
                     360840 tot-cap    6.68533E-02
                     360850 to 340810  0.00000E+00      mt=  22
                     360850 to 340811  0.00000E+00      mt=  22
                     360850 to 350840  0.00000E+00      mt= 104
                     360850 to 350841  0.00000E+00      mt= 104
                     360850 to 360840  9.05007E-12      mt=  16
                     360850 to 360860  1.33767E+00      mt= 102
                     360850 to 350850  1.31482E-12      mt= 103
                     360850 to 350830  0.00000E+00      mt= 105
                     360850 to 340820  1.01912E-10      mt= 107
                     360850 tot-cap    1.33767E+00
                     360860 to 360850  0.00000E+00      mt=  16
                     360860 to 340830  4.02734E-14      mt= 107
                     360860 to 340831  3.26181E-14      mt= 107
                     360860 to 340820  0.00000E+00      mt=  22
                     360860 to 360870  2.41476E-03      mt= 102
                     360860 to 350860  1.01421E-14      mt= 103
                     360860 to 350850  0.00000E+00      mt= 104
                     360860 tot-cap    2.41476E-03
                     370830 to 370840  1.96940E+01      mt= 102
                     370830 to 370841  2.09753E+00      mt= 102
                     370830 to 350790  0.00000E+00      mt=  22
                     370830 to 350791  0.00000E+00      mt=  22
                     370830 to 360830  1.09386E-09      mt= 103
                     370830 to 360831  2.46196E-10      mt= 103
                     370830 to 360810  0.00000E+00      mt= 105
                     370830 to 350800  1.00143E-10      mt= 107
                     370830 to 350801  1.00081E-10      mt= 107
                     370830 to 350820  0.00000E+00      mt= 111
                     370830 to 350821  0.00000E+00      mt= 111
                     370830 to 360820  1.61413E-12      mt=  28
                     370830 to 350810  0.00000E+00      mt= 106
                     370830 tot-cap    2.17915E+01
                     370840 to 350800  0.00000E+00      mt=  22
                     370840 to 350801  0.00000E+00      mt=  22
                     370840 to 360830  3.87794E-14      mt=  28
                     370840 to 360831  3.89682E-15      mt=  28
                     370840 to 350820  0.00000E+00      mt= 106
                     370840 to 350821  0.00000E+00      mt= 106
                     370840 to 370830  2.25557E-12      mt=  16
                     370840 to 370850  2.10889E+01      mt= 102
                     370840 to 360840  1.12698E+01      mt= 103
                     370840 to 360820  0.00000E+00      mt= 105
                     370840 to 350810  1.00617E-10      mt= 107
                     370840 tot-cap    3.23587E+01
                     370850 to 370860  3.37899E-01      mt= 102
                     370850 to 370861  4.60771E-02      mt= 102
                     370850 to 360850  3.05026E-10      mt= 103
                     370850 to 360851  6.97087E-11      mt= 103
                     370850 to 360830  0.00000E+00      mt= 105
                     370850 to 360831  0.00000E+00      mt= 105
                     370850 to 350820  1.00002E-10      mt= 107
                     370850 to 350821  1.00003E-10      mt= 107
                     370850 to 350810  4.25798E-15      mt=  22
                     370850 to 360840  6.88748E-13      mt=  28
                     370850 tot-cap    3.83976E-01
                     370860 to 350820  0.00000E+00      mt=  22
                     370860 to 350821  0.00000E+00      mt=  22
                     370860 to 360850  8.87679E-15      mt=  28
                     370860 to 360851  0.00000E+00      mt=  28
                     370860 to 370850  2.28252E-12      mt=  16
                     370860 to 370870  1.61629E+01      mt= 102
                     370860 to 360860  2.33487E-10      mt= 103
                     370860 to 360840  0.00000E+00      mt= 105
                     370860 to 350830  1.02726E-10      mt= 107
                     370860 tot-cap    1.61629E+01
                     370870 to 350840  1.82626E-13      mt= 107
                     370870 to 350841  3.75493E-14      mt= 107
                     370870 to 350830  0.00000E+00      mt=  22
                     370870 to 360860  8.26342E-15      mt=  28
                     370870 to 370880  9.67600E-02      mt= 102
                     370870 to 360870  8.33676E-13      mt= 103
                     370870 tot-cap    9.67600E-02
                     380820 to 380830  6.06541E+00      mt= 102
                     380820 to 380831  6.06541E+00      mt= 102
                     380820 to 370810  8.04942E-13      mt=  28
                     380820 to 370811  3.55094E-13      mt=  28
                     380820 to 370820  2.96522E-10      mt= 103
                     380820 to 370821  3.12912E-10      mt= 103
                     380820 to 360790  1.08111E-10      mt= 107
                     380820 to 360791  1.04898E-10      mt= 107
                     380820 to 360810  3.89362E-15      mt= 111
                     380820 to 360811  0.00000E+00      mt= 111
                     380820 to 360780  4.68152E-14      mt=  22
                     380820 to 360800  0.00000E+00      mt= 106
                     380820 tot-cap    1.21308E+01
                     380830 to 360790  0.00000E+00      mt=  22
                     380830 to 360791  0.00000E+00      mt=  22
                     380830 to 370820  2.31315E-14      mt=  28
                     380830 to 370821  5.68055E-14      mt=  28
                     380830 to 370810  0.00000E+00      mt= 105
                     380830 to 360810  0.00000E+00      mt= 106
                     380830 to 360811  0.00000E+00      mt= 106
                     380830 to 380820  1.99255E-13      mt=  16
                     380830 to 380840  2.72208E+01      mt= 102
                     380830 to 370830  8.11825E-08      mt= 103
                     380830 to 360800  6.74382E-10      mt= 107
                     380830 to 360820  2.99155E-14      mt= 111
                     380830 tot-cap    2.72208E+01
                     380840 to 380850  1.63711E-01      mt= 102
                     380840 to 380851  4.91134E-01      mt= 102
                     380840 to 370840  2.56472E-10      mt= 103
                     380840 to 370841  1.88258E-10      mt= 103
                     380840 to 360810  1.12624E-10      mt= 107
                     380840 to 360811  1.03987E-10      mt= 107
                     380840 to 360830  0.00000E+00      mt= 111
                     380840 to 360831  0.00000E+00      mt= 111
                     380840 to 360800  3.98320E-15      mt=  22
                     380840 to 370830  1.11106E-13      mt=  28
                     380840 to 360820  0.00000E+00      mt= 106
                     380840 tot-cap    6.54845E-01
                     380850 to 360810  0.00000E+00      mt=  22
                     380850 to 360811  0.00000E+00      mt=  22
                     380850 to 370840  0.00000E+00      mt=  28
                     380850 to 370841  0.00000E+00      mt=  28
                     380850 to 360830  0.00000E+00      mt= 106
                     380850 to 380840  4.65750E-13      mt=  16
                     380850 to 380860  1.83080E+01      mt= 102
                     380850 to 370850  8.60366E-10      mt= 103
                     380850 to 370830  0.00000E+00      mt= 105
                     380850 to 360820  1.02685E-10      mt= 107
                     380850 to 360840  0.00000E+00      mt= 111
                     380850 tot-cap    1.83080E+01
                     380860 to 380870  1.65972E-01      mt= 102
                     380860 to 380871  6.72271E-01      mt= 102
                     380860 to 370860  1.74839E-11      mt= 103
                     380860 to 370861  6.97937E-13      mt= 103
                     380860 to 360830  1.04045E-10      mt= 107
                     380860 to 360831  1.01277E-10      mt= 107
                     380860 to 360820  0.00000E+00      mt=  22
                     380860 to 370850  7.27366E-15      mt=  28
                     380860 to 360840  0.00000E+00      mt= 106
                     380860 tot-cap    8.38243E-01
                     380870 to 360830  0.00000E+00      mt=  22
                     380870 to 360831  0.00000E+00      mt=  22
                     380870 to 370860  4.20892E-15      mt=  28
                     380870 to 370861  0.00000E+00      mt= 104
                     380870 to 380860  7.33533E-13      mt=  16
                     380870 to 380880  1.49183E+01      mt= 102
                     380870 to 370870  2.13613E-10      mt= 103
                     380870 to 370850  0.00000E+00      mt= 105
                     380870 to 360840  1.06971E-10      mt= 107
                     380870 tot-cap    1.49183E+01
                     380880 to 360850  3.54422E-13      mt= 107
                     380880 to 360851  1.00471E-13      mt= 107
                     380880 to 360840  0.00000E+00      mt=  22
                     380880 to 380890  4.67307E-03      mt= 102
                     380880 to 370880  3.80266E-14      mt= 103
                     380880 to 370870  0.00000E+00      mt= 104
                     380880 tot-cap    4.67307E-03
                     380890 to 360850  0.00000E+00      mt=  22
                     380890 to 360851  0.00000E+00      mt=  22
                     380890 to 380880  4.62155E-11      mt=  16
                     380890 to 380900  3.38435E-01      mt= 102
                     380890 to 370890  2.81033E-13      mt= 103
                     380890 to 370880  0.00000E+00      mt= 104
                     380890 to 370870  0.00000E+00      mt= 105
                     380890 to 360860  1.01065E-10      mt= 107
                     380890 tot-cap    3.38435E-01
                     380900 to 370900  1.20172E-14      mt= 103
                     380900 to 370901  2.01787E-14      mt= 103
                     380900 to 380890  1.61180E-11      mt=  16
                     380900 to 360860  0.00000E+00      mt=  22
                     380900 to 380910  7.81431E-03      mt= 102
                     380900 to 370890  0.00000E+00      mt= 104
                     380900 to 360870  1.00343E-10      mt= 107
                     380900 tot-cap    7.81431E-03
                     390860 to 390870  5.79958E+01      mt= 102
                     390860 to 390871  1.93557E+01      mt= 102
                     390860 to 390850  1.54628E-14      mt=  16
                     390860 to 390851  6.83593E-14      mt=  16
                     390860 to 370820  0.00000E+00      mt=  22
                     390860 to 370821  0.00000E+00      mt=  22
                     390860 to 380850  9.24112E-12      mt=  28
                     390860 to 380851  5.87384E-13      mt=  28
                     390860 to 370840  0.00000E+00      mt= 106
                     390860 to 370841  0.00000E+00      mt= 106
                     390860 to 380860  6.61730E-08      mt= 103
                     390860 to 380840  0.00000E+00      mt= 105
                     390860 to 370830  1.23055E-10      mt= 107
                     390860 to 370850  0.00000E+00      mt= 111
                     390860 tot-cap    7.73514E+01
                     390870 to 380870  3.01127E-09      mt= 103
                     390870 to 380871  5.43851E-09      mt= 103
                     390870 to 380850  0.00000E+00      mt= 105
                     390870 to 370840  1.00077E-10      mt= 107
                     390870 to 370841  1.00013E-10      mt= 107
                     390870 to 370860  0.00000E+00      mt= 111
                     390870 to 370830  0.00000E+00      mt=  22
                     390870 to 380860  4.75975E-12      mt=  28
                     390870 to 390880  1.48405E+01      mt= 102
                     390870 to 370850  0.00000E+00      mt= 106
                     390870 tot-cap    1.48405E+01
                     390871 to 380870  1.91677E+00      mt= 103
                     390871 to 380871  1.14366E-02      mt= 103
                     390871 to 370840  1.47368E-13      mt= 107
                     390871 to 370841  1.39322E-13      mt= 107
                     390871 to 390880  1.20305E+01      mt= 102
                     390871 to 380860  0.00000E+00      mt= 104
                     390871 tot-cap    1.39587E+01
                     390880 to 390890  7.58053E+00      mt= 102
                     390880 to 390891  2.52720E+00      mt= 102
                     390880 to 390870  3.97332E-14      mt=  16
                     390880 to 390871  1.09970E-14      mt=  16
                     390880 to 370840  0.00000E+00      mt=  22
                     390880 to 370841  0.00000E+00      mt=  22
                     390880 to 380870  5.06041E-13      mt=  28
                     390880 to 380871  9.18028E-15      mt=  28
                     390880 to 380880  6.10930E-10      mt= 103
                     390880 to 380860  0.00000E+00      mt= 105
                     390880 to 370850  1.00348E-10      mt= 107
                     390880 to 370870  0.00000E+00      mt= 111
                     390880 tot-cap    1.01077E+01
                     390890 to 390900  1.03531E+00      mt= 102
                     390890 to 390901  1.03639E-03      mt= 102
                     390890 to 370860  1.00017E-10      mt= 107
                     390890 to 370861  1.00004E-10      mt= 107
                     390890 to 380880  1.97786E-13      mt=  28
                     390890 to 380890  4.50052E-12      mt= 103
                     390890 tot-cap    1.03635E+00
                     390900 to 390910  4.23076E+00      mt= 102
                     390900 to 390911  1.41025E+00      mt= 102
                     390900 to 390890  2.06010E-11      mt=  16
                     390900 to 390891  1.03567E-11      mt=  16
                     390900 to 370860  0.00000E+00      mt=  22
                     390900 to 370861  0.00000E+00      mt=  22
                     390900 to 380890  2.73258E-14      mt=  28
                     390900 to 380900  1.01784E-10      mt= 103
                     390900 to 380880  0.00000E+00      mt= 105
                     390900 to 370870  1.02890E-10      mt= 107
                     390900 tot-cap    5.64101E+00
                     390910 to 390900  1.20708E-11      mt=  16
                     390910 to 390901  1.05322E-12      mt=  16
                     390910 to 370870  0.00000E+00      mt=  22
                     390910 to 380900  1.44819E-14      mt=  28
                     390910 to 390920  1.12818E+00      mt= 102
                     390910 to 380910  2.87554E-13      mt= 103
                     390910 to 380890  0.00000E+00      mt= 105
                     390910 to 370880  1.01043E-10      mt= 107
                     390910 tot-cap    1.12818E+00
                     400860 to 400870  8.47335E-01      mt= 102
                     400860 to 400871  7.21804E-01      mt= 102
                     400860 to 390850  5.08297E-13      mt=  28
                     400860 to 390851  1.01288E-12      mt=  28
                     400860 to 390860  1.37605E-08      mt= 103
                     400860 to 390861  1.19897E-10      mt= 103
                     400860 to 380830  1.13971E-10      mt= 107
                     400860 to 380831  1.04435E-10      mt= 107
                     400860 to 380850  4.44320E-14      mt= 111
                     400860 to 380851  4.97800E-15      mt= 111
                     400860 to 380820  1.44005E-14      mt=  22
                     400860 to 380840  0.00000E+00      mt= 106
                     400860 tot-cap    1.56914E+00
                     400880 to 400890  4.47369E+00      mt= 102
                     400880 to 400891  4.47369E+00      mt= 102
                     400880 to 390870  1.04902E-13      mt=  28
                     400880 to 390871  4.56506E-14      mt=  28
                     400880 to 380850  1.00622E-10      mt= 107
                     400880 to 380851  1.00157E-10      mt= 107
                     400880 to 380870  0.00000E+00      mt= 111
                     400880 to 380871  0.00000E+00      mt= 111
                     400880 to 380840  0.00000E+00      mt=  22
                     400880 to 390880  1.18713E-09      mt= 103
                     400880 to 380860  0.00000E+00      mt= 106
                     400880 tot-cap    8.94737E+00
                     400890 to 400900  6.51005E+00      mt= 102
                     400890 to 400901  1.43037E+00      mt= 102
                     400890 to 380850  0.00000E+00      mt=  22
                     400890 to 380851  0.00000E+00      mt=  22
                     400890 to 390890  6.09172E-09      mt= 103
                     400890 to 390891  1.43018E-08      mt= 103
                     400890 to 380870  0.00000E+00      mt= 106
                     400890 to 380871  0.00000E+00      mt= 106
                     400890 to 400880  2.48311E-14      mt=  16
                     400890 to 390880  1.19131E-13      mt=  28
                     400890 to 380860  1.01835E-10      mt= 107
                     400890 to 380880  0.00000E+00      mt= 111
                     400890 tot-cap    7.94042E+00
                     400900 to 390890  9.75970E-14      mt=  28
                     400900 to 390891  1.57541E-14      mt=  28
                     400900 to 390900  1.09033E-11      mt= 103
                     400900 to 390901  3.57706E-13      mt= 103
                     400900 to 380870  1.00084E-10      mt= 107
                     400900 to 380871  1.00039E-10      mt= 107
                     400900 to 400910  8.91834E-03      mt= 102
                     400900 to 380880  0.00000E+00      mt= 106
                     400900 tot-cap    8.91834E-03
                     400910 to 400900  5.52685E-12      mt=  16
                     400910 to 400901  1.94725E-13      mt=  16
                     400910 to 380870  0.00000E+00      mt=  22
                     400910 to 380871  0.00000E+00      mt=  22
                     400910 to 390900  0.00000E+00      mt=  28
                     400910 to 390901  0.00000E+00      mt=  28
                     400910 to 390910  2.99015E-12      mt= 103
                     400910 to 390911  7.03630E-13      mt= 103
                     400910 to 390890  0.00000E+00      mt= 105
                     400910 to 390891  0.00000E+00      mt= 105
                     400910 to 400920  9.38153E-01      mt= 102
                     400910 to 380890  0.00000E+00      mt= 106
                     400910 to 380880  4.90316E-10      mt= 107
                     400910 tot-cap    9.38153E-01
                     400920 to 390910  0.00000E+00      mt=  28
                     400920 to 390911  0.00000E+00      mt= 104
                     400920 to 390900  0.00000E+00      mt= 105
                     400920 to 390901  0.00000E+00      mt= 105
                     400920 to 400910  3.25751E-12      mt=  16
                     400920 to 380880  0.00000E+00      mt=  22
                     400920 to 400930  1.76311E-01      mt= 102
                     400920 to 390920  2.34974E-13      mt= 103
                     400920 to 380900  0.00000E+00      mt= 106
                     400920 to 380890  1.00713E-10      mt= 107
                     400920 tot-cap    1.76311E-01
                     400930 to 390930  1.22408E-13      mt= 103
                     400930 to 390931  1.00940E-13      mt= 103
                     400930 to 390910  0.00000E+00      mt= 105
                     400930 to 390911  0.00000E+00      mt= 105
                     400930 to 400920  3.70116E-11      mt=  16
                     400930 to 380890  0.00000E+00      mt=  22
                     400930 to 390920  5.20794E-15      mt=  28
                     400930 to 400940  1.45878E+00      mt= 102
                     400930 to 380900  1.00320E-10      mt= 107
                     400930 tot-cap    1.45878E+00
                     400940 to 390930  0.00000E+00      mt= 104
                     400940 to 390931  0.00000E+00      mt= 104
                     400940 to 400930  1.14109E-11      mt=  16
                     400940 to 380900  0.00000E+00      mt=  22
                     400940 to 400950  3.93281E-02      mt= 102
                     400940 to 390940  4.38883E-14      mt= 103
                     400940 to 390920  0.00000E+00      mt= 105
                     400940 to 380910  1.00086E-10      mt= 107
                     400940 tot-cap    3.93281E-02
                     400950 to 390930  0.00000E+00      mt= 105
                     400950 to 390931  0.00000E+00      mt= 105
                     400950 to 400940  5.62051E-11      mt=  16
                     400950 to 380910  0.00000E+00      mt=  22
                     400950 to 400960  1.81671E-01      mt= 102
                     400950 to 390950  1.64025E-13      mt= 103
                     400950 to 390940  0.00000E+00      mt= 104
                     400950 to 380920  1.00056E-10      mt= 107
                     400950 tot-cap    1.81671E-01
                     400960 to 390960  0.00000E+00      mt= 103
                     400960 to 390961  0.00000E+00      mt= 103
                     400960 to 400950  2.31071E-11      mt=  16
                     400960 to 400970  1.96204E-02      mt= 102
                     400960 to 390950  0.00000E+00      mt= 104
                     400960 to 380930  1.00002E-10      mt= 107
                     400960 tot-cap    1.96204E-02
                     400970 to 390970  0.00000E+00      mt= 103
                     400970 to 390971  0.00000E+00      mt= 103
                     400970 to 400960  1.71516E-10      mt=  16
                     400970 to 380930  0.00000E+00      mt=  22
                     400970 to 400980  3.67555E+00      mt= 102
                     400970 to 380940  1.00002E-10      mt= 107
                     400970 tot-cap    3.67555E+00
                     410900 to 410910  6.15111E+00      mt= 102
                     410900 to 410911  6.15111E+00      mt= 102
                     410900 to 390860  0.00000E+00      mt=  22
                     410900 to 390861  0.00000E+00      mt=  22
                     410900 to 400890  6.97666E-12      mt=  28
                     410900 to 400891  3.77128E-14      mt=  28
                     410900 to 400900  7.76422E-10      mt= 103
                     410900 to 400901  5.75527E-08      mt= 103
                     410900 to 390870  1.00643E-10      mt= 107
                     410900 to 390871  1.03562E-10      mt= 107
                     410900 to 390890  3.34336E-15      mt= 111
                     410900 to 390891  3.24859E-15      mt= 111
                     410900 to 400880  0.00000E+00      mt= 105
                     410900 to 390880  0.00000E+00      mt= 106
                     410900 to 380860  1.00000E-10      mt= 112
                     410900 tot-cap    1.23022E+01
                     410910 to 410920  1.03926E+00      mt= 102
                     410910 to 410921  4.15482E+00      mt= 102
                     410910 to 390870  0.00000E+00      mt=  22
                     410910 to 390871  0.00000E+00      mt=  22
                     410910 to 400900  2.38905E-12      mt=  28
                     410910 to 400901  0.00000E+00      mt=  28
                     410910 to 400890  0.00000E+00      mt= 105
                     410910 to 390890  0.00000E+00      mt= 106
                     410910 to 390891  0.00000E+00      mt= 106
                     410910 to 400910  5.54035E-10      mt= 103
                     410910 to 390880  1.00195E-10      mt= 107
                     410910 tot-cap    5.19409E+00
                     410911 to 410920  1.03926E+00      mt= 102
                     410911 to 410921  4.15482E+00      mt= 102
                     410911 to 390870  0.00000E+00      mt=  22
                     410911 to 390871  0.00000E+00      mt=  22
                     410911 to 400900  8.27377E-12      mt=  28
                     410911 to 400901  0.00000E+00      mt=  28
                     410911 to 400890  0.00000E+00      mt= 105
                     410911 to 390890  0.00000E+00      mt= 106
                     410911 to 390891  0.00000E+00      mt= 106
                     410911 to 400910  4.02316E-09      mt= 103
                     410911 to 390880  1.00159E-10      mt= 107
                     410911 tot-cap    5.19409E+00
                     410920 to 410930  4.76505E+00      mt= 102
                     410920 to 410931  4.76505E+00      mt= 102
                     410920 to 410910  7.72256E-12      mt=  16
                     410920 to 410911  2.61390E-13      mt=  16
                     410920 to 400900  0.00000E+00      mt= 105
                     410920 to 390900  0.00000E+00      mt= 106
                     410920 to 390890  1.02747E-10      mt= 107
                     410920 to 390891  1.07592E-10      mt= 107
                     410920 to 390880  0.00000E+00      mt=  22
                     410920 to 400910  2.81891E-14      mt=  28
                     410920 to 400920  1.22577E-10      mt= 103
                     410920 to 380880  0.00000E+00      mt= 112
                     410920 tot-cap    9.53010E+00
                     410921 to 410930  4.76505E+00      mt= 102
                     410921 to 410931  4.76505E+00      mt= 102
                     410921 to 410910  1.28633E-11      mt=  16
                     410921 to 410911  3.06653E-12      mt=  16
                     410921 to 400900  0.00000E+00      mt= 105
                     410921 to 400901  0.00000E+00      mt= 105
                     410921 to 390900  0.00000E+00      mt= 106
                     410921 to 390901  0.00000E+00      mt= 106
                     410921 to 390890  3.37415E-10      mt= 107
                     410921 to 390891  1.20017E-10      mt= 107
                     410921 to 390880  0.00000E+00      mt=  22
                     410921 to 400910  1.27155E-13      mt=  28
                     410921 to 400920  2.34422E-09      mt= 103
                     410921 to 380880  0.00000E+00      mt= 112
                     410921 tot-cap    9.53010E+00
                     410930 to 410940  2.90322E-01      mt= 102
                     410930 to 410941  6.46201E-01      mt= 102
                     410930 to 410920  2.59003E-12      mt=  16
                     410930 to 410921  7.08348E-13      mt=  16
                     410930 to 390890  0.00000E+00      mt=  22
                     410930 to 390891  3.81950E-15      mt=  22
                     410930 to 390910  0.00000E+00      mt= 106
                     410930 to 390911  0.00000E+00      mt= 106
                     410930 to 390900  1.01534E-10      mt= 107
                     410930 to 390901  1.00418E-10      mt= 107
                     410930 to 400920  1.93194E-13      mt=  28
                     410930 to 400930  3.41996E-11      mt= 103
                     410930 to 400910  0.00000E+00      mt= 105
                     410930 tot-cap    9.36523E-01
                     410931 to 410940  2.90322E-01      mt= 102
                     410931 to 410941  6.46200E-01      mt= 102
                     410931 to 410920  8.26556E-13      mt=  16
                     410931 to 410921  1.15510E-12      mt=  16
                     410931 to 390890  1.41038E-12      mt=  22
                     410931 to 390891  2.61503E-14      mt=  22
                     410931 to 390910  0.00000E+00      mt= 106
                     410931 to 390900  1.01871E-10      mt= 107
                     410931 to 390901  1.00126E-10      mt= 107
                     410931 to 400920  1.64065E-13      mt=  28
                     410931 to 400930  1.15025E-10      mt= 103
                     410931 to 400910  0.00000E+00      mt= 105
                     410931 tot-cap    9.36522E-01
                     410940 to 410950  1.12674E+01      mt= 102
                     410940 to 410951  4.57262E-01      mt= 102
                     410940 to 410930  2.31536E-11      mt=  16
                     410940 to 410931  1.32971E-12      mt=  16
                     410940 to 390900  5.66758E-15      mt=  22
                     410940 to 390901  0.00000E+00      mt=  22
                     410940 to 390910  1.04173E-10      mt= 107
                     410940 to 390911  1.06259E-10      mt= 107
                     410940 to 400930  4.89880E-14      mt=  28
                     410940 to 400940  1.06472E-10      mt= 103
                     410940 to 400920  0.00000E+00      mt= 105
                     410940 to 390920  0.00000E+00      mt= 106
                     410940 tot-cap    1.17247E+01
                     410950 to 410940  1.84371E-12      mt=  16
                     410950 to 410941  6.14630E-12      mt=  16
                     410950 to 390910  0.00000E+00      mt=  22
                     410950 to 390911  0.00000E+00      mt=  22
                     410950 to 390930  0.00000E+00      mt= 106
                     410950 to 400940  2.50557E-14      mt=  28
                     410950 to 410960  6.47627E+00      mt= 102
                     410950 to 400950  3.51355E-11      mt= 103
                     410950 to 400930  0.00000E+00      mt= 105
                     410950 to 390920  1.01956E-10      mt= 107
                     410950 tot-cap    6.47627E+00
                     410951 to 410940  4.85995E-12      mt=  16
                     410951 to 410941  4.30964E-12      mt=  16
                     410951 to 390910  0.00000E+00      mt=  22
                     410951 to 390911  0.00000E+00      mt=  22
                     410951 to 400940  3.36736E-15      mt=  28
                     410951 to 410960  1.63881E+00      mt= 102
                     410951 to 400950  7.45895E-12      mt= 103
                     410951 to 400930  0.00000E+00      mt= 105
                     410951 to 390920  1.00140E-10      mt= 107
                     410951 tot-cap    1.63881E+00
                     410960 to 410970  7.20652E+00      mt= 102
                     410960 to 410971  7.20652E+00      mt= 102
                     410960 to 410950  4.00898E-11      mt=  16
                     410960 to 410951  1.70418E-12      mt=  16
                     410960 to 390930  1.00019E-10      mt= 107
                     410960 to 390931  1.00029E-10      mt= 107
                     410960 to 390920  0.00000E+00      mt=  22
                     410960 to 400950  0.00000E+00      mt=  28
                     410960 to 400960  1.00339E-10      mt= 103
                     410960 to 400940  0.00000E+00      mt= 105
                     410960 tot-cap    1.44130E+01
                     420920 to 420930  1.50687E-02      mt= 102
                     420920 to 420931  2.25855E-05      mt= 102
                     420920 to 410910  1.58750E-12      mt=  28
                     420920 to 410911  3.02548E-13      mt=  28
                     420920 to 410920  1.26809E-10      mt= 103
                     420920 to 410921  2.93597E-10      mt= 103
                     420920 to 400890  1.01725E-10      mt= 107
                     420920 to 400891  1.00642E-10      mt= 107
                     420920 to 400910  0.00000E+00      mt= 111
                     420920 tot-cap    1.50913E-02
                     420930 to 400890  0.00000E+00      mt=  22
                     420930 to 400891  4.68984E-15      mt=  22
                     420930 to 410920  1.14038E-13      mt=  28
                     420930 to 410921  2.26736E-14      mt=  28
                     420930 to 410930  1.10725E-10      mt= 103
                     420930 to 410931  1.03387E-10      mt= 103
                     420930 to 410910  0.00000E+00      mt= 105
                     420930 to 410911  0.00000E+00      mt= 105
                     420930 to 400900  1.05111E-10      mt= 107
                     420930 to 400901  1.05537E-10      mt= 107
                     420930 to 390890  0.00000E+00      mt= 112
                     420930 to 390891  0.00000E+00      mt= 112
                     420930 to 420920  4.59853E-12      mt=  16
                     420930 to 420940  7.84124E+00      mt= 102
                     420930 to 400910  0.00000E+00      mt= 106
                     420930 to 400920  0.00000E+00      mt= 111
                     420930 tot-cap    7.84124E+00
                     420940 to 420930  1.40652E-14      mt=  16
                     420940 to 400900  0.00000E+00      mt=  22
                     420940 to 400901  4.12892E-15      mt=  22
                     420940 to 410930  3.60888E-15      mt=  28
                     420940 to 410931  0.00000E+00      mt=  28
                     420940 to 410940  1.94100E-12      mt= 103
                     420940 to 410941  3.10322E-12      mt= 103
                     420940 to 420950  1.07110E-02      mt= 102
                     420940 to 400910  1.39237E-10      mt= 107
                     420940 tot-cap    1.07110E-02
                     420950 to 410940  0.00000E+00      mt=  28
                     420950 to 410941  0.00000E+00      mt=  28
                     420950 to 410950  2.35218E-11      mt= 103
                     420950 to 410951  2.64748E-12      mt= 103
                     420950 to 420940  3.01289E-11      mt=  16
                     420950 to 400910  0.00000E+00      mt=  22
                     420950 to 420960  1.16195E+01      mt= 102
                     420950 to 400920  2.41510E-05      mt= 107
                     420950 tot-cap    1.16195E+01
                     420960 to 410950  0.00000E+00      mt=  28
                     420960 to 410951  0.00000E+00      mt=  28
                     420960 to 420950  1.07802E-12      mt=  16
                     420960 to 400920  0.00000E+00      mt=  22
                     420960 to 420970  4.09443E-01      mt= 102
                     420960 to 410960  1.28560E-13      mt= 103
                     420960 to 400940  0.00000E+00      mt= 106
                     420960 to 400930  1.01408E-10      mt= 107
                     420960 tot-cap    4.09443E-01
                     420970 to 410970  8.19918E-14      mt= 103
                     420970 to 410971  2.78270E-14      mt= 103
                     420970 to 420960  6.98241E-11      mt=  16
                     420970 to 400930  0.00000E+00      mt=  22
                     420970 to 410960  0.00000E+00      mt=  28
                     420970 to 420980  1.71654E+00      mt= 102
                     420970 to 400940  3.22019E-07      mt= 107
                     420970 tot-cap    1.71654E+00
                     420980 to 410970  0.00000E+00      mt=  28
                     420980 to 410980  0.00000E+00      mt= 103
                     420980 to 410981  3.36925E-15      mt= 103
                     420980 to 410971  0.00000E+00      mt= 104
                     420980 to 420970  5.37467E-12      mt=  16
                     420980 to 400940  0.00000E+00      mt=  22
                     420980 to 420990  1.14782E-01      mt= 102
                     420980 to 400960  0.00000E+00      mt= 106
                     420980 to 400950  1.00092E-10      mt= 107
                     420980 tot-cap    1.14782E-01
                     420990 to 410980  0.00000E+00      mt=  28
                     420990 to 410981  0.00000E+00      mt=  28
                     420990 to 410990  2.69032E-13      mt= 103
                     420990 to 410991  7.78875E-14      mt= 103
                     420990 to 410970  0.00000E+00      mt= 105
                     420990 to 410971  0.00000E+00      mt= 105
                     420990 to 420980  1.24208E-10      mt=  16
                     420990 to 400950  0.00000E+00      mt=  22
                     420990 to 421000  1.39851E+00      mt= 102
                     420990 to 400960  1.02616E-10      mt= 107
                     420990 tot-cap    1.39851E+00
                     421000 to 411000  0.00000E+00      mt= 103
                     421000 to 411001  0.00000E+00      mt= 103
                     421000 to 420990  9.36773E-12      mt=  16
                     421000 to 400960  0.00000E+00      mt=  22
                     421000 to 421010  1.60021E-01      mt= 102
                     421000 to 400970  1.00004E-10      mt= 107
                     421000 tot-cap    1.60021E-01
                     430950 to 430960  7.47927E+00      mt= 102
                     430950 to 430961  4.02735E+00      mt= 102
                     430950 to 410910  5.02862E-12      mt=  22
                     430950 to 410911  5.54945E-13      mt=  22
                     430950 to 420930  0.00000E+00      mt= 105
                     430950 to 410930  0.00000E+00      mt= 106
                     430950 to 410931  0.00000E+00      mt= 106
                     430950 to 410920  1.37941E-10      mt= 107
                     430950 to 410921  1.15634E-10      mt= 107
                     430950 to 410940  0.00000E+00      mt= 111
                     430950 to 420940  2.34163E-12      mt=  28
                     430950 to 420950  1.54865E-09      mt= 103
                     430950 tot-cap    1.15066E+01
                     430951 to 430960  7.47927E+00      mt= 102
                     430951 to 430961  4.02735E+00      mt= 102
                     430951 to 430940  0.00000E+00      mt=  16
                     430951 to 410910  2.31531E-12      mt=  22
                     430951 to 410911  4.94101E-13      mt=  22
                     430951 to 420930  0.00000E+00      mt= 105
                     430951 to 410930  0.00000E+00      mt= 106
                     430951 to 410931  0.00000E+00      mt= 106
                     430951 to 410920  1.04183E-10      mt= 107
                     430951 to 410921  1.26230E-10      mt= 107
                     430951 to 410940  0.00000E+00      mt= 111
                     430951 to 410941  0.00000E+00      mt= 111
                     430951 to 420940  7.15922E-12      mt=  28
                     430951 to 420950  5.46863E-09      mt= 103
                     430951 tot-cap    1.15066E+01
                     430960 to 430970  1.04031E+01      mt= 102
                     430960 to 430971  1.04031E+01      mt= 102
                     430960 to 430950  6.26971E-12      mt=  16
                     430960 to 430951  1.77899E-13      mt=  16
                     430960 to 410920  8.14785E-13      mt=  22
                     430960 to 410921  3.25212E-14      mt=  22
                     430960 to 410940  0.00000E+00      mt= 106
                     430960 to 410941  0.00000E+00      mt= 106
                     430960 to 410930  2.31383E-10      mt= 107
                     430960 to 410931  1.02847E-10      mt= 107
                     430960 to 410950  0.00000E+00      mt= 111
                     430960 to 420950  7.86901E-14      mt=  28
                     430960 to 420960  2.98166E-10      mt= 103
                     430960 to 420940  0.00000E+00      mt= 105
                     430960 tot-cap    2.08061E+01
                     430970 to 430960  1.30587E-13      mt=  16
                     430970 to 430961  1.00448E-13      mt=  16
                     430970 to 410930  1.73439E-14      mt=  22
                     430970 to 410931  0.00000E+00      mt=  22
                     430970 to 410950  0.00000E+00      mt= 106
                     430970 to 410951  0.00000E+00      mt= 106
                     430970 to 410940  1.00664E-10      mt= 107
                     430970 to 410941  1.00353E-10      mt= 107
                     430970 to 420960  4.13938E-14      mt=  28
                     430970 to 430980  1.54239E+01      mt= 102
                     430970 to 420970  1.10354E-10      mt= 103
                     430970 to 420950  0.00000E+00      mt= 105
                     430970 tot-cap    1.54239E+01
                     430971 to 430960  7.11776E-14      mt=  16
                     430971 to 430961  2.77558E-13      mt=  16
                     430971 to 410930  2.34539E-14      mt=  22
                     430971 to 410931  7.43146E-15      mt=  22
                     430971 to 410950  0.00000E+00      mt= 106
                     430971 to 410951  0.00000E+00      mt= 106
                     430971 to 410940  1.00474E-10      mt= 107
                     430971 to 410941  1.00675E-10      mt= 107
                     430971 to 420960  2.02233E-13      mt=  28
                     430971 to 430980  1.54239E+01      mt= 102
                     430971 to 420970  1.23739E-10      mt= 103
                     430971 to 420950  0.00000E+00      mt= 105
                     430971 to 410960  0.00000E+00      mt= 111
                     430971 tot-cap    1.54239E+01
                     430980 to 430990  2.63357E+00      mt= 102
                     430980 to 430991  2.63356E+00      mt= 102
                     430980 to 430970  2.62318E-11      mt=  16
                     430980 to 430971  6.53467E-12      mt=  16
                     430980 to 410940  0.00000E+00      mt=  22
                     430980 to 410941  9.57309E-14      mt=  22
                     430980 to 410950  1.00426E-10      mt= 107
                     430980 to 410951  1.00134E-10      mt= 107
                     430980 to 420970  5.16128E-15      mt=  28
                     430980 to 420980  1.00929E-10      mt= 103
                     430980 to 420960  0.00000E+00      mt= 105
                     430980 to 410960  0.00000E+00      mt= 106
                     430980 tot-cap    5.26713E+00
                     430990 to 410950  0.00000E+00      mt=  22
                     430990 to 410951  0.00000E+00      mt=  22
                     430990 to 410970  0.00000E+00      mt= 106
                     430990 to 410971  0.00000E+00      mt= 106
                     430990 to 430980  1.22800E-12      mt=  16
                     430990 to 420980  2.02276E-14      mt=  28
                     430990 to 431000  1.79012E+01      mt= 102
                     430990 to 420990  7.62547E-13      mt= 103
                     430990 to 420970  0.00000E+00      mt= 105
                     430990 to 410960  1.00292E-10      mt= 107
                     430990 tot-cap    1.79012E+01
                     440960 to 430950  1.14113E-12      mt=  28
                     440960 to 430951  2.28659E-13      mt=  28
                     440960 to 430960  2.54272E-10      mt= 103
                     440960 to 430961  3.74263E-10      mt= 103
                     440960 to 430940  0.00000E+00      mt= 105
                     440960 to 430941  0.00000E+00      mt= 105
                     440960 to 420930  1.55222E-10      mt= 107
                     440960 to 420931  1.00784E-10      mt= 107
                     440960 to 420920  1.32029E-11      mt=  22
                     440960 to 440970  2.02176E-01      mt= 102
                     440960 to 420940  0.00000E+00      mt= 106
                     440960 to 420950  0.00000E+00      mt= 111
                     440960 tot-cap    2.02176E-01
                     440970 to 420930  1.38984E-12      mt=  22
                     440970 to 420931  0.00000E+00      mt=  22
                     440970 to 430960  3.42989E-14      mt=  28
                     440970 to 430961  3.48142E-14      mt=  28
                     440970 to 430970  8.88033E-10      mt= 103
                     440970 to 430971  1.63241E-10      mt= 103
                     440970 to 430950  0.00000E+00      mt= 105
                     440970 to 430951  0.00000E+00      mt= 105
                     440970 to 440960  2.45980E-12      mt=  16
                     440970 to 440980  1.52549E+01      mt= 102
                     440970 to 420950  0.00000E+00      mt= 106
                     440970 to 420940  7.91122E-10      mt= 107
                     440970 to 420960  0.00000E+00      mt= 111
                     440970 tot-cap    1.52549E+01
                     440980 to 430970  2.18522E-14      mt=  28
                     440980 to 430971  7.42122E-15      mt=  28
                     440980 to 430960  0.00000E+00      mt= 105
                     440980 to 430961  0.00000E+00      mt= 105
                     440980 to 420940  9.47834E-13      mt=  22
                     440980 to 440990  6.42929E+00      mt= 102
                     440980 to 430980  2.42847E-11      mt= 103
                     440980 to 420960  0.00000E+00      mt= 106
                     440980 to 420950  1.15985E-10      mt= 107
                     440980 to 420970  0.00000E+00      mt= 111
                     440980 tot-cap    6.42929E+00
                     440990 to 430990  1.97228E-10      mt= 103
                     440990 to 430991  1.30704E-10      mt= 103
                     440990 to 430970  0.00000E+00      mt= 105
                     440990 to 430971  0.00000E+00      mt= 105
                     440990 to 440980  9.75072E-12      mt=  16
                     440990 to 420950  2.07542E-14      mt=  22
                     440990 to 430980  1.98024E-14      mt=  28
                     440990 to 441000  6.15892E+00      mt= 102
                     440990 to 420970  0.00000E+00      mt= 106
                     440990 to 420960  1.32342E-10      mt= 107
                     440990 to 420980  0.00000E+00      mt= 111
                     440990 tot-cap    6.15892E+00
                     441000 to 430990  6.11598E-15      mt=  28
                     441000 to 430991  0.00000E+00      mt=  28
                     441000 to 440990  4.82377E-14      mt=  16
                     441000 to 420960  2.47929E-14      mt=  22
                     441000 to 441010  4.67424E+00      mt= 102
                     441000 to 431000  1.46926E-12      mt= 103
                     441000 to 430980  0.00000E+00      mt= 105
                     441000 to 420980  0.00000E+00      mt= 106
                     441000 to 420970  1.04889E-10      mt= 107
                     441000 tot-cap    4.67424E+00
                     441010 to 430990  0.00000E+00      mt= 105
                     441010 to 441000  5.68990E-11      mt=  16
                     441010 to 441020  3.10865E+00      mt= 102
                     441010 to 431010  5.53126E-13      mt= 103
                     441010 to 431000  0.00000E+00      mt= 104
                     441010 to 420990  0.00000E+00      mt= 106
                     441010 to 420980  1.20755E-07      mt= 107
                     441010 tot-cap    3.10865E+00
                     441020 to 431020  6.09597E-15      mt= 103
                     441020 to 431021  4.39661E-15      mt= 103
                     441020 to 441010  7.98903E-13      mt=  16
                     441020 to 420980  0.00000E+00      mt=  22
                     441020 to 441030  1.04769E+00      mt= 102
                     441020 to 421000  0.00000E+00      mt= 106
                     441020 to 420990  1.02321E-10      mt= 107
                     441020 tot-cap    1.04769E+00
                     441030 to 431020  0.00000E+00      mt= 104
                     441030 to 431021  0.00000E+00      mt= 104
                     441030 to 441020  1.13713E-10      mt=  16
                     441030 to 420990  0.00000E+00      mt=  22
                     441030 to 441040  2.02068E+01      mt= 102
                     441030 to 431030  2.60964E-12      mt= 103
                     441030 to 431010  0.00000E+00      mt= 105
                     441030 to 421000  1.00208E-10      mt= 107
                     441030 tot-cap    2.02068E+01
                     441040 to 441030  2.72971E-12      mt=  16
                     441040 to 421000  0.00000E+00      mt=  22
                     441040 to 441050  2.40371E-01      mt= 102
                     441040 to 431040  0.00000E+00      mt= 103
                     441040 to 431030  0.00000E+00      mt= 104
                     441040 to 421010  1.56710E-12      mt= 107
                     441040 tot-cap    2.40371E-01
                     441050 to 441040  1.43694E-10      mt=  16
                     441050 to 421010  0.00000E+00      mt=  22
                     441050 to 441060  1.61490E-01      mt= 102
                     441050 to 431050  2.43369E-13      mt= 103
                     441050 to 431040  0.00000E+00      mt= 104
                     441050 to 431030  0.00000E+00      mt= 105
                     441050 to 421020  1.00596E-10      mt= 107
                     441050 tot-cap    1.61490E-01
                     441060 to 441050  6.23380E-12      mt=  16
                     441060 to 421020  0.00000E+00      mt=  22
                     441060 to 441070  1.17654E-01      mt= 102
                     441060 to 431060  1.82358E-14      mt= 103
                     441060 to 431050  0.00000E+00      mt= 104
                     441060 to 421030  1.00133E-10      mt= 107
                     441060 tot-cap    1.17654E-01
                     450990 to 451000  1.84316E+01      mt= 102
                     450990 to 451001  4.04986E+00      mt= 102
                     450990 to 430950  5.82606E-14      mt=  22
                     450990 to 430951  7.86214E-15      mt=  22
                     450990 to 430970  0.00000E+00      mt= 106
                     450990 to 430971  0.00000E+00      mt= 106
                     450990 to 430960  1.00582E-10      mt= 107
                     450990 to 430961  1.07993E-10      mt= 107
                     450990 to 440980  4.90258E-12      mt=  28
                     450990 to 440990  1.06787E-08      mt= 103
                     450990 to 440970  0.00000E+00      mt= 105
                     450990 to 430980  0.00000E+00      mt= 111
                     450990 tot-cap    2.24815E+01
                     450991 to 451000  1.84316E+01      mt= 102
                     450991 to 451001  4.04986E+00      mt= 102
                     450991 to 430950  5.32949E-14      mt=  22
                     450991 to 430951  3.36387E-15      mt=  22
                     450991 to 430970  0.00000E+00      mt= 106
                     450991 to 430971  0.00000E+00      mt= 106
                     450991 to 430960  1.03954E-10      mt= 107
                     450991 to 430961  1.07224E-10      mt= 107
                     450991 to 440980  2.39610E-12      mt=  28
                     450991 to 440990  4.43171E-09      mt= 103
                     450991 to 440970  0.00000E+00      mt= 105
                     450991 to 430980  0.00000E+00      mt= 111
                     450991 tot-cap    2.24815E+01
                     451000 to 451010  3.19194E+01      mt= 102
                     451000 to 451011  1.06467E+01      mt= 102
                     451000 to 450990  1.18905E-12      mt=  16
                     451000 to 450991  6.19149E-12      mt=  16
                     451000 to 430960  2.12852E-14      mt=  22
                     451000 to 430961  4.19339E-14      mt=  22
                     451000 to 430970  2.87460E-10      mt= 107
                     451000 to 430971  1.39304E-10      mt= 107
                     451000 to 430990  0.00000E+00      mt= 111
                     451000 to 430991  0.00000E+00      mt= 111
                     451000 to 440990  1.01950E-12      mt=  28
                     451000 to 441000  1.30865E-09      mt= 103
                     451000 to 440980  0.00000E+00      mt= 105
                     451000 to 430980  0.00000E+00      mt= 106
                     451000 tot-cap    4.25661E+01
                     451010 to 451020  4.88914E+00      mt= 102
                     451010 to 451021  1.95450E+01      mt= 102
                     451010 to 451000  0.00000E+00      mt=  16
                     451010 to 430970  2.48981E-14      mt=  22
                     451010 to 430971  0.00000E+00      mt=  22
                     451010 to 430990  0.00000E+00      mt= 106
                     451010 to 441000  2.66465E-13      mt=  28
                     451010 to 441010  1.77930E-10      mt= 103
                     451010 to 440990  0.00000E+00      mt= 105
                     451010 to 430980  1.00480E-10      mt= 107
                     451010 tot-cap    2.44342E+01
                     451011 to 451020  4.88914E+00      mt= 102
                     451011 to 451021  1.95450E+01      mt= 102
                     451011 to 451000  0.00000E+00      mt=  16
                     451011 to 451001  0.00000E+00      mt=  16
                     451011 to 430970  6.91340E-14      mt=  22
                     451011 to 430971  0.00000E+00      mt=  22
                     451011 to 430990  0.00000E+00      mt= 106
                     451011 to 430991  0.00000E+00      mt= 106
                     451011 to 441000  2.62126E-13      mt=  28
                     451011 to 441010  1.39081E-10      mt= 103
                     451011 to 440990  0.00000E+00      mt= 105
                     451011 to 430980  1.00532E-10      mt= 107
                     451011 to 431000  0.00000E+00      mt= 111
                     451011 tot-cap    2.44342E+01
                     451020 to 451030  4.55560E+01      mt= 102
                     451020 to 451031  4.37695E+01      mt= 102
                     451020 to 451010  1.28408E-12      mt=  16
                     451020 to 451011  1.37462E-11      mt=  16
                     451020 to 430990  1.03322E-10      mt= 107
                     451020 to 430991  1.00131E-10      mt= 107
                     451020 to 430980  1.19254E-13      mt=  22
                     451020 to 441010  1.09824E-12      mt=  28
                     451020 to 441020  2.54878E-10      mt= 103
                     451020 to 441000  0.00000E+00      mt= 105
                     451020 to 431000  0.00000E+00      mt= 106
                     451020 tot-cap    8.93255E+01
                     451021 to 451030  4.55560E+01      mt= 102
                     451021 to 451031  4.37695E+01      mt= 102
                     451021 to 451010  6.77926E-12      mt=  16
                     451021 to 451011  1.53659E-11      mt=  16
                     451021 to 430990  1.08715E-10      mt= 107
                     451021 to 430991  1.02355E-10      mt= 107
                     451021 to 430980  1.37860E-13      mt=  22
                     451021 to 441010  2.43411E-12      mt=  28
                     451021 to 441020  1.61876E-08      mt= 103
                     451021 to 441000  0.00000E+00      mt= 105
                     451021 to 431000  0.00000E+00      mt= 106
                     451021 to 431010  0.00000E+00      mt= 111
                     451021 tot-cap    8.93255E+01
                     451030 to 451040  2.52154E+02      mt= 102
                     451030 to 451041  2.07399E+01      mt= 102
                     451030 to 451020  2.47224E-13      mt=  16
                     451030 to 451021  5.34498E-14      mt=  16
                     451030 to 430990  5.00168E-14      mt=  22
                     451030 to 430991  0.00000E+00      mt=  22
                     451030 to 441020  3.33860E-13      mt=  28
                     451030 to 441030  1.02019E-10      mt= 103
                     451030 to 441010  0.00000E+00      mt= 105
                     451030 to 431010  0.00000E+00      mt= 106
                     451030 to 431000  1.00194E-10      mt= 107
                     451030 tot-cap    2.72894E+02
                     451050 to 451060  1.04882E+04      mt= 102
                     451050 to 451061  1.11379E+03      mt= 102
                     451050 to 451040  5.36598E-13      mt=  16
                     451050 to 451041  4.72458E-13      mt=  16
                     451050 to 431020  1.00001E-10      mt= 107
                     451050 to 431021  1.00002E-10      mt= 107
                     451050 to 431010  0.00000E+00      mt=  22
                     451050 to 441040  0.00000E+00      mt=  28
                     451050 to 441050  2.18197E-13      mt= 103
                     451050 to 441030  0.00000E+00      mt= 105
                     451050 tot-cap    1.16020E+04
                     461000 to 450990  4.90180E-13      mt=  28
                     461000 to 450991  8.59017E-13      mt=  28
                     461000 to 451000  5.91378E-10      mt= 103
                     461000 to 451001  6.32348E-10      mt= 103
                     461000 to 440960  3.45092E-12      mt=  22
                     461000 to 461010  1.24447E+01      mt= 102
                     461000 to 440980  0.00000E+00      mt= 106
                     461000 to 440970  2.26318E-10      mt= 107
                     461000 to 440990  0.00000E+00      mt= 111
                     461000 tot-cap    1.24447E+01
                     461010 to 451000  3.99513E-14      mt=  28
                     461010 to 451001  5.42239E-14      mt=  28
                     461010 to 451010  2.14264E-09      mt= 103
                     461010 to 451011  3.10698E-09      mt= 103
                     461010 to 450990  0.00000E+00      mt= 105
                     461010 to 450991  0.00000E+00      mt= 105
                     461010 to 461000  1.54163E-12      mt=  16
                     461010 to 440970  8.51829E-13      mt=  22
                     461010 to 461020  2.48864E+01      mt= 102
                     461010 to 440990  0.00000E+00      mt= 106
                     461010 to 440980  5.07256E-10      mt= 107
                     461010 to 441000  0.00000E+00      mt= 111
                     461010 tot-cap    2.48864E+01
                     461020 to 451010  1.82621E-14      mt=  28
                     461020 to 451011  3.71923E-14      mt=  28
                     461020 to 451020  6.33632E-11      mt= 103
                     461020 to 451021  2.54772E-11      mt= 103
                     461020 to 451000  0.00000E+00      mt= 105
                     461020 to 451001  0.00000E+00      mt= 105
                     461020 to 440980  7.72410E-13      mt=  22
                     461020 to 461030  2.69117E+00      mt= 102
                     461020 to 441000  0.00000E+00      mt= 106
                     461020 to 440990  1.14768E-10      mt= 107
                     461020 tot-cap    2.69117E+00
                     461030 to 451020  0.00000E+00      mt=  28
                     461030 to 451021  0.00000E+00      mt=  28
                     461030 to 451030  1.07380E-10      mt= 103
                     461030 to 451031  1.24570E-10      mt= 103
                     461030 to 451010  0.00000E+00      mt= 105
                     461030 to 451011  0.00000E+00      mt= 105
                     461030 to 461020  7.15286E-12      mt=  16
                     461030 to 440990  5.75093E-14      mt=  22
                     461030 to 461040  3.29081E+01      mt= 102
                     461030 to 441010  0.00000E+00      mt= 106
                     461030 to 441000  1.16130E-10      mt= 107
                     461030 to 441020  0.00000E+00      mt= 111
                     461030 tot-cap    3.29081E+01
                     461040 to 451030  4.49510E-15      mt=  28
                     461040 to 451031  9.51246E-15      mt=  28
                     461040 to 451040  2.76089E-12      mt= 103
                     461040 to 451041  1.59300E-12      mt= 103
                     461040 to 451020  0.00000E+00      mt= 105
                     461040 to 451021  0.00000E+00      mt= 105
                     461040 to 441000  6.13578E-14      mt=  22
                     461040 to 461050  2.54844E-01      mt= 102
                     461040 to 441020  0.00000E+00      mt= 106
                     461040 to 441010  1.01082E-10      mt= 107
                     461040 tot-cap    2.54844E-01
                     461050 to 451040  5.02809E-15      mt=  28
                     461050 to 451041  5.35051E-15      mt=  28
                     461050 to 451050  1.33648E-10      mt= 103
                     461050 to 451051  1.11703E-10      mt= 103
                     461050 to 451030  0.00000E+00      mt= 105
                     461050 to 451031  0.00000E+00      mt= 105
                     461050 to 461040  1.80400E-11      mt=  16
                     461050 to 441010  7.30912E-15      mt=  22
                     461050 to 461060  1.64320E+01      mt= 102
                     461050 to 441030  0.00000E+00      mt= 106
                     461050 to 441020  5.01688E-07      mt= 107
                     461050 tot-cap    1.64320E+01
                     461060 to 461070  2.31275E-01      mt= 102
                     461060 to 461071  1.06445E-02      mt= 102
                     461060 to 451050  0.00000E+00      mt=  28
                     461060 to 451051  0.00000E+00      mt=  28
                     461060 to 451060  4.54368E-13      mt= 103
                     461060 to 451061  2.36974E-13      mt= 103
                     461060 to 451040  0.00000E+00      mt= 105
                     461060 to 461050  3.85053E-13      mt=  16
                     461060 to 441020  0.00000E+00      mt=  22
                     461060 to 441040  0.00000E+00      mt= 106
                     461060 to 441030  1.00117E-10      mt= 107
                     461060 tot-cap    2.41919E-01
                     461070 to 451060  3.39520E-15      mt=  28
                     461070 to 451061  0.00000E+00      mt=  28
                     461070 to 451050  0.00000E+00      mt= 105
                     461070 to 451051  0.00000E+00      mt= 105
                     461070 to 461060  1.55173E-10      mt=  16
                     461070 to 441030  0.00000E+00      mt=  22
                     461070 to 461080  1.70099E+00      mt= 102
                     461070 to 451070  9.74813E-12      mt= 103
                     461070 to 441050  0.00000E+00      mt= 106
                     461070 to 441040  1.00902E-10      mt= 107
                     461070 tot-cap    1.70099E+00
                     461080 to 461090  6.66115E+00      mt= 102
                     461080 to 461091  1.49843E-01      mt= 102
                     461080 to 461070  6.35084E-13      mt=  16
                     461080 to 461071  1.11659E-13      mt=  16
                     461080 to 451080  0.00000E+00      mt= 103
                     461080 to 451081  0.00000E+00      mt= 103
                     461080 to 441040  0.00000E+00      mt=  22
                     461080 to 451070  0.00000E+00      mt= 104
                     461080 to 441050  1.00002E-10      mt= 107
                     461080 tot-cap    6.81100E+00
                     461090 to 451080  0.00000E+00      mt= 104
                     461090 to 461080  8.98514E-11      mt=  16
                     461090 to 441050  0.00000E+00      mt=  22
                     461090 to 461100  1.72057E+01      mt= 102
                     461090 to 451090  2.77094E-14      mt= 103
                     461090 to 441060  1.00008E-10      mt= 107
                     461090 tot-cap    1.72057E+01
                     461100 to 461110  1.56031E-01      mt= 102
                     461100 to 461111  2.71040E-02      mt= 102
                     461100 to 461090  3.16480E-12      mt=  16
                     461100 to 461091  5.50058E-13      mt=  16
                     461100 to 451100  1.62454E-14      mt= 103
                     461100 to 451101  1.38026E-14      mt= 103
                     461100 to 441060  0.00000E+00      mt=  22
                     461100 to 451090  0.00000E+00      mt= 104
                     461100 to 441070  1.00000E-10      mt= 107
                     461100 tot-cap    1.83135E-01
                     461120 to 461130  2.84744E+00      mt= 102
                     461120 to 461131  4.26289E-01      mt= 102
                     461120 to 461110  4.57972E-12      mt=  16
                     461120 to 461111  2.36225E-12      mt=  16
                     461120 to 441090  1.00000E-10      mt= 107
                     461120 to 441091  1.00000E-10      mt= 107
                     461120 to 441080  0.00000E+00      mt=  22
                     461120 to 451120  0.00000E+00      mt= 103
                     461120 to 451110  0.00000E+00      mt= 104
                     461120 tot-cap    3.27372E+00
                     471050 to 471060  4.18829E+01      mt= 102
                     471050 to 471061  4.46216E+00      mt= 102
                     471050 to 451010  1.49628E-13      mt=  22
                     471050 to 451011  1.99178E-13      mt=  22
                     471050 to 451030  0.00000E+00      mt= 106
                     471050 to 451031  0.00000E+00      mt= 106
                     471050 to 451020  1.00191E-10      mt= 107
                     471050 to 451021  1.00287E-10      mt= 107
                     471050 to 461040  3.94336E-12      mt=  28
                     471050 to 461050  6.44901E-10      mt= 103
                     471050 to 461030  0.00000E+00      mt= 105
                     471050 tot-cap    4.63451E+01
                     471061 to 471070  5.33068E+01      mt= 102
                     471061 to 471071  5.12164E+01      mt= 102
                     471061 to 471050  4.59799E-13      mt=  16
                     471061 to 471051  6.93307E-12      mt=  16
                     471061 to 451020  8.34328E-15      mt=  22
                     471061 to 451021  1.23321E-14      mt=  22
                     471061 to 451040  0.00000E+00      mt= 106
                     471061 to 451041  0.00000E+00      mt= 106
                     471061 to 451030  1.00429E-10      mt= 107
                     471061 to 451031  1.05060E-10      mt= 107
                     471061 to 461050  9.17623E-14      mt=  28
                     471061 to 461060  7.87012E-10      mt= 103
                     471061 to 461040  0.00000E+00      mt= 105
                     471061 tot-cap    1.04523E+02
                     471070 to 471080  3.00380E+01      mt= 102
                     471070 to 471081  3.03418E-01      mt= 102
                     471070 to 471060  6.70344E-14      mt=  16
                     471070 to 471061  3.19278E-14      mt=  16
                     471070 to 451030  4.01503E-15      mt=  22
                     471070 to 451031  1.93835E-14      mt=  22
                     471070 to 461070  1.66548E-11      mt= 103
                     471070 to 461071  1.01000E-10      mt= 103
                     471070 to 451050  0.00000E+00      mt= 106
                     471070 to 451051  0.00000E+00      mt= 106
                     471070 to 451040  1.00181E-10      mt= 107
                     471070 to 451041  1.00048E-10      mt= 107
                     471070 to 461060  5.86066E-13      mt=  28
                     471070 to 461050  0.00000E+00      mt= 105
                     471070 tot-cap    3.03414E+01
                     471081 to 471090  5.24471E+01      mt= 102
                     471081 to 471091  5.03903E+01      mt= 102
                     471081 to 471070  1.51804E-12      mt=  16
                     471081 to 471071  2.09792E-11      mt=  16
                     471081 to 451040  0.00000E+00      mt=  22
                     471081 to 451041  0.00000E+00      mt=  22
                     471081 to 461070  3.70432E-15      mt=  28
                     471081 to 461071  3.69103E-15      mt=  28
                     471081 to 451050  1.00158E-10      mt= 107
                     471081 to 451051  1.00017E-10      mt= 107
                     471081 to 461080  1.21243E-10      mt= 103
                     471081 to 461060  0.00000E+00      mt= 105
                     471081 tot-cap    1.02837E+02
                     471090 to 471100  8.33305E+01      mt= 102
                     471090 to 471101  4.01804E+00      mt= 102
                     471090 to 471080  6.63329E-13      mt=  16
                     471090 to 471081  2.57778E-13      mt=  16
                     471090 to 451050  0.00000E+00      mt=  22
                     471090 to 451051  0.00000E+00      mt=  22
                     471090 to 461090  2.71568E-12      mt= 103
                     471090 to 461091  2.30822E-13      mt= 103
                     471090 to 461070  0.00000E+00      mt= 105
                     471090 to 461071  0.00000E+00      mt= 105
                     471090 to 451060  1.00003E-10      mt= 107
                     471090 to 451061  1.00002E-10      mt= 107
                     471090 to 461080  3.43172E-14      mt=  28
                     471090 to 451070  0.00000E+00      mt= 106
                     471090 tot-cap    8.73486E+01
                     471101 to 471110  7.23901E+01      mt= 102
                     471101 to 471111  7.12069E+01      mt= 102
                     471101 to 471090  2.66909E-12      mt=  16
                     471101 to 471091  2.99411E-11      mt=  16
                     471101 to 451060  0.00000E+00      mt=  22
                     471101 to 451061  0.00000E+00      mt=  22
                     471101 to 461090  0.00000E+00      mt=  28
                     471101 to 461091  0.00000E+00      mt=  28
                     471101 to 461100  1.01541E-10      mt= 103
                     471101 to 461080  0.00000E+00      mt= 105
                     471101 to 451070  1.00020E-10      mt= 107
                     471101 tot-cap    1.43597E+02
                     471110 to 471100  1.85521E-12      mt=  16
                     471110 to 471101  6.46310E-13      mt=  16
                     471110 to 461110  5.84535E-13      mt= 103
                     471110 to 461111  4.22810E-13      mt= 103
                     471110 to 461090  0.00000E+00      mt= 105
                     471110 to 461091  0.00000E+00      mt= 105
                     471110 to 451080  1.00313E-10      mt= 107
                     471110 to 451081  1.00141E-10      mt= 107
                     471110 to 451070  0.00000E+00      mt=  22
                     471110 to 461100  1.13711E-14      mt=  28
                     471110 to 471120  2.48886E+00      mt= 102
                     471110 tot-cap    2.48886E+00
                     481060 to 471050  4.17661E-13      mt=  28
                     481060 to 471051  1.48093E-12      mt=  28
                     481060 to 471060  1.98433E-10      mt= 103
                     481060 to 471061  1.69940E-10      mt= 103
                     481060 to 471040  0.00000E+00      mt= 105
                     481060 to 471041  0.00000E+00      mt= 105
                     481060 to 461020  3.31914E-12      mt=  22
                     481060 to 481070  9.00832E-01      mt= 102
                     481060 to 461040  0.00000E+00      mt= 106
                     481060 to 461030  1.51284E-10      mt= 107
                     481060 to 461050  0.00000E+00      mt= 111
                     481060 tot-cap    9.00832E-01
                     481080 to 471070  0.00000E+00      mt=  28
                     481080 to 471071  8.70418E-15      mt=  28
                     481080 to 471080  1.66257E-12      mt= 103
                     481080 to 471081  2.79468E-13      mt= 103
                     481080 to 461040  2.33114E-13      mt=  22
                     481080 to 481090  8.80263E-01      mt= 102
                     481080 to 461060  0.00000E+00      mt= 106
                     481080 to 461050  1.00234E-10      mt= 107
                     481080 tot-cap    8.80263E-01
                     481090 to 471080  0.00000E+00      mt=  28
                     481090 to 471081  0.00000E+00      mt=  28
                     481090 to 471090  1.07387E-10      mt= 103
                     481090 to 471091  1.19943E-10      mt= 103
                     481090 to 471070  0.00000E+00      mt= 105
                     481090 to 471071  0.00000E+00      mt= 105
                     481090 to 481080  1.16848E-11      mt=  16
                     481090 to 461050  9.14702E-15      mt=  22
                     481090 to 481100  1.84895E+02      mt= 102
                     481090 to 461060  4.02515E-02      mt= 107
                     481090 to 461080  0.00000E+00      mt= 111
                     481090 tot-cap    1.84935E+02
                     481100 to 481110  8.92057E+00      mt= 102
                     481100 to 481111  4.48272E-02      mt= 102
                     481100 to 471090  0.00000E+00      mt=  28
                     481100 to 471091  4.88158E-15      mt=  28
                     481100 to 471100  1.77787E-13      mt= 103
                     481100 to 471101  1.86934E-14      mt= 103
                     481100 to 471080  0.00000E+00      mt= 105
                     481100 to 471081  0.00000E+00      mt= 105
                     481100 to 461070  1.01017E-10      mt= 107
                     481100 to 461071  1.00799E-10      mt= 107
                     481100 to 461060  3.11244E-15      mt=  22
                     481100 to 461080  0.00000E+00      mt= 106
                     481100 tot-cap    8.96540E+00
                     481110 to 461070  0.00000E+00      mt=  22
                     481110 to 461071  0.00000E+00      mt=  22
                     481110 to 471100  4.44445E-15      mt=  28
                     481110 to 471101  0.00000E+00      mt=  28
                     481110 to 471110  3.09603E-13      mt= 103
                     481110 to 471111  2.59199E-13      mt= 103
                     481110 to 471090  0.00000E+00      mt= 105
                     481110 to 471091  0.00000E+00      mt= 105
                     481110 to 461090  0.00000E+00      mt= 106
                     481110 to 461091  0.00000E+00      mt= 106
                     481110 to 481100  3.50191E-11      mt=  16
                     481110 to 481120  1.87623E+01      mt= 102
                     481110 to 461080  1.03304E-10      mt= 107
                     481110 tot-cap    1.87623E+01
                     481120 to 481130  1.54632E+00      mt= 102
                     481120 to 481131  2.31059E-01      mt= 102
                     481120 to 481110  1.59467E-13      mt=  16
                     481120 to 481111  4.83615E-15      mt=  16
                     481120 to 471110  0.00000E+00      mt=  28
                     481120 to 471111  0.00000E+00      mt=  28
                     481120 to 461090  1.00015E-10      mt= 107
                     481120 to 461091  1.00003E-10      mt= 107
                     481120 to 461080  0.00000E+00      mt=  22
                     481120 to 471120  1.72355E-14      mt= 103
                     481120 to 461100  0.00000E+00      mt= 106
                     481120 tot-cap    1.77737E+00
                     481130 to 461090  0.00000E+00      mt=  22
                     481130 to 461091  0.00000E+00      mt=  22
                     481130 to 471130  7.87918E-14      mt= 103
                     481130 to 471131  7.74816E-14      mt= 103
                     481130 to 471110  0.00000E+00      mt= 105
                     481130 to 471111  0.00000E+00      mt= 105
                     481130 to 481120  1.76647E-11      mt=  16
                     481130 to 471120  3.41787E-15      mt=  28
                     481130 to 481140  2.22382E+04      mt= 102
                     481130 to 461100  8.05030E-07      mt= 107
                     481130 tot-cap    2.22382E+04
                     481131 to 461090  0.00000E+00      mt=  22
                     481131 to 461091  0.00000E+00      mt=  22
                     481131 to 471130  1.30866E-14      mt= 103
                     481131 to 471131  8.43628E-14      mt= 103
                     481131 to 471110  0.00000E+00      mt= 105
                     481131 to 481120  2.82550E-11      mt=  16
                     481131 to 471120  0.00000E+00      mt=  28
                     481131 to 481140  2.22382E+04      mt= 102
                     481131 to 461100  1.00016E-10      mt= 107
                     481131 tot-cap    2.22382E+04
                     481140 to 481150  2.50865E-01      mt= 102
                     481140 to 481151  3.35625E-02      mt= 102
                     481140 to 481130  6.53697E-13      mt=  16
                     481140 to 481131  2.56359E-13      mt=  16
                     481140 to 471140  0.00000E+00      mt= 103
                     481140 to 471141  0.00000E+00      mt= 103
                     481140 to 471130  0.00000E+00      mt= 104
                     481140 to 471131  0.00000E+00      mt= 104
                     481140 to 461110  1.00000E-10      mt= 107
                     481140 to 461111  1.00000E-10      mt= 107
                     481140 to 461100  0.00000E+00      mt=  22
                     481140 tot-cap    2.84428E-01
                     481150 to 461110  0.00000E+00      mt=  22
                     481150 to 461111  0.00000E+00      mt=  22
                     481150 to 471150  2.39942E-14      mt= 103
                     481150 to 471151  4.70499E-14      mt= 103
                     481150 to 471140  0.00000E+00      mt= 104
                     481150 to 471141  0.00000E+00      mt= 104
                     481150 to 471130  0.00000E+00      mt= 105
                     481150 to 471131  0.00000E+00      mt= 105
                     481150 to 481140  1.02283E-10      mt=  16
                     481150 to 481160  2.52454E+01      mt= 102
                     481150 to 461120  1.00353E-10      mt= 107
                     481150 tot-cap    2.52454E+01
                     481151 to 461110  0.00000E+00      mt=  22
                     481151 to 461111  0.00000E+00      mt=  22
                     481151 to 471150  0.00000E+00      mt= 103
                     481151 to 471151  8.90048E-15      mt= 103
                     481151 to 481140  5.27624E-11      mt=  16
                     481151 to 481160  2.52454E+01      mt= 102
                     481151 to 461120  1.00002E-10      mt= 107
                     481151 tot-cap    2.52454E+01
                     481160 to 481170  4.16701E-02      mt= 102
                     481160 to 481171  2.08038E-02      mt= 102
                     481160 to 481150  2.05108E-12      mt=  16
                     481160 to 481151  1.15458E-12      mt=  16
                     481160 to 471160  0.00000E+00      mt= 103
                     481160 to 471161  0.00000E+00      mt= 103
                     481160 to 471150  0.00000E+00      mt= 104
                     481160 to 471151  0.00000E+00      mt= 104
                     481160 to 461130  1.39991E-13      mt= 107
                     481160 to 461131  1.09993E-13      mt= 107
                     481160 to 461120  0.00000E+00      mt=  22
                     481160 tot-cap    6.24739E-02
                     491110 to 491120  5.29654E+01      mt= 102
                     491110 to 491121  2.85204E+01      mt= 102
                     491110 to 471070  1.62606E-14      mt=  22
                     491110 to 471071  9.70495E-14      mt=  22
                     491110 to 481110  1.19673E-10      mt= 103
                     491110 to 481111  1.15187E-10      mt= 103
                     491110 to 471091  0.00000E+00      mt= 106
                     491110 to 471080  1.00070E-10      mt= 107
                     491110 to 471081  1.00112E-10      mt= 107
                     491110 to 481100  8.03263E-13      mt=  28
                     491110 to 481090  0.00000E+00      mt= 105
                     491110 tot-cap    8.14857E+01
                     491130 to 491140  7.49083E+00      mt= 102
                     491130 to 491141  1.03870E+01      mt= 102
                     491130 to 491120  1.26280E-14      mt=  16
                     491130 to 491121  1.22649E-13      mt=  16
                     491130 to 471091  0.00000E+00      mt=  22
                     491130 to 481130  1.00210E-10      mt= 103
                     491130 to 481131  1.00165E-10      mt= 103
                     491130 to 471100  1.00015E-10      mt= 107
                     491130 to 471101  1.00009E-10      mt= 107
                     491130 to 481120  0.00000E+00      mt= 104
                     491130 tot-cap    1.78779E+01
                     491141 to 491150  3.17060E+01      mt= 102
                     491141 to 491151  3.17060E+01      mt= 102
                     491141 to 491130  3.12016E-11      mt=  16
                     491141 to 491131  2.75680E-12      mt=  16
                     491141 to 471100  0.00000E+00      mt=  22
                     491141 to 471101  0.00000E+00      mt=  22
                     491141 to 481130  0.00000E+00      mt=  28
                     491141 to 481131  0.00000E+00      mt=  28
                     491141 to 471110  1.00014E-10      mt= 107
                     491141 to 471111  1.00043E-10      mt= 107
                     491141 to 481140  1.09302E-10      mt= 103
                     491141 to 481120  0.00000E+00      mt= 105
                     491141 to 471120  0.00000E+00      mt= 106
                     491141 tot-cap    6.34120E+01
                     491150 to 491160  8.98837E+01      mt= 102
                     491150 to 491161  1.48831E+02      mt= 102
                     491150 to 491162  1.79349E+02      mt= 102
                     491150 to 491140  8.21518E-14      mt=  16
                     491150 to 491141  3.86068E-13      mt=  16
                     491150 to 481150  2.84317E-14      mt= 103
                     491150 to 481151  2.99281E-14      mt= 103
                     491150 to 471130  0.00000E+00      mt= 106
                     491150 to 471131  0.00000E+00      mt= 106
                     491150 to 481140  0.00000E+00      mt= 104
                     491150 to 471120  1.00007E-10      mt= 107
                     491150 tot-cap    4.18063E+02
                     501120 to 501130  4.37867E-01      mt= 102
                     501120 to 501131  1.64426E-01      mt= 102
                     501120 to 491120  1.12383E-10      mt= 103
                     501120 to 491121  1.64906E-11      mt= 103
                     501120 to 491110  0.00000E+00      mt= 104
                     501120 to 491111  0.00000E+00      mt= 104
                     501120 to 481110  0.00000E+00      mt= 111
                     501120 to 481111  0.00000E+00      mt= 111
                     501120 to 481080  0.00000E+00      mt=  22
                     501120 to 481090  1.08362E-10      mt= 107
                     501120 tot-cap    6.02293E-01
                     501130 to 491120  0.00000E+00      mt=  28
                     501130 to 491121  0.00000E+00      mt=  28
                     501130 to 491130  1.71328E-10      mt= 103
                     501130 to 491131  1.81862E-10      mt= 103
                     501130 to 491110  0.00000E+00      mt= 105
                     501130 to 491111  0.00000E+00      mt= 105
                     501130 to 481110  0.00000E+00      mt= 106
                     501130 to 481111  0.00000E+00      mt= 106
                     501130 to 501120  6.38261E-12      mt=  16
                     501130 to 481090  2.62312E-14      mt=  22
                     501130 to 501140  1.42125E+01      mt= 102
                     501130 to 481100  1.24973E-10      mt= 107
                     501130 to 481120  0.00000E+00      mt= 111
                     501130 tot-cap    1.42125E+01
                     501140 to 491140  7.07515E-13      mt= 103
                     501140 to 491141  5.00952E-13      mt= 103
                     501140 to 481110  1.00122E-10      mt= 107
                     501140 to 481111  1.00096E-10      mt= 107
                     501140 to 481100  0.00000E+00      mt=  22
                     501140 to 501150  1.01447E-01      mt= 102
                     501140 tot-cap    1.01447E-01
                     501150 to 481110  0.00000E+00      mt=  22
                     501150 to 481111  0.00000E+00      mt=  22
                     501150 to 491150  1.00322E-10      mt= 103
                     501150 to 491151  5.29742E-14      mt= 103
                     501150 to 501140  1.71562E-11      mt=  16
                     501150 to 501160  4.02921E+01      mt= 102
                     501150 to 481120  4.83018E-05      mt= 107
                     501150 tot-cap    4.02921E+01
                     501160 to 501170  1.01339E-01      mt= 102
                     501160 to 501171  4.33258E-03      mt= 102
                     501160 to 491160  1.35669E-14      mt= 103
                     501160 to 491161  1.18846E-14      mt= 103
                     501160 to 491162  4.79920E-15      mt= 103
                     501160 to 481130  1.00010E-10      mt= 107
                     501160 to 481131  1.00008E-10      mt= 107
                     501160 to 501150  3.27296E-14      mt=  16
                     501160 to 481120  0.00000E+00      mt=  22
                     501160 to 481140  0.00000E+00      mt= 106
                     501160 tot-cap    1.05672E-01
                     501170 to 491170  3.34751E-14      mt= 103
                     501170 to 491171  9.43347E-15      mt= 103
                     501170 to 481150  0.00000E+00      mt= 106
                     501170 to 481151  0.00000E+00      mt= 106
                     501170 to 501160  5.38010E-11      mt=  16
                     501170 to 501180  1.82997E+00      mt= 102
                     501170 to 481140  1.00060E-10      mt= 107
                     501170 tot-cap    1.82997E+00
                     501171 to 481130  0.00000E+00      mt=  22
                     501171 to 481131  0.00000E+00      mt=  22
                     501171 to 491160  0.00000E+00      mt=  28
                     501171 to 491161  0.00000E+00      mt=  28
                     501171 to 491162  0.00000E+00      mt=  28
                     501171 to 491170  8.42720E-13      mt= 103
                     501171 to 491171  5.94090E-14      mt= 103
                     501171 to 491150  0.00000E+00      mt= 105
                     501171 to 491151  0.00000E+00      mt= 105
                     501171 to 481150  0.00000E+00      mt= 106
                     501171 to 481151  0.00000E+00      mt= 106
                     501171 to 501160  1.11547E-11      mt=  16
                     501171 to 501180  2.15229E+00      mt= 102
                     501171 to 481140  1.00022E-10      mt= 107
                     501171 tot-cap    2.15229E+00
                     501180 to 501190  1.76522E-01      mt= 102
                     501180 to 501191  3.23565E-03      mt= 102
                     501180 to 501170  2.53390E-13      mt=  16
                     501180 to 501171  5.20969E-14      mt=  16
                     501180 to 491180  0.00000E+00      mt= 103
                     501180 to 491181  0.00000E+00      mt= 103
                     501180 to 491182  0.00000E+00      mt= 103
                     501180 to 481150  1.00000E-10      mt= 107
                     501180 to 481151  1.00000E-10      mt= 107
                     501180 to 481160  0.00000E+00      mt= 106
                     501180 tot-cap    1.79757E-01
                     501190 to 491190  0.00000E+00      mt= 103
                     501190 to 491191  0.00000E+00      mt= 103
                     501190 to 501180  9.70331E-11      mt=  16
                     501190 to 501200  1.85561E+00      mt= 102
                     501190 to 481160  1.00003E-10      mt= 107
                     501190 tot-cap    1.85561E+00
                     501191 to 481150  0.00000E+00      mt=  22
                     501191 to 481151  0.00000E+00      mt=  22
                     501191 to 491190  3.02827E-14      mt= 103
                     501191 to 491191  4.45918E-15      mt= 103
                     501191 to 491170  0.00000E+00      mt= 105
                     501191 to 491171  0.00000E+00      mt= 105
                     501191 to 501180  1.75266E-11      mt=  16
                     501191 to 501200  1.85554E+00      mt= 102
                     501191 to 481160  1.00002E-10      mt= 107
                     501191 tot-cap    1.85554E+00
                     501200 to 501210  1.12759E-01      mt= 102
                     501200 to 501211  9.09350E-04      mt= 102
                     501200 to 501190  5.89668E-13      mt=  16
                     501200 to 501191  5.65793E-13      mt=  16
                     501200 to 491200  0.00000E+00      mt= 103
                     501200 to 491201  0.00000E+00      mt= 103
                     501200 to 491202  0.00000E+00      mt= 103
                     501200 to 481170  1.00000E-10      mt= 107
                     501200 to 481171  1.00000E-10      mt= 107
                     501200 tot-cap    1.13669E-01
                     501210 to 481170  0.00000E+00      mt=  22
                     501210 to 481171  0.00000E+00      mt=  22
                     501210 to 491210  0.00000E+00      mt= 103
                     501210 to 491211  0.00000E+00      mt= 103
                     501210 to 491190  0.00000E+00      mt= 105
                     501210 to 501200  7.35401E-11      mt=  16
                     501210 to 501220  1.36202E+01      mt= 102
                     501210 to 481180  1.00000E-10      mt= 107
                     501210 tot-cap    1.36202E+01
                     501211 to 481170  0.00000E+00      mt=  22
                     501211 to 481171  0.00000E+00      mt=  22
                     501211 to 491210  3.40731E-15      mt= 103
                     501211 to 491211  0.00000E+00      mt= 103
                     501211 to 491200  0.00000E+00      mt= 104
                     501211 to 491201  0.00000E+00      mt= 104
                     501211 to 491202  0.00000E+00      mt= 104
                     501211 to 491190  0.00000E+00      mt= 105
                     501211 to 501200  2.75899E-11      mt=  16
                     501211 to 501220  1.36202E+01      mt= 102
                     501211 to 481180  1.00000E-10      mt= 107
                     501211 tot-cap    1.36202E+01
                     501220 to 501230  1.02227E-03      mt= 102
                     501220 to 501231  1.45016E-01      mt= 102
                     501220 to 501210  1.61835E-12      mt=  16
                     501220 to 501211  2.12994E-12      mt=  16
                     501220 to 481190  0.00000E+00      mt= 107
                     501220 to 481191  0.00000E+00      mt= 107
                     501220 tot-cap    1.46038E-01
                     501230 to 481190  0.00000E+00      mt=  22
                     501230 to 481191  0.00000E+00      mt=  22
                     501230 to 491230  2.07353E-14      mt= 103
                     501230 to 491231  6.04201E-15      mt= 103
                     501230 to 491220  0.00000E+00      mt= 104
                     501230 to 491221  0.00000E+00      mt= 104
                     501230 to 491222  0.00000E+00      mt= 104
                     501230 to 491210  0.00000E+00      mt= 105
                     501230 to 491211  0.00000E+00      mt= 105
                     501230 to 501220  3.82884E-11      mt=  16
                     501230 to 501240  2.66323E-02      mt= 102
                     501230 to 481200  1.89980E-13      mt= 107
                     501230 tot-cap    2.66323E-02
                     501240 to 501250  4.14066E-03      mt= 102
                     501240 to 501251  1.07768E-01      mt= 102
                     501240 to 501230  3.30637E-12      mt=  16
                     501240 to 501231  2.24034E-12      mt=  16
                     501240 tot-cap    1.11909E-01
                     501250 to 481211  0.00000E+00      mt=  22
                     501250 to 491250  4.93255E-15      mt= 103
                     501250 to 491251  0.00000E+00      mt= 103
                     501250 to 491230  0.00000E+00      mt= 105
                     501250 to 491231  0.00000E+00      mt= 105
                     501250 to 501240  5.58261E-11      mt=  16
                     501250 to 501260  4.43513E-01      mt= 102
                     501250 to 481220  1.31806E-13      mt= 107
                     501250 tot-cap    4.43513E-01
                     501260 to 501270  7.25260E-02      mt= 102
                     501260 to 501271  1.69227E-01      mt= 102
                     501260 to 501250  7.07284E-12      mt=  16
                     501260 to 501251  3.93747E-12      mt=  16
                     501260 to 491260  0.00000E+00      mt= 103
                     501260 to 491261  0.00000E+00      mt= 103
                     501260 to 481230  0.00000E+00      mt= 107
                     501260 tot-cap    2.41753E-01
                     511190 to 511200  2.35616E+01      mt= 102
                     511190 to 511201  3.91177E-01      mt= 102
                     511190 to 511180  4.04149E-14      mt=  16
                     511190 to 511181  1.20855E-14      mt=  16
                     511190 to 491150  8.15230E-15      mt=  22
                     511190 to 491151  0.00000E+00      mt=  22
                     511190 to 501190  1.10056E-10      mt= 103
                     511190 to 501191  1.05177E-10      mt= 103
                     511190 to 501170  0.00000E+00      mt= 105
                     511190 to 501171  0.00000E+00      mt= 105
                     511190 to 491170  0.00000E+00      mt= 106
                     511190 to 491171  0.00000E+00      mt= 106
                     511190 to 491160  1.00005E-10      mt= 107
                     511190 to 491161  1.00012E-10      mt= 107
                     511190 to 491162  1.00001E-10      mt= 107
                     511190 to 501180  5.57717E-13      mt=  28
                     511190 tot-cap    2.39528E+01
                     511201 to 491160  0.00000E+00      mt=  22
                     511201 to 491161  0.00000E+00      mt=  22
                     511201 to 491162  0.00000E+00      mt=  22
                     511201 to 501190  3.17071E-15      mt=  28
                     511201 to 501191  2.80988E-14      mt=  28
                     511201 to 491180  0.00000E+00      mt= 106
                     511201 to 491181  0.00000E+00      mt= 106
                     511201 to 491182  0.00000E+00      mt= 106
                     511201 to 491170  1.00045E-10      mt= 107
                     511201 to 491171  1.00011E-10      mt= 107
                     511201 to 511190  9.68883E-12      mt=  16
                     511201 to 511210  7.66616E+01      mt= 102
                     511201 to 501200  1.01384E-10      mt= 103
                     511201 to 501180  0.00000E+00      mt= 105
                     511201 tot-cap    7.66616E+01
                     511210 to 511220  5.90861E+00      mt= 102
                     511210 to 511221  3.97275E-01      mt= 102
                     511210 to 511200  6.55094E-13      mt=  16
                     511210 to 511201  3.11139E-13      mt=  16
                     511210 to 491170  0.00000E+00      mt=  22
                     511210 to 491171  0.00000E+00      mt=  22
                     511210 to 501210  1.00399E-10      mt= 103
                     511210 to 501211  1.00368E-10      mt= 103
                     511210 to 501190  0.00000E+00      mt= 105
                     511210 to 501191  0.00000E+00      mt= 105
                     511210 to 491190  0.00000E+00      mt= 106
                     511210 to 491191  0.00000E+00      mt= 106
                     511210 to 491180  6.87664E-13      mt= 107
                     511210 to 491181  7.44968E-13      mt= 107
                     511210 to 491182  8.49921E-14      mt= 107
                     511210 to 501200  4.84982E-14      mt=  28
                     511210 tot-cap    6.30589E+00
                     511220 to 491180  0.00000E+00      mt=  22
                     511220 to 491181  0.00000E+00      mt=  22
                     511220 to 491182  0.00000E+00      mt=  22
                     511220 to 501210  0.00000E+00      mt=  28
                     511220 to 501211  0.00000E+00      mt=  28
                     511220 to 491200  0.00000E+00      mt= 106
                     511220 to 491201  0.00000E+00      mt= 106
                     511220 to 491202  0.00000E+00      mt= 106
                     511220 to 491190  1.00006E-10      mt= 107
                     511220 to 491191  1.00004E-10      mt= 107
                     511220 to 511210  6.40578E-11      mt=  16
                     511220 to 511230  3.76271E+01      mt= 102
                     511220 to 501220  1.07362E-10      mt= 103
                     511220 to 501200  0.00000E+00      mt= 105
                     511220 tot-cap    3.76271E+01
                     511230 to 511240  3.77278E+00      mt= 102
                     511230 to 511241  3.83027E-02      mt= 102
                     511230 to 511242  1.91512E-02      mt= 102
                     511230 to 511220  1.43836E-12      mt=  16
                     511230 to 511221  3.92625E-13      mt=  16
                     511230 to 491190  0.00000E+00      mt=  22
                     511230 to 491191  0.00000E+00      mt=  22
                     511230 to 501230  2.02388E-13      mt= 103
                     511230 to 501231  7.70283E-14      mt= 103
                     511230 to 501210  0.00000E+00      mt= 105
                     511230 to 501211  0.00000E+00      mt= 105
                     511230 to 491200  5.46877E-13      mt= 107
                     511230 to 491201  5.92451E-13      mt= 107
                     511230 to 491202  6.75915E-14      mt= 107
                     511230 to 501220  1.13560E-14      mt=  28
                     511230 tot-cap    3.83023E+00
                     511240 to 491200  0.00000E+00      mt=  22
                     511240 to 491201  0.00000E+00      mt=  22
                     511240 to 491202  0.00000E+00      mt=  22
                     511240 to 501230  4.36129E-15      mt=  28
                     511240 to 501231  0.00000E+00      mt=  28
                     511240 to 491210  1.02248E-12      mt= 107
                     511240 to 491211  3.22888E-13      mt= 107
                     511240 to 511230  8.30969E-11      mt=  16
                     511240 to 511250  1.88346E+01      mt= 102
                     511240 to 501240  1.08644E-10      mt= 103
                     511240 to 501220  0.00000E+00      mt= 105
                     511240 tot-cap    1.88346E+01
                     511250 to 511260  2.34753E-01      mt= 102
                     511250 to 511261  5.18076E-02      mt= 102
                     511250 to 511262  5.22933E-01      mt= 102
                     511250 to 511240  4.84865E-13      mt=  16
                     511250 to 511241  1.12112E-12      mt=  16
                     511250 to 511242  2.11020E-13      mt=  16
                     511250 to 491210  0.00000E+00      mt=  22
                     511250 to 491211  0.00000E+00      mt=  22
                     511250 to 501250  1.80618E-13      mt= 103
                     511250 to 501251  1.12304E-13      mt= 103
                     511250 to 501230  0.00000E+00      mt= 105
                     511250 to 501231  0.00000E+00      mt= 105
                     511250 to 491220  1.95230E-13      mt= 107
                     511250 to 491221  3.47075E-13      mt= 107
                     511250 to 491222  2.41295E-14      mt= 107
                     511250 to 501240  4.81231E-15      mt=  28
                     511250 tot-cap    8.09493E-01
                     511260 to 491220  0.00000E+00      mt=  22
                     511260 to 491221  0.00000E+00      mt=  22
                     511260 to 491222  0.00000E+00      mt=  22
                     511260 to 501250  0.00000E+00      mt=  28
                     511260 to 501251  0.00000E+00      mt=  28
                     511260 to 491230  4.26367E-13      mt= 107
                     511260 to 491231  1.34642E-13      mt= 107
                     511260 to 511250  9.61470E-11      mt=  16
                     511260 to 511270  4.71305E+00      mt= 102
                     511260 to 501260  1.02542E-10      mt= 103
                     511260 to 501240  0.00000E+00      mt= 105
                     511260 tot-cap    4.71305E+00
                     511270 to 511280  1.02174E+01      mt= 102
                     511270 to 511281  2.24497E+00      mt= 102
                     511270 to 511260  3.91412E-13      mt=  16
                     511270 to 511261  1.56599E-12      mt=  16
                     511270 to 511262  1.24989E-12      mt=  16
                     511270 to 491230  0.00000E+00      mt=  22
                     511270 to 491231  0.00000E+00      mt=  22
                     511270 to 501270  0.00000E+00      mt= 103
                     511270 to 501271  0.00000E+00      mt= 103
                     511270 to 501250  0.00000E+00      mt= 105
                     511270 to 501251  0.00000E+00      mt= 105
                     511270 to 491240  0.00000E+00      mt= 107
                     511270 to 491241  0.00000E+00      mt= 107
                     511270 to 501260  0.00000E+00      mt=  28
                     511270 tot-cap    1.24624E+01
                     521180 to 521190  1.47126E+01      mt= 102
                     521180 to 521191  2.20268E+00      mt= 102
                     521180 to 511180  1.57561E-10      mt= 103
                     521180 to 511181  1.14390E-10      mt= 103
                     521180 to 501170  0.00000E+00      mt= 111
                     521180 to 501171  0.00000E+00      mt= 111
                     521180 to 501140  1.00048E-10      mt=  22
                     521180 to 511170  6.49568E-13      mt=  28
                     521180 to 501160  0.00000E+00      mt= 106
                     521180 to 501150  2.07694E-10      mt= 107
                     521180 tot-cap    1.69153E+01
                     521190 to 511180  3.40982E-14      mt=  28
                     521190 to 511181  1.22484E-14      mt=  28
                     521190 to 501170  0.00000E+00      mt= 106
                     521190 to 501171  0.00000E+00      mt= 106
                     521190 to 521180  9.06454E-12      mt=  16
                     521190 to 501150  1.00010E-10      mt=  22
                     521190 to 521200  3.59522E+01      mt= 102
                     521190 to 511190  4.09569E-09      mt= 103
                     521190 to 511170  0.00000E+00      mt= 105
                     521190 to 501160  1.40043E-08      mt= 107
                     521190 to 501180  0.00000E+00      mt= 111
                     521190 tot-cap    3.59522E+01
                     521191 to 511180  7.71672E-14      mt=  28
                     521191 to 511181  4.52701E-14      mt=  28
                     521191 to 501170  0.00000E+00      mt= 106
                     521191 to 501171  0.00000E+00      mt= 106
                     521191 to 521180  5.00599E-12      mt=  16
                     521191 to 501150  1.00012E-10      mt=  22
                     521191 to 521200  3.59522E+01      mt= 102
                     521191 to 511190  1.58329E-09      mt= 103
                     521191 to 511170  0.00000E+00      mt= 105
                     521191 to 501160  4.48155E-10      mt= 107
                     521191 to 501180  0.00000E+00      mt= 111
                     521191 tot-cap    3.59522E+01
                     521200 to 521210  1.61139E+00      mt= 102
                     521200 to 521211  2.01676E-01      mt= 102
                     521200 to 511200  1.66756E-11      mt= 103
                     521200 to 511201  1.61095E-12      mt= 103
                     521200 to 511180  0.00000E+00      mt= 105
                     521200 to 511181  0.00000E+00      mt= 105
                     521200 to 501170  1.06565E-10      mt= 107
                     521200 to 501171  1.05158E-10      mt= 107
                     521200 to 501191  0.00000E+00      mt= 111
                     521200 to 501160  1.48764E-11      mt=  22
                     521200 to 511190  3.45094E-14      mt=  28
                     521200 to 501180  0.00000E+00      mt= 106
                     521200 tot-cap    1.81307E+00
                     521210 to 501170  6.09283E-13      mt=  22
                     521210 to 501171  3.48030E-13      mt=  22
                     521210 to 511200  4.30899E-15      mt=  28
                     521210 to 511201  0.00000E+00      mt=  28
                     521210 to 521200  1.72278E-11      mt=  16
                     521210 to 521220  2.87239E+01      mt= 102
                     521210 to 511210  1.26928E-10      mt= 103
                     521210 to 511190  0.00000E+00      mt= 105
                     521210 to 501180  2.36551E-10      mt= 107
                     521210 to 501200  0.00000E+00      mt= 111
                     521210 tot-cap    2.87239E+01
                     521211 to 501170  2.30884E-13      mt=  22
                     521211 to 501171  5.21872E-13      mt=  22
                     521211 to 511200  0.00000E+00      mt=  28
                     521211 to 511201  0.00000E+00      mt=  28
                     521211 to 501190  0.00000E+00      mt= 106
                     521211 to 501191  0.00000E+00      mt= 106
                     521211 to 521200  1.01606E-11      mt=  16
                     521211 to 521220  2.87239E+01      mt= 102
                     521211 to 511210  1.22312E-10      mt= 103
                     521211 to 511190  0.00000E+00      mt= 105
                     521211 to 501180  1.20072E-10      mt= 107
                     521211 to 501200  0.00000E+00      mt= 111
                     521211 tot-cap    2.87239E+01
                     521220 to 521230  1.51141E+00      mt= 102
                     521220 to 521231  8.31862E-01      mt= 102
                     521220 to 521210  0.00000E+00      mt=  16
                     521220 to 511220  1.41423E-12      mt= 103
                     521220 to 511221  1.49384E-13      mt= 103
                     521220 to 511200  0.00000E+00      mt= 105
                     521220 to 511201  0.00000E+00      mt= 105
                     521220 to 501190  1.02434E-10      mt= 107
                     521220 to 501191  1.01913E-10      mt= 107
                     521220 to 501180  7.03997E-13      mt=  22
                     521220 to 511210  7.79564E-15      mt=  28
                     521220 to 501200  0.00000E+00      mt= 106
                     521220 tot-cap    2.34327E+00
                     521230 to 501190  7.35942E-15      mt=  22
                     521230 to 501191  1.01445E-14      mt=  22
                     521230 to 511220  6.00916E-15      mt=  28
                     521230 to 511221  0.00000E+00      mt=  28
                     521230 to 501210  0.00000E+00      mt= 106
                     521230 to 501211  0.00000E+00      mt= 106
                     521230 to 521220  3.02497E-11      mt=  16
                     521230 to 521240  6.20135E+02      mt= 102
                     521230 to 511230  1.11997E-10      mt= 103
                     521230 to 511210  0.00000E+00      mt= 105
                     521230 to 501200  6.81261E-05      mt= 107
                     521230 tot-cap    6.20135E+02
                     521231 to 501190  4.51754E-15      mt=  22
                     521231 to 501191  1.70702E-14      mt=  22
                     521231 to 511220  0.00000E+00      mt=  28
                     521231 to 511221  0.00000E+00      mt=  28
                     521231 to 501210  0.00000E+00      mt= 106
                     521231 to 501211  0.00000E+00      mt= 106
                     521231 to 521220  1.58993E-11      mt=  16
                     521231 to 521240  6.20135E+02      mt= 102
                     521231 to 511230  1.00838E-10      mt= 103
                     521231 to 511210  0.00000E+00      mt= 105
                     521231 to 501200  1.01091E-10      mt= 107
                     521231 tot-cap    6.20135E+02
                     521240 to 521250  5.44141E+00      mt= 102
                     521240 to 521251  3.83584E-02      mt= 102
                     521240 to 521230  8.31141E-14      mt=  16
                     521240 to 521231  3.09113E-14      mt=  16
                     521240 to 511240  1.73653E-13      mt= 103
                     521240 to 511241  1.79080E-13      mt= 103
                     521240 to 511242  2.00736E-14      mt= 103
                     521240 to 511220  0.00000E+00      mt= 105
                     521240 to 511221  0.00000E+00      mt= 105
                     521240 to 501210  1.00972E-10      mt= 107
                     521240 to 501211  1.00764E-10      mt= 107
                     521240 to 501200  5.23743E-15      mt=  22
                     521240 to 511230  3.89297E-15      mt=  28
                     521240 to 501220  0.00000E+00      mt= 106
                     521240 tot-cap    5.47977E+00
                     521250 to 501210  0.00000E+00      mt=  22
                     521250 to 501211  0.00000E+00      mt=  22
                     521250 to 511240  0.00000E+00      mt=  28
                     521250 to 511241  0.00000E+00      mt=  28
                     521250 to 511242  0.00000E+00      mt=  28
                     521250 to 501230  0.00000E+00      mt= 106
                     521250 to 501231  0.00000E+00      mt= 106
                     521250 to 521240  5.46805E-11      mt=  16
                     521250 to 521260  1.25620E+00      mt= 102
                     521250 to 511250  1.04112E-10      mt= 103
                     521250 to 511230  0.00000E+00      mt= 105
                     521250 to 501220  1.03379E-10      mt= 107
                     521250 tot-cap    1.25620E+00
                     521251 to 501210  0.00000E+00      mt=  22
                     521251 to 501211  0.00000E+00      mt=  22
                     521251 to 511240  0.00000E+00      mt=  28
                     521251 to 511241  0.00000E+00      mt=  28
                     521251 to 511242  0.00000E+00      mt=  28
                     521251 to 501230  0.00000E+00      mt= 106
                     521251 to 501231  0.00000E+00      mt= 106
                     521251 to 521240  2.73973E-11      mt=  16
                     521251 to 521260  1.25620E+00      mt= 102
                     521251 to 511250  1.00093E-10      mt= 103
                     521251 to 511230  0.00000E+00      mt= 105
                     521251 to 501220  1.00038E-10      mt= 107
                     521251 tot-cap    1.25620E+00
                     521260 to 521270  7.28056E-01      mt= 102
                     521260 to 521271  1.08790E-01      mt= 102
                     521260 to 521250  4.47774E-13      mt=  16
                     521260 to 521251  5.56185E-13      mt=  16
                     521260 to 511260  1.36380E-14      mt= 103
                     521260 to 511261  5.89281E-14      mt= 103
                     521260 to 511262  2.43765E-14      mt= 103
                     521260 to 511240  0.00000E+00      mt= 105
                     521260 to 511241  0.00000E+00      mt= 105
                     521260 to 511242  0.00000E+00      mt= 105
                     521260 to 501230  1.00001E-10      mt= 107
                     521260 to 501231  1.00001E-10      mt= 107
                     521260 to 501220  0.00000E+00      mt=  22
                     521260 to 511250  0.00000E+00      mt=  28
                     521260 to 501240  0.00000E+00      mt= 106
                     521260 tot-cap    8.36847E-01
                     521270 to 501230  0.00000E+00      mt=  22
                     521270 to 501231  0.00000E+00      mt=  22
                     521270 to 511260  0.00000E+00      mt=  28
                     521270 to 511261  0.00000E+00      mt=  28
                     521270 to 511262  0.00000E+00      mt=  28
                     521270 to 501250  0.00000E+00      mt= 106
                     521270 to 501251  0.00000E+00      mt= 106
                     521270 to 521260  7.15940E-11      mt=  16
                     521270 to 521280  2.72138E+03      mt= 102
                     521270 to 511270  3.02811E-14      mt= 103
                     521270 to 511250  0.00000E+00      mt= 105
                     521270 to 501240  1.00009E-10      mt= 107
                     521270 tot-cap    2.72138E+03
                     521271 to 501230  0.00000E+00      mt=  22
                     521271 to 501231  0.00000E+00      mt=  22
                     521271 to 511260  0.00000E+00      mt=  28
                     521271 to 511261  0.00000E+00      mt=  28
                     521271 to 511262  0.00000E+00      mt=  28
                     521271 to 501250  0.00000E+00      mt= 106
                     521271 to 501251  0.00000E+00      mt= 106
                     521271 to 521260  3.71961E-11      mt=  16
                     521271 to 521280  2.72305E+03      mt= 102
                     521271 to 511270  2.30647E-14      mt= 103
                     521271 to 501240  1.00008E-10      mt= 107
                     521271 tot-cap    2.72305E+03
                     521280 to 521290  1.60398E-01      mt= 102
                     521280 to 521291  1.28180E-02      mt= 102
                     521280 to 521270  1.59316E-12      mt=  16
                     521280 to 521271  1.47011E-12      mt=  16
                     521280 to 511280  1.66721E-14      mt= 103
                     521280 to 511281  1.66493E-14      mt= 103
                     521280 to 511260  0.00000E+00      mt= 105
                     521280 to 511261  0.00000E+00      mt= 105
                     521280 to 511262  0.00000E+00      mt= 105
                     521280 to 501250  5.33895E-13      mt= 107
                     521280 to 501251  5.86428E-13      mt= 107
                     521280 to 501240  0.00000E+00      mt=  22
                     521280 to 511270  0.00000E+00      mt=  28
                     521280 to 501260  0.00000E+00      mt= 106
                     521280 tot-cap    1.73216E-01
                     521290 to 501250  0.00000E+00      mt=  22
                     521290 to 501251  0.00000E+00      mt=  22
                     521290 to 511280  0.00000E+00      mt=  28
                     521290 to 511281  0.00000E+00      mt=  28
                     521290 to 511290  1.13316E-13      mt= 103
                     521290 to 511291  0.00000E+00      mt= 103
                     521290 to 521280  9.03571E-11      mt=  16
                     521290 to 521300  8.86694E-01      mt= 102
                     521290 to 511270  0.00000E+00      mt= 105
                     521290 to 501260  1.00529E-10      mt= 107
                     521290 tot-cap    8.86694E-01
                     521291 to 501250  0.00000E+00      mt=  22
                     521291 to 501251  0.00000E+00      mt=  22
                     521291 to 511280  0.00000E+00      mt=  28
                     521291 to 511281  0.00000E+00      mt=  28
                     521291 to 511290  1.08456E-14      mt= 103
                     521291 to 511291  0.00000E+00      mt= 103
                     521291 to 521280  4.73616E-11      mt=  16
                     521291 to 521300  8.86694E-01      mt= 102
                     521291 to 511270  0.00000E+00      mt= 105
                     521291 to 501260  1.00002E-10      mt= 107
                     521291 tot-cap    8.86694E-01
                     521300 to 521310  2.00276E-01      mt= 102
                     521300 to 521311  3.34182E-02      mt= 102
                     521300 to 521290  3.86346E-12      mt=  16
                     521300 to 521291  3.95326E-12      mt=  16
                     521300 to 511300  8.93975E-15      mt= 103
                     521300 to 511301  7.92365E-15      mt= 103
                     521300 to 511290  0.00000E+00      mt= 104
                     521300 to 511291  0.00000E+00      mt= 104
                     521300 to 511280  0.00000E+00      mt= 105
                     521300 to 511281  0.00000E+00      mt= 105
                     521300 to 501270  4.03749E-13      mt= 107
                     521300 to 501271  2.58134E-13      mt= 107
                     521300 to 501260  0.00000E+00      mt=  22
                     521300 tot-cap    2.33694E-01
                     521311 to 501270  0.00000E+00      mt=  22
                     521311 to 501271  0.00000E+00      mt=  22
                     521311 to 511310  4.44863E-15      mt= 103
                     521311 to 511311  0.00000E+00      mt= 103
                     521311 to 511290  0.00000E+00      mt= 105
                     521311 to 511291  0.00000E+00      mt= 105
                     521311 to 501280  1.00001E-10      mt= 107
                     521311 to 501281  1.00000E-10      mt= 107
                     521311 to 521300  6.95922E-11      mt=  16
                     521311 to 521320  1.03902E+01      mt= 102
                     521311 tot-cap    1.03902E+01
                     521320 to 521330  1.40212E-03      mt= 102
                     521320 to 521331  2.09512E-04      mt= 102
                     521320 to 521310  5.18844E-12      mt=  16
                     521320 to 521311  5.39472E-12      mt=  16
                     521320 to 501280  0.00000E+00      mt=  22
                     521320 to 501281  0.00000E+00      mt=  22
                     521320 to 511320  0.00000E+00      mt= 103
                     521320 to 511321  0.00000E+00      mt= 103
                     521320 to 511310  0.00000E+00      mt= 104
                     521320 to 511311  0.00000E+00      mt= 104
                     521320 to 511300  0.00000E+00      mt= 105
                     521320 to 511301  0.00000E+00      mt= 105
                     521320 to 501290  2.53679E-13      mt= 107
                     521320 to 501291  1.99319E-13      mt= 107
                     521320 tot-cap    1.61163E-03
                     531230 to 521230  1.21259E-10      mt= 103
                     531230 to 521231  1.12272E-10      mt= 103
                     531230 to 521210  0.00000E+00      mt= 105
                     531230 to 521211  0.00000E+00      mt= 105
                     531230 to 511200  1.00435E-10      mt= 107
                     531230 to 511201  1.00034E-10      mt= 107
                     531230 to 511190  2.08037E-12      mt=  22
                     531230 to 521220  5.62127E-13      mt=  28
                     531230 to 531240  3.63300E+01      mt= 102
                     531230 to 511210  0.00000E+00      mt= 106
                     531230 tot-cap    3.63300E+01
                     531240 to 511200  2.11681E-14      mt=  22
                     531240 to 511201  5.28001E-15      mt=  22
                     531240 to 521230  2.11398E-14      mt=  28
                     531240 to 521231  2.23054E-14      mt=  28
                     531240 to 511220  0.00000E+00      mt= 106
                     531240 to 511221  0.00000E+00      mt= 106
                     531240 to 531230  2.02899E-11      mt=  16
                     531240 to 531250  4.54215E+01      mt= 102
                     531240 to 521240  6.76134E-10      mt= 103
                     531240 to 521220  0.00000E+00      mt= 105
                     531240 to 511210  1.02852E-10      mt= 107
                     531240 tot-cap    4.54215E+01
                     531250 to 521250  1.00449E-10      mt= 103
                     531250 to 521251  1.00509E-10      mt= 103
                     531250 to 521230  0.00000E+00      mt= 105
                     531250 to 521231  0.00000E+00      mt= 105
                     531250 to 511220  1.00029E-10      mt= 107
                     531250 to 511221  1.00003E-10      mt= 107
                     531250 to 531240  1.10390E-13      mt=  16
                     531250 to 511210  3.90856E-14      mt=  22
                     531250 to 521240  5.68780E-14      mt=  28
                     531250 to 531260  7.95575E+02      mt= 102
                     531250 to 511230  0.00000E+00      mt= 106
                     531250 tot-cap    7.95575E+02
                     531260 to 511220  1.08590E-13      mt=  22
                     531260 to 511221  1.92521E-14      mt=  22
                     531260 to 521250  1.22482E-13      mt=  28
                     531260 to 521251  1.89580E-13      mt=  28
                     531260 to 511240  0.00000E+00      mt= 106
                     531260 to 511241  0.00000E+00      mt= 106
                     531260 to 511242  0.00000E+00      mt= 106
                     531260 to 531250  6.36483E-11      mt=  16
                     531260 to 531270  9.20868E+03      mt= 102
                     531260 to 521260  2.20175E-10      mt= 103
                     531260 to 521240  0.00000E+00      mt= 105
                     531260 to 511230  1.00625E-10      mt= 107
                     531260 tot-cap    9.20868E+03
                     531270 to 521270  1.00168E-10      mt= 103
                     531270 to 521271  5.93472E-13      mt= 103
                     531270 to 521250  0.00000E+00      mt= 105
                     531270 to 521251  0.00000E+00      mt= 105
                     531270 to 511240  1.00228E-10      mt= 107
                     531270 to 511241  1.00247E-10      mt= 107
                     531270 to 511242  1.00028E-10      mt= 107
                     531270 to 531260  4.15841E-13      mt=  16
                     531270 to 511230  0.00000E+00      mt=  22
                     531270 to 521260  2.54077E-14      mt=  28
                     531270 to 531280  5.45169E+00      mt= 102
                     531270 to 511250  0.00000E+00      mt= 106
                     531270 tot-cap    5.45169E+00
                     531280 to 511240  0.00000E+00      mt=  22
                     531280 to 511241  0.00000E+00      mt=  22
                     531280 to 511242  0.00000E+00      mt=  22
                     531280 to 521270  0.00000E+00      mt=  28
                     531280 to 521271  0.00000E+00      mt=  28
                     531280 to 511260  0.00000E+00      mt= 106
                     531280 to 511261  0.00000E+00      mt= 106
                     531280 to 511262  0.00000E+00      mt= 106
                     531280 to 531270  6.47549E-11      mt=  16
                     531280 to 531290  1.77848E+01      mt= 102
                     531280 to 521280  1.00475E-10      mt= 103
                     531280 to 521260  0.00000E+00      mt= 105
                     531280 to 511250  1.00018E-10      mt= 107
                     531280 tot-cap    1.77848E+01
                     531290 to 531300  1.11680E+01      mt= 102
                     531290 to 531301  1.58732E+01      mt= 102
                     531290 to 521290  3.38186E-14      mt= 103
                     531290 to 521291  1.64295E-13      mt= 103
                     531290 to 521270  0.00000E+00      mt= 105
                     531290 to 521271  0.00000E+00      mt= 105
                     531290 to 511260  1.00000E-10      mt= 107
                     531290 to 511261  1.00000E-10      mt= 107
                     531290 to 511262  1.00000E-10      mt= 107
                     531290 to 531280  2.52501E-12      mt=  16
                     531290 to 511250  1.21431E-13      mt=  22
                     531290 to 521280  0.00000E+00      mt= 104
                     531290 to 511270  0.00000E+00      mt= 106
                     531290 tot-cap    2.70412E+01
                     531300 to 511260  0.00000E+00      mt=  22
                     531300 to 511261  0.00000E+00      mt=  22
                     531300 to 511262  0.00000E+00      mt=  22
                     531300 to 521290  0.00000E+00      mt=  28
                     531300 to 521291  0.00000E+00      mt=  28
                     531300 to 511280  0.00000E+00      mt= 106
                     531300 to 511281  0.00000E+00      mt= 106
                     531300 to 531290  6.21045E-11      mt=  16
                     531300 to 531310  1.22202E+01      mt= 102
                     531300 to 521300  1.04632E-10      mt= 103
                     531300 to 521280  0.00000E+00      mt= 105
                     531300 to 511270  1.00970E-10      mt= 107
                     531300 tot-cap    1.22202E+01
                     531310 to 531320  5.55341E-01      mt= 102
                     531310 to 531321  9.02993E-03      mt= 102
                     531310 to 531300  2.90846E-12      mt=  16
                     531310 to 531301  9.67969E-13      mt=  16
                     531310 to 521310  1.07570E-13      mt= 103
                     531310 to 521311  7.95736E-14      mt= 103
                     531310 to 521290  0.00000E+00      mt= 105
                     531310 to 521291  0.00000E+00      mt= 105
                     531310 to 511290  0.00000E+00      mt= 106
                     531310 to 511280  5.91189E-13      mt= 107
                     531310 to 511281  6.40456E-13      mt= 107
                     531310 to 511270  0.00000E+00      mt=  22
                     531310 to 521300  4.20387E-15      mt=  28
                     531310 tot-cap    5.64370E-01
                     531330 to 531340  7.68712E+00      mt= 102
                     531330 to 531341  1.27431E-01      mt= 102
                     531330 to 531320  6.59030E-12      mt=  16
                     531330 to 531321  2.04901E-12      mt=  16
                     531330 to 511290  0.00000E+00      mt=  22
                     531330 to 511291  0.00000E+00      mt=  22
                     531330 to 521330  3.46012E-15      mt= 103
                     531330 to 521331  3.51659E-15      mt= 103
                     531330 to 521310  0.00000E+00      mt= 105
                     531330 to 521311  0.00000E+00      mt= 105
                     531330 to 511300  1.00000E-10      mt= 107
                     531330 to 511301  1.00000E-10      mt= 107
                     531330 to 521320  0.00000E+00      mt=  28
                     531330 tot-cap    7.81455E+00
                     541220 to 531201  0.00000E+00      mt= 105
                     541220 to 521190  1.45102E-10      mt= 107
                     541220 to 521191  1.09024E-10      mt= 107
                     541220 to 521210  0.00000E+00      mt= 111
                     541220 to 521211  0.00000E+00      mt= 111
                     541220 to 521180  1.00010E-10      mt=  22
                     541220 to 531210  2.14092E-12      mt=  28
                     541220 to 541230  2.23336E+00      mt= 102
                     541220 to 531220  2.31745E-10      mt= 103
                     541220 to 521200  0.00000E+00      mt= 106
                     541220 tot-cap    2.23336E+00
                     541240 to 541250  1.30030E+02      mt= 102
                     541240 to 541251  2.66327E+01      mt= 102
                     541240 to 521210  1.00233E-10      mt= 107
                     541240 to 521211  1.00183E-10      mt= 107
                     541240 to 521231  0.00000E+00      mt= 111
                     541240 to 521200  2.64073E-12      mt=  22
                     541240 to 531230  4.41974E-14      mt=  28
                     541240 to 531240  1.01315E-10      mt= 103
                     541240 to 531220  0.00000E+00      mt= 105
                     541240 to 521220  0.00000E+00      mt= 106
                     541240 tot-cap    1.56663E+02
                     541250 to 521210  4.10345E-14      mt=  22
                     541250 to 521211  2.12856E-14      mt=  22
                     541250 to 521230  0.00000E+00      mt= 106
                     541250 to 521231  0.00000E+00      mt= 106
                     541250 to 541240  1.14525E-11      mt=  16
                     541250 to 531240  5.09202E-15      mt=  28
                     541250 to 541260  2.77725E+01      mt= 102
                     541250 to 531250  2.76665E-10      mt= 103
                     541250 to 531230  0.00000E+00      mt= 105
                     541250 to 521220  2.41509E-02      mt= 107
                     541250 to 521240  0.00000E+00      mt= 111
                     541250 tot-cap    2.77966E+01
                     541260 to 541270  1.56134E+00      mt= 102
                     541260 to 541271  2.33304E-01      mt= 102
                     541260 to 521230  1.00041E-10      mt= 107
                     541260 to 521231  1.00032E-10      mt= 107
                     541260 to 521220  1.03626E-13      mt=  22
                     541260 to 531250  0.00000E+00      mt=  28
                     541260 to 531260  4.46404E-13      mt= 103
                     541260 to 531240  0.00000E+00      mt= 105
                     541260 to 521240  0.00000E+00      mt= 106
                     541260 tot-cap    1.79464E+00
                     541270 to 521230  8.14889E-14      mt=  22
                     541270 to 521231  7.11233E-14      mt=  22
                     541270 to 521250  0.00000E+00      mt= 106
                     541270 to 521251  0.00000E+00      mt= 106
                     541270 to 541260  3.78206E-11      mt=  16
                     541270 to 531260  3.62810E-15      mt=  28
                     541270 to 541280  2.56905E+01      mt= 102
                     541270 to 531270  1.32404E-10      mt= 103
                     541270 to 531250  0.00000E+00      mt= 105
                     541270 to 521240  8.05030E-03      mt= 107
                     541270 to 521260  0.00000E+00      mt= 111
                     541270 tot-cap    2.56986E+01
                     541280 to 541290  3.81922E+00      mt= 102
                     541280 to 541291  4.57622E-01      mt= 102
                     541280 to 541270  3.85243E-13      mt=  16
                     541280 to 541271  0.00000E+00      mt=  16
                     541280 to 521250  1.00010E-10      mt= 107
                     541280 to 521251  1.00008E-10      mt= 107
                     541280 to 521240  1.63620E-14      mt=  22
                     541280 to 531270  0.00000E+00      mt=  28
                     541280 to 531280  9.23936E-13      mt= 103
                     541280 to 531260  0.00000E+00      mt= 105
                     541280 to 521260  0.00000E+00      mt= 106
                     541280 tot-cap    4.27684E+00
                     541290 to 521250  4.77990E-15      mt=  22
                     541290 to 521251  6.22048E-15      mt=  22
                     541290 to 521270  0.00000E+00      mt= 106
                     541290 to 521271  0.00000E+00      mt= 106
                     541290 to 541280  8.18535E-11      mt=  16
                     541290 to 531280  0.00000E+00      mt=  28
                     541290 to 541300  1.55137E+01      mt= 102
                     541290 to 531290  1.00121E-10      mt= 103
                     541290 to 531270  0.00000E+00      mt= 105
                     541290 to 521260  1.01015E-10      mt= 107
                     541290 tot-cap    1.55137E+01
                     541291 to 521250  0.00000E+00      mt=  22
                     541291 to 521251  7.86560E-15      mt=  22
                     541291 to 521270  0.00000E+00      mt= 106
                     541291 to 521271  0.00000E+00      mt= 106
                     541291 to 541280  2.10005E-11      mt=  16
                     541291 to 531280  0.00000E+00      mt=  28
                     541291 to 541300  1.55137E+01      mt= 102
                     541291 to 531290  1.00632E-10      mt= 103
                     541291 to 531270  0.00000E+00      mt= 105
                     541291 to 521260  1.00085E-10      mt= 107
                     541291 tot-cap    1.55137E+01
                     541300 to 541310  4.53318E+00      mt= 102
                     541300 to 541311  4.10310E-01      mt= 102
                     541300 to 541290  3.16623E-13      mt=  16
                     541300 to 541291  9.24206E-14      mt=  16
                     541300 to 531300  7.26562E-14      mt= 103
                     541300 to 531301  1.67402E-13      mt= 103
                     541300 to 521270  1.00003E-10      mt= 107
                     541300 to 521271  1.00002E-10      mt= 107
                     541300 to 521260  0.00000E+00      mt=  22
                     541300 to 531290  0.00000E+00      mt=  28
                     541300 to 531280  0.00000E+00      mt= 105
                     541300 to 521280  0.00000E+00      mt= 106
                     541300 tot-cap    4.94349E+00
                     541310 to 521270  0.00000E+00      mt=  22
                     541310 to 521271  0.00000E+00      mt=  22
                     541310 to 531300  0.00000E+00      mt=  28
                     541310 to 531301  0.00000E+00      mt=  28
                     541310 to 521290  0.00000E+00      mt= 106
                     541310 to 521291  0.00000E+00      mt= 106
                     541310 to 541300  1.48214E-10      mt=  16
                     541310 to 541320  7.43073E+01      mt= 102
                     541310 to 531310  1.53492E-12      mt= 103
                     541310 to 531290  0.00000E+00      mt= 105
                     541310 to 521280  1.00235E-10      mt= 107
                     541310 tot-cap    7.43073E+01
                     541311 to 521270  0.00000E+00      mt=  22
                     541311 to 521271  0.00000E+00      mt=  22
                     541311 to 531300  0.00000E+00      mt=  28
                     541311 to 531301  0.00000E+00      mt=  28
                     541311 to 521290  0.00000E+00      mt= 106
                     541311 to 521291  0.00000E+00      mt= 106
                     541311 to 541300  3.00468E-11      mt=  16
                     541311 to 541320  7.43073E+01      mt= 102
                     541311 to 531310  6.21091E-13      mt= 103
                     541311 to 521280  1.00014E-10      mt= 107
                     541311 tot-cap    7.43073E+01
                     541320 to 541330  3.21135E-01      mt= 102
                     541320 to 541331  4.00967E-02      mt= 102
                     541320 to 541310  9.27103E-13      mt=  16
                     541320 to 541311  8.95814E-13      mt=  16
                     541320 to 531320  2.65987E-14      mt= 103
                     541320 to 531321  7.67012E-15      mt= 103
                     541320 to 531300  0.00000E+00      mt= 105
                     541320 to 531301  0.00000E+00      mt= 105
                     541320 to 521290  1.00001E-10      mt= 107
                     541320 to 521291  1.00000E-10      mt= 107
                     541320 to 521280  0.00000E+00      mt=  22
                     541320 to 531310  0.00000E+00      mt=  28
                     541320 to 521300  0.00000E+00      mt= 106
                     541320 tot-cap    3.61232E-01
                     541330 to 541340  1.48296E+02      mt= 102
                     541330 to 541341  6.22756E+00      mt= 102
                     541330 to 521290  0.00000E+00      mt=  22
                     541330 to 521291  0.00000E+00      mt=  22
                     541330 to 531320  0.00000E+00      mt=  28
                     541330 to 531321  0.00000E+00      mt=  28
                     541330 to 531330  2.36851E-13      mt= 103
                     541330 to 531331  0.00000E+00      mt= 103
                     541330 to 521310  0.00000E+00      mt= 106
                     541330 to 521311  0.00000E+00      mt= 106
                     541330 to 541320  5.73090E-11      mt=  16
                     541330 to 531310  0.00000E+00      mt= 105
                     541330 to 521300  1.00710E-10      mt= 107
                     541330 to 521320  0.00000E+00      mt= 111
                     541330 tot-cap    1.54524E+02
                     541331 to 541340  1.47749E+02      mt= 102
                     541331 to 541341  6.15622E+00      mt= 102
                     541331 to 521290  0.00000E+00      mt=  22
                     541331 to 521291  0.00000E+00      mt=  22
                     541331 to 531320  0.00000E+00      mt=  28
                     541331 to 531321  0.00000E+00      mt=  28
                     541331 to 531330  3.95728E-14      mt= 103
                     541331 to 531331  0.00000E+00      mt= 103
                     541331 to 521310  0.00000E+00      mt= 106
                     541331 to 521311  0.00000E+00      mt= 106
                     541331 to 541320  3.32775E-11      mt=  16
                     541331 to 531310  0.00000E+00      mt= 105
                     541331 to 521300  1.00004E-10      mt= 107
                     541331 tot-cap    1.53905E+02
                     541340 to 541350  1.97788E-01      mt= 102
                     541340 to 541351  2.19987E-03      mt= 102
                     541340 to 541330  4.70834E-12      mt=  16
                     541340 to 541331  3.15784E-12      mt=  16
                     541340 to 531330  0.00000E+00      mt=  28
                     541340 to 531340  2.47523E-14      mt= 103
                     541340 to 531341  0.00000E+00      mt= 103
                     541340 to 531331  0.00000E+00      mt= 104
                     541340 to 531320  0.00000E+00      mt= 105
                     541340 to 531321  0.00000E+00      mt= 105
                     541340 to 521310  1.00000E-10      mt= 107
                     541340 to 521311  1.00000E-10      mt= 107
                     541340 to 521300  0.00000E+00      mt=  22
                     541340 to 521320  0.00000E+00      mt= 106
                     541340 tot-cap    1.99987E-01
                     541350 to 541340  8.87070E-11      mt=  16
                     541350 to 541341  2.14362E-12      mt=  16
                     541350 to 521310  0.00000E+00      mt=  22
                     541350 to 521311  0.00000E+00      mt=  22
                     541350 to 531340  0.00000E+00      mt=  28
                     541350 to 531330  0.00000E+00      mt= 105
                     541350 to 541360  2.08322E+06      mt= 102
                     541350 to 531350  5.63725E-15      mt= 103
                     541350 to 521320  1.00001E-10      mt= 107
                     541350 tot-cap    2.08322E+06
                     541360 to 541350  9.70272E-12      mt=  16
                     541360 to 541351  6.20695E-12      mt=  16
                     541360 to 531360  0.00000E+00      mt= 103
                     541360 to 531361  0.00000E+00      mt= 103
                     541360 to 531340  0.00000E+00      mt= 105
                     541360 to 531341  0.00000E+00      mt= 105
                     541360 to 521330  1.00000E-10      mt= 107
                     541360 to 521331  1.00000E-10      mt= 107
                     541360 to 521320  0.00000E+00      mt=  22
                     541360 to 541370  2.09449E-01      mt= 102
                     541360 to 531350  0.00000E+00      mt= 104
                     541360 tot-cap    2.09449E-01
                     551290 to 541290  1.27303E-10      mt= 103
                     551290 to 541291  1.01491E-10      mt= 103
                     551290 to 541270  0.00000E+00      mt= 105
                     551290 to 541271  0.00000E+00      mt= 105
                     551290 to 551280  1.24553E-14      mt=  16
                     551290 to 531250  2.34903E-13      mt=  22
                     551290 to 541280  4.63040E-13      mt=  28
                     551290 to 551300  2.58094E+01      mt= 102
                     551290 to 531270  0.00000E+00      mt= 106
                     551290 to 531260  1.00071E-10      mt= 107
                     551290 tot-cap    2.58094E+01
                     551310 to 541310  1.01431E-10      mt= 103
                     551310 to 541311  1.01050E-10      mt= 103
                     551310 to 541290  0.00000E+00      mt= 105
                     551310 to 541291  0.00000E+00      mt= 105
                     551310 to 551300  6.37001E-13      mt=  16
                     551310 to 531270  5.71968E-14      mt=  22
                     551310 to 541300  4.22781E-14      mt=  28
                     551310 to 551320  2.39447E+01      mt= 102
                     551310 to 531290  0.00000E+00      mt= 106
                     551310 to 531280  1.00034E-10      mt= 107
                     551310 tot-cap    2.39447E+01
                     551320 to 541310  2.30031E-14      mt=  28
                     551320 to 541311  2.42974E-14      mt=  28
                     551320 to 531300  0.00000E+00      mt= 106
                     551320 to 531301  0.00000E+00      mt= 106
                     551320 to 551310  6.39125E-11      mt=  16
                     551320 to 531280  7.25482E-14      mt=  22
                     551320 to 551330  3.97199E+01      mt= 102
                     551320 to 541320  1.59555E-10      mt= 103
                     551320 to 541300  0.00000E+00      mt= 105
                     551320 to 531290  1.20754E-01      mt= 107
                     551320 tot-cap    3.98407E+01
                     551330 to 551340  2.36719E+01      mt= 102
                     551330 to 551341  2.42722E+00      mt= 102
                     551330 to 541330  1.02126E-10      mt= 103
                     551330 to 541331  1.01790E-10      mt= 103
                     551330 to 541310  0.00000E+00      mt= 105
                     551330 to 541311  0.00000E+00      mt= 105
                     551330 to 531300  1.00005E-10      mt= 107
                     551330 to 531301  1.00003E-10      mt= 107
                     551330 to 551320  1.64014E-12      mt=  16
                     551330 to 531290  2.93213E-14      mt=  22
                     551330 to 541320  1.63823E-14      mt=  28
                     551330 to 531310  0.00000E+00      mt= 106
                     551330 tot-cap    2.60991E+01
                     551340 to 551350  1.11264E+02      mt= 102
                     551340 to 551351  4.46845E-01      mt= 102
                     551340 to 531300  0.00000E+00      mt=  22
                     551340 to 531301  0.00000E+00      mt=  22
                     551340 to 541330  4.15476E-15      mt=  28
                     551340 to 541331  0.00000E+00      mt=  28
                     551340 to 541340  1.05683E-10      mt= 103
                     551340 to 541341  1.01603E-10      mt= 103
                     551340 to 531320  0.00000E+00      mt= 106
                     551340 to 531321  0.00000E+00      mt= 106
                     551340 to 551330  4.97617E-11      mt=  16
                     551340 to 541320  0.00000E+00      mt= 105
                     551340 to 531310  1.01270E-10      mt= 107
                     551340 tot-cap    1.11711E+02
                     551350 to 551360  7.21526E+00      mt= 102
                     551350 to 551361  1.17321E-01      mt= 102
                     551350 to 551340  1.42659E-12      mt=  16
                     551350 to 551341  4.69974E-13      mt=  16
                     551350 to 541340  3.99960E-15      mt=  28
                     551350 to 541341  0.00000E+00      mt=  28
                     551350 to 541350  1.10951E-14      mt= 103
                     551350 to 541351  5.41497E-15      mt= 103
                     551350 to 541330  0.00000E+00      mt= 105
                     551350 to 541331  0.00000E+00      mt= 105
                     551350 to 531330  0.00000E+00      mt= 106
                     551350 to 531320  1.00000E-10      mt= 107
                     551350 to 531321  1.00000E-10      mt= 107
                     551350 to 531310  0.00000E+00      mt=  22
                     551350 tot-cap    7.33258E+00
                     551360 to 551350  7.86144E-11      mt=  16
                     551360 to 551351  2.90598E-12      mt=  16
                     551360 to 531320  0.00000E+00      mt=  22
                     551360 to 531321  0.00000E+00      mt=  22
                     551360 to 541350  0.00000E+00      mt=  28
                     551360 to 541351  0.00000E+00      mt=  28
                     551360 to 541340  0.00000E+00      mt= 105
                     551360 to 541341  0.00000E+00      mt= 105
                     551360 to 531340  0.00000E+00      mt= 106
                     551360 to 531341  0.00000E+00      mt= 106
                     551360 to 531330  3.00218E-12      mt= 107
                     551360 to 531331  1.05667E-13      mt= 107
                     551360 to 551370  1.07515E+00      mt= 102
                     551360 to 541360  1.01900E-10      mt= 103
                     551360 tot-cap    1.07515E+00
                     551370 to 551380  1.03027E-01      mt= 102
                     551370 to 551381  1.09409E-02      mt= 102
                     551370 to 551360  4.08669E-12      mt=  16
                     551370 to 551361  1.39476E-12      mt=  16
                     551370 to 531330  0.00000E+00      mt=  22
                     551370 to 531331  0.00000E+00      mt=  22
                     551370 to 541350  0.00000E+00      mt= 105
                     551370 to 541351  0.00000E+00      mt= 105
                     551370 to 531340  4.94295E-13      mt= 107
                     551370 to 531341  6.10928E-14      mt= 107
                     551370 to 541360  3.22175E-15      mt=  28
                     551370 to 541370  1.92737E-14      mt= 103
                     551370 to 531350  0.00000E+00      mt= 106
                     551370 tot-cap    1.13967E-01
                     561280 to 561290  6.63420E+00      mt= 102
                     561280 to 561291  6.37404E+00      mt= 102
                     561280 to 541250  1.05471E-10      mt= 107
                     561280 to 541251  1.03352E-10      mt= 107
                     561280 to 541270  0.00000E+00      mt= 111
                     561280 to 541271  0.00000E+00      mt= 111
                     561280 to 541240  1.36664E-11      mt=  22
                     561280 to 551270  2.39399E-13      mt=  28
                     561280 to 551280  1.39122E-10      mt= 103
                     561280 to 541260  0.00000E+00      mt= 106
                     561280 tot-cap    1.30082E+01
                     561290 to 541250  1.19608E-12      mt=  22
                     561290 to 541251  9.69940E-13      mt=  22
                     561290 to 541270  0.00000E+00      mt= 106
                     561290 to 541271  0.00000E+00      mt= 106
                     561290 to 561280  1.21791E-11      mt=  16
                     561290 to 551280  2.48839E-14      mt=  28
                     561290 to 561300  2.79507E+01      mt= 102
                     561290 to 551290  1.17261E-09      mt= 103
                     561290 to 551270  0.00000E+00      mt= 105
                     561290 to 541260  2.17256E-10      mt= 107
                     561290 to 541280  0.00000E+00      mt= 111
                     561290 tot-cap    2.79507E+01
                     561300 to 561310  8.29423E+00      mt= 102
                     561300 to 561311  1.03819E+00      mt= 102
                     561300 to 541270  1.01440E-10      mt= 107
                     561300 to 541271  1.02161E-10      mt= 107
                     561300 to 541260  0.00000E+00      mt=  22
                     561300 to 551300  1.02360E-10      mt= 103
                     561300 to 551290  0.00000E+00      mt= 104
                     561300 tot-cap    9.33243E+00
                     561310 to 541270  1.13160E-13      mt=  22
                     561310 to 541271  9.01661E-14      mt=  22
                     561310 to 541290  0.00000E+00      mt= 106
                     561310 to 541291  0.00000E+00      mt= 106
                     561310 to 561300  1.93509E-11      mt=  16
                     561310 to 551300  0.00000E+00      mt=  28
                     561310 to 561320  2.11424E+01      mt= 102
                     561310 to 551310  1.89449E-10      mt= 103
                     561310 to 551290  0.00000E+00      mt= 105
                     561310 to 541280  1.57681E-10      mt= 107
                     561310 to 541300  0.00000E+00      mt= 111
                     561310 tot-cap    2.11424E+01
                     561320 to 561330  7.49198E+00      mt= 102
                     561320 to 561331  6.53646E-01      mt= 102
                     561320 to 561310  6.99226E-15      mt=  16
                     561320 to 541290  1.00157E-10      mt= 107
                     561320 to 541291  1.00025E-10      mt= 107
                     561320 to 541280  2.79630E-13      mt=  22
                     561320 to 551310  0.00000E+00      mt=  28
                     561320 to 551320  1.84585E-12      mt= 103
                     561320 to 541300  0.00000E+00      mt= 106
                     561320 tot-cap    8.14563E+00
                     561330 to 541290  2.52942E-14      mt=  22
                     561330 to 541291  1.12519E-14      mt=  22
                     561330 to 541310  0.00000E+00      mt= 106
                     561330 to 541311  0.00000E+00      mt= 106
                     561330 to 561320  2.28915E-11      mt=  16
                     561330 to 551320  0.00000E+00      mt=  28
                     561330 to 561340  3.28208E+00      mt= 102
                     561330 to 551330  1.04644E-10      mt= 103
                     561330 to 551310  0.00000E+00      mt= 105
                     561330 to 541300  1.01549E-10      mt= 107
                     561330 to 541320  0.00000E+00      mt= 111
                     561330 tot-cap    3.28208E+00
                     561331 to 541290  9.67533E-15      mt=  22
                     561331 to 541291  8.16543E-15      mt=  22
                     561331 to 541310  0.00000E+00      mt= 106
                     561331 to 541311  0.00000E+00      mt= 106
                     561331 to 561320  1.37113E-11      mt=  16
                     561331 to 551320  0.00000E+00      mt=  28
                     561331 to 561340  1.78466E+01      mt= 102
                     561331 to 551330  1.03231E-10      mt= 103
                     561331 to 551310  0.00000E+00      mt= 105
                     561331 to 541300  1.01233E-10      mt= 107
                     561331 tot-cap    1.78466E+01
                     561340 to 561350  1.62982E+00      mt= 102
                     561340 to 561351  1.24562E-01      mt= 102
                     561340 to 561330  1.21532E-13      mt=  16
                     561340 to 561331  1.38360E-14      mt=  16
                     561340 to 551340  5.14618E-14      mt= 103
                     561340 to 551341  3.84716E-15      mt= 103
                     561340 to 541310  2.96317E-12      mt= 107
                     561340 to 541311  2.32821E-12      mt= 107
                     561340 to 541300  1.48480E-14      mt=  22
                     561340 to 551330  4.44859E-15      mt=  28
                     561340 to 551320  0.00000E+00      mt= 105
                     561340 to 541320  0.00000E+00      mt= 106
                     561340 tot-cap    1.75438E+00
                     561350 to 561360  4.78550E+00      mt= 102
                     561350 to 561361  9.59113E-03      mt= 102
                     561350 to 541310  0.00000E+00      mt=  22
                     561350 to 541311  0.00000E+00      mt=  22
                     561350 to 551340  3.63652E-15      mt=  28
                     561350 to 551341  0.00000E+00      mt=  28
                     561350 to 551350  1.00056E-10      mt= 103
                     561350 to 551351  3.38257E-15      mt= 103
                     561350 to 541330  0.00000E+00      mt= 106
                     561350 to 541331  0.00000E+00      mt= 106
                     561350 to 561340  2.80584E-11      mt=  16
                     561350 to 551330  0.00000E+00      mt= 105
                     561350 to 541320  1.02548E-10      mt= 107
                     561350 tot-cap    4.79509E+00
                     561351 to 561360  4.60329E+00      mt= 102
                     561351 to 561361  1.91804E-01      mt= 102
                     561351 to 541310  0.00000E+00      mt=  22
                     561351 to 541311  0.00000E+00      mt=  22
                     561351 to 551340  0.00000E+00      mt=  28
                     561351 to 551341  0.00000E+00      mt=  28
                     561351 to 551350  1.00250E-10      mt= 103
                     561351 to 551351  1.04470E-14      mt= 103
                     561351 to 541330  0.00000E+00      mt= 106
                     561351 to 541331  0.00000E+00      mt= 106
                     561351 to 561340  1.56974E-11      mt=  16
                     561351 to 541320  1.00037E-10      mt= 107
                     561351 tot-cap    4.79509E+00
                     561360 to 561370  3.23149E-01      mt= 102
                     561360 to 561371  7.26921E-03      mt= 102
                     561360 to 561350  8.02526E-13      mt=  16
                     561360 to 561351  3.56871E-13      mt=  16
                     561360 to 551350  0.00000E+00      mt=  28
                     561360 to 551360  2.52274E-14      mt= 103
                     561360 to 551361  2.71323E-14      mt= 103
                     561360 to 551351  0.00000E+00      mt= 104
                     561360 to 551340  0.00000E+00      mt= 105
                     561360 to 551341  0.00000E+00      mt= 105
                     561360 to 541340  0.00000E+00      mt= 106
                     561360 to 541341  0.00000E+00      mt= 106
                     561360 to 541330  1.00006E-10      mt= 107
                     561360 to 541331  1.00002E-10      mt= 107
                     561360 to 541320  0.00000E+00      mt=  22
                     561360 tot-cap    3.30418E-01
                     561370 to 561360  3.07229E-11      mt=  16
                     561370 to 561361  7.91500E-13      mt=  16
                     561370 to 541330  0.00000E+00      mt=  22
                     561370 to 541331  0.00000E+00      mt=  22
                     561370 to 551360  0.00000E+00      mt=  28
                     561370 to 551361  0.00000E+00      mt=  28
                     561370 to 551350  0.00000E+00      mt= 105
                     561370 to 551351  0.00000E+00      mt= 105
                     561370 to 541350  0.00000E+00      mt= 106
                     561370 to 541351  0.00000E+00      mt= 106
                     561370 to 541340  1.00651E-10      mt= 107
                     561370 to 541341  1.00184E-10      mt= 107
                     561370 to 561380  4.10977E+00      mt= 102
                     561370 to 551370  4.48424E-13      mt= 103
                     561370 to 541360  0.00000E+00      mt= 111
                     561370 tot-cap    4.10977E+00
                     561380 to 561370  3.16953E-12      mt=  16
                     561380 to 561371  3.82912E-13      mt=  16
                     561380 to 541340  0.00000E+00      mt=  22
                     561380 to 541341  0.00000E+00      mt=  22
                     561380 to 551380  0.00000E+00      mt= 103
                     561380 to 551381  0.00000E+00      mt= 103
                     561380 to 551360  0.00000E+00      mt= 105
                     561380 to 551361  0.00000E+00      mt= 105
                     561380 to 541350  1.00003E-10      mt= 107
                     561380 to 541351  1.00001E-10      mt= 107
                     561380 to 551370  0.00000E+00      mt=  28
                     561380 to 561390  2.82163E-01      mt= 102
                     561380 to 541360  0.00000E+00      mt= 106
                     561380 tot-cap    2.82163E-01
                     561390 to 541350  0.00000E+00      mt=  22
                     561390 to 541351  0.00000E+00      mt=  22
                     561390 to 551380  0.00000E+00      mt=  28
                     561390 to 551381  0.00000E+00      mt=  28
                     561390 to 561380  3.63687E-10      mt=  16
                     561390 to 561400  4.01565E+00      mt= 102
                     561390 to 551390  0.00000E+00      mt= 103
                     561390 to 551370  0.00000E+00      mt= 105
                     561390 to 541370  0.00000E+00      mt= 106
                     561390 to 541360  1.00024E-10      mt= 107
                     561390 tot-cap    4.01565E+00
                     561400 to 551380  0.00000E+00      mt= 105
                     561400 to 551381  0.00000E+00      mt= 105
                     561400 to 561390  4.99934E-10      mt=  16
                     561400 to 541360  1.00000E-10      mt=  22
                     561400 to 561410  1.29596E+00      mt= 102
                     561400 to 551400  7.60647E-15      mt= 103
                     561400 to 551390  0.00000E+00      mt= 104
                     561400 to 541370  2.74917E-13      mt= 107
                     561400 tot-cap    1.29596E+00
                     571350 to 571360  2.29331E+01      mt= 102
                     571350 to 571361  9.63528E-01      mt= 102
                     571350 to 561350  1.08121E-10      mt= 103
                     571350 to 561351  1.03162E-10      mt= 103
                     571350 to 561330  0.00000E+00      mt= 105
                     571350 to 561331  0.00000E+00      mt= 105
                     571350 to 571340  1.30497E-13      mt=  16
                     571350 to 551310  7.70662E-14      mt=  22
                     571350 to 561340  1.55312E-13      mt=  28
                     571350 to 551330  0.00000E+00      mt= 106
                     571350 to 551320  1.00030E-10      mt= 107
                     571350 tot-cap    2.38966E+01
                     571370 to 571360  5.14424E-13      mt=  16
                     571370 to 571361  2.60544E-13      mt=  16
                     571370 to 561360  1.27174E-14      mt=  28
                     571370 to 561361  0.00000E+00      mt=  28
                     571370 to 561370  1.00548E-10      mt= 103
                     571370 to 561371  1.00329E-10      mt= 103
                     571370 to 561350  0.00000E+00      mt= 105
                     571370 to 561351  0.00000E+00      mt= 105
                     571370 to 551350  0.00000E+00      mt= 106
                     571370 to 551351  0.00000E+00      mt= 106
                     571370 to 551340  1.00013E-10      mt= 107
                     571370 to 551341  1.00002E-10      mt= 107
                     571370 to 551330  2.14056E-14      mt=  22
                     571370 to 571380  1.58792E+01      mt= 102
                     571370 tot-cap    1.58792E+01
                     571380 to 551340  0.00000E+00      mt=  22
                     571380 to 551341  0.00000E+00      mt=  22
                     571380 to 561370  0.00000E+00      mt=  28
                     571380 to 561371  0.00000E+00      mt=  28
                     571380 to 561360  0.00000E+00      mt= 105
                     571380 to 551350  1.00022E-10      mt= 107
                     571380 to 551351  1.00001E-10      mt= 107
                     571380 to 571370  2.01315E-11      mt=  16
                     571380 to 571390  6.13215E+01      mt= 102
                     571380 to 561380  1.00282E-10      mt= 103
                     571380 tot-cap    6.13215E+01
                     571390 to 551350  0.00000E+00      mt=  22
                     571390 to 551351  0.00000E+00      mt=  22
                     571390 to 561370  0.00000E+00      mt= 105
                     571390 to 551360  1.30002E-10      mt= 107
                     571390 to 551361  1.30001E-10      mt= 107
                     571390 to 571380  6.20306E-12      mt=  16
                     571390 to 561380  4.38390E-15      mt=  28
                     571390 to 571400  7.21183E+00      mt= 102
                     571390 to 561390  1.25768E-14      mt= 103
                     571390 to 551370  0.00000E+00      mt= 106
                     571390 tot-cap    7.21183E+00
                     571400 to 551360  5.97701E-14      mt=  22
                     571400 to 551361  2.53265E-14      mt=  22
                     571400 to 551380  0.00000E+00      mt= 106
                     571400 to 551381  0.00000E+00      mt= 106
                     571400 to 571390  3.72214E-10      mt=  16
                     571400 to 561390  5.97293E-15      mt=  28
                     571400 to 571410  2.20959E+00      mt= 102
                     571400 to 561400  2.35007E-14      mt= 103
                     571400 to 561380  0.00000E+00      mt= 105
                     571400 to 551370  1.00542E-10      mt= 107
                     571400 tot-cap    2.20959E+00
                     571410 to 551380  1.00004E-10      mt= 107
                     571410 to 551381  1.00002E-10      mt= 107
                     571410 to 571400  9.59820E-11      mt=  16
                     571410 to 551370  1.00000E-10      mt=  22
                     571410 to 561400  0.00000E+00      mt=  28
                     571410 to 571420  1.15809E+01      mt= 102
                     571410 to 561410  0.00000E+00      mt= 103
                     571410 to 561390  0.00000E+00      mt= 105
                     571410 to 551390  0.00000E+00      mt= 106
                     571410 tot-cap    1.15809E+01
                     581340 to 581350  1.47690E+01      mt= 102
                     581340 to 581351  2.21112E+00      mt= 102
                     581340 to 571321  0.00000E+00      mt= 105
                     581340 to 561310  1.02369E-10      mt= 107
                     581340 to 561311  1.00805E-10      mt= 107
                     581340 to 561330  0.00000E+00      mt= 111
                     581340 to 561331  0.00000E+00      mt= 111
                     581340 to 561300  1.00000E-10      mt=  22
                     581340 to 571330  2.23146E-13      mt=  28
                     581340 to 571340  1.32229E-10      mt= 103
                     581340 to 561320  0.00000E+00      mt= 106
                     581340 tot-cap    1.69801E+01
                     581350 to 561310  3.23787E-13      mt=  22
                     581350 to 561311  3.88936E-13      mt=  22
                     581350 to 561330  0.00000E+00      mt= 106
                     581350 to 561331  0.00000E+00      mt= 106
                     581350 to 581340  6.37081E-12      mt=  16
                     581350 to 571340  1.14482E-14      mt=  28
                     581350 to 581360  2.91009E+01      mt= 102
                     581350 to 571350  4.45004E-10      mt= 103
                     581350 to 571330  0.00000E+00      mt= 105
                     581350 to 561320  1.62128E-10      mt= 107
                     581350 to 561340  0.00000E+00      mt= 111
                     581350 tot-cap    2.91009E+01
                     581360 to 581370  4.41481E+00      mt= 102
                     581360 to 581371  6.78575E-01      mt= 102
                     581360 to 571360  1.02769E-10      mt= 103
                     581360 to 571361  1.01558E-10      mt= 103
                     581360 to 561330  1.00384E-10      mt= 107
                     581360 to 561331  1.00054E-10      mt= 107
                     581360 to 561351  0.00000E+00      mt= 111
                     581360 to 561320  1.57500E-12      mt=  22
                     581360 to 571350  9.71443E-15      mt=  28
                     581360 to 571340  0.00000E+00      mt= 105
                     581360 to 561340  0.00000E+00      mt= 106
                     581360 tot-cap    5.09338E+00
                     581371 to 561330  4.40113E-14      mt=  22
                     581371 to 561331  2.53411E-14      mt=  22
                     581371 to 571360  0.00000E+00      mt=  28
                     581371 to 571361  0.00000E+00      mt=  28
                     581371 to 561350  0.00000E+00      mt= 106
                     581371 to 561351  0.00000E+00      mt= 106
                     581371 to 561360  0.00000E+00      mt= 111
                     581371 to 581360  6.03221E-12      mt=  16
                     581371 to 581380  2.43429E+01      mt= 102
                     581371 to 571370  1.13511E-10      mt= 103
                     581371 to 571350  0.00000E+00      mt= 105
                     581371 to 561340  1.04715E-10      mt= 107
                     581371 tot-cap    2.43429E+01
                     581380 to 581390  8.07236E-01      mt= 102
                     581380 to 581391  1.50681E-02      mt= 102
                     581380 to 581370  2.57796E-14      mt=  16
                     581380 to 561360  0.00000E+00      mt= 106
                     581380 to 561361  0.00000E+00      mt= 106
                     581380 to 561350  1.00038E-10      mt= 107
                     581380 to 561351  1.00012E-10      mt= 107
                     581380 to 561340  7.94165E-14      mt=  22
                     581380 to 571370  0.00000E+00      mt=  28
                     581380 to 571380  4.57786E-12      mt= 103
                     581380 tot-cap    8.22304E-01
                     581390 to 561350  1.41518E-14      mt=  22
                     581390 to 561351  9.12004E-15      mt=  22
                     581390 to 561370  0.00000E+00      mt= 106
                     581390 to 561371  0.00000E+00      mt= 106
                     581390 to 561360  1.00193E-10      mt= 107
                     581390 to 561361  1.00002E-10      mt= 107
                     581390 to 581380  1.32499E-11      mt=  16
                     581390 to 571380  0.00000E+00      mt=  28
                     581390 to 581400  4.16189E+02      mt= 102
                     581390 to 571390  1.02329E-10      mt= 103
                     581390 to 571370  0.00000E+00      mt= 105
                     581390 tot-cap    4.16189E+02
                     581400 to 581390  6.70735E-13      mt=  16
                     581400 to 561360  0.00000E+00      mt=  22
                     581400 to 561361  0.00000E+00      mt=  22
                     581400 to 561370  1.00013E-10      mt= 107
                     581400 to 561371  1.00004E-10      mt= 107
                     581400 to 571390  3.54853E-15      mt=  28
                     581400 to 581410  4.61946E-01      mt= 102
                     581400 to 571400  2.42000E-14      mt= 103
                     581400 to 571380  0.00000E+00      mt= 105
                     581400 to 561380  0.00000E+00      mt= 106
                     581400 tot-cap    4.61946E-01
                     581410 to 561370  1.60412E-14      mt=  22
                     581410 to 561371  0.00000E+00      mt=  22
                     581410 to 581400  1.49260E-10      mt=  16
                     581410 to 571400  3.79251E-15      mt=  28
                     581410 to 581420  2.31443E+01      mt= 102
                     581410 to 571410  1.78726E-13      mt= 103
                     581410 to 571390  0.00000E+00      mt= 105
                     581410 to 561390  0.00000E+00      mt= 106
                     581410 to 561380  1.00920E-10      mt= 107
                     581410 tot-cap    2.31443E+01
                     581420 to 581410  6.49467E-11      mt=  16
                     581420 to 561380  1.00000E-10      mt=  22
                     581420 to 571410  4.84845E-15      mt=  28
                     581420 to 581430  8.08626E-01      mt= 102
                     581420 to 571420  0.00000E+00      mt= 103
                     581420 to 571400  0.00000E+00      mt= 105
                     581420 to 561400  0.00000E+00      mt= 106
                     581420 to 561390  1.40996E-12      mt= 107
                     581420 tot-cap    8.08626E-01
                     581430 to 581420  3.25122E-10      mt=  16
                     581430 to 561390  1.00000E-10      mt=  22
                     581430 to 571420  0.00000E+00      mt=  28
                     581430 to 581440  4.91316E+00      mt= 102
                     581430 to 571430  5.26922E-14      mt= 103
                     581430 to 571410  0.00000E+00      mt= 105
                     581430 to 561410  0.00000E+00      mt= 106
                     581430 to 561400  1.00418E-10      mt= 107
                     581430 tot-cap    4.91316E+00
                     581440 to 581430  8.58384E-11      mt=  16
                     581440 to 561400  1.00000E-10      mt=  22
                     581440 to 571430  0.00000E+00      mt=  28
                     581440 to 581450  9.09007E-01      mt= 102
                     581440 to 571440  1.22197E-14      mt= 103
                     581440 to 571420  0.00000E+00      mt= 105
                     581440 to 561420  0.00000E+00      mt= 106
                     581440 to 561410  4.86757E-13      mt= 107
                     581440 tot-cap    9.09007E-01
                     591410 to 591420  6.01442E+00      mt= 102
                     591410 to 591421  3.21015E+00      mt= 102
                     591410 to 581390  0.00000E+00      mt= 105
                     591410 to 581391  0.00000E+00      mt= 105
                     591410 to 591400  3.58226E-13      mt=  16
                     591410 to 571370  1.77173E-14      mt=  22
                     591410 to 581400  6.83332E-14      mt=  28
                     591410 to 581410  1.00148E-10      mt= 103
                     591410 to 571390  0.00000E+00      mt= 106
                     591410 to 571380  1.00113E-10      mt= 107
                     591410 tot-cap    9.22458E+00
                     591420 to 591410  1.88360E-10      mt=  16
                     591420 to 571380  1.00000E-10      mt=  22
                     591420 to 581410  1.73008E-14      mt=  28
                     591420 to 591430  1.61003E+01      mt= 102
                     591420 to 581420  1.04782E-10      mt= 103
                     591420 to 581400  0.00000E+00      mt= 105
                     591420 to 571400  0.00000E+00      mt= 106
                     591420 to 571390  1.01607E-10      mt= 107
                     591420 tot-cap    1.61003E+01
                     591430 to 591440  2.23367E+01      mt= 102
                     591430 to 591441  4.97172E+01      mt= 102
                     591430 to 591420  1.56377E-11      mt=  16
                     591430 to 591421  3.20555E-11      mt=  16
                     591430 to 571390  1.00004E-10      mt=  22
                     591430 to 581420  1.43450E-14      mt=  28
                     591430 to 581430  1.07240E-12      mt= 103
                     591430 to 581410  0.00000E+00      mt= 105
                     591430 to 571410  0.00000E+00      mt= 106
                     591430 to 571400  1.00537E-10      mt= 107
                     591430 tot-cap    7.20540E+01
                     601400 to 601410  1.00827E+01      mt= 102
                     601400 to 601411  1.50951E+00      mt= 102
                     601400 to 591380  0.00000E+00      mt= 105
                     601400 to 581370  1.00222E-10      mt= 107
                     601400 to 581371  1.00049E-10      mt= 107
                     601400 to 581390  0.00000E+00      mt= 111
                     601400 to 581391  0.00000E+00      mt= 111
                     601400 to 581360  1.83098E-12      mt=  22
                     601400 to 591390  2.21058E-14      mt=  28
                     601400 to 591400  1.10905E-10      mt= 103
                     601400 to 581380  0.00000E+00      mt= 106
                     601400 tot-cap    1.15922E+01
                     601410 to 581370  1.58763E-13      mt=  22
                     601410 to 581371  8.20801E-14      mt=  22
                     601410 to 581390  0.00000E+00      mt= 106
                     601410 to 581391  0.00000E+00      mt= 106
                     601410 to 601400  5.89231E-12      mt=  16
                     601410 to 591400  2.32227E-14      mt=  28
                     601410 to 601420  1.34598E+01      mt= 102
                     601410 to 591410  2.24315E-10      mt= 103
                     601410 to 591390  0.00000E+00      mt= 105
                     601410 to 581380  1.01982E-10      mt= 107
                     601410 to 581400  0.00000E+00      mt= 111
                     601410 tot-cap    1.34598E+01
                     601420 to 601410  1.07941E-14      mt=  16
                     601420 to 591420  2.87638E-13      mt= 103
                     601420 to 591421  2.84051E-13      mt= 103
                     601420 to 581390  1.00145E-10      mt= 107
                     601420 to 581391  1.00027E-10      mt= 107
                     601420 to 581380  5.02939E-14      mt=  22
                     601420 to 591410  1.23204E-14      mt=  28
                     601420 to 601430  1.49205E+01      mt= 102
                     601420 to 591400  0.00000E+00      mt= 105
                     601420 to 581400  0.00000E+00      mt= 106
                     601420 tot-cap    1.49205E+01
                     601430 to 581390  1.00000E-10      mt=  22
                     601430 to 581391  3.26496E-14      mt=  22
                     601430 to 591420  3.61542E-15      mt=  28
                     601430 to 591421  3.70683E-15      mt=  28
                     601430 to 601420  7.45180E-11      mt=  16
                     601430 to 601440  2.56272E+02      mt= 102
                     601430 to 591430  3.51364E-12      mt= 103
                     601430 to 591410  0.00000E+00      mt= 105
                     601430 to 581410  0.00000E+00      mt= 106
                     601430 to 581400  1.38206E-02      mt= 107
                     601430 tot-cap    2.56285E+02
                     601440 to 591440  6.58812E-15      mt= 103
                     601440 to 591441  7.15132E-15      mt= 103
                     601440 to 591420  0.00000E+00      mt= 105
                     601440 to 591421  0.00000E+00      mt= 105
                     601440 to 601430  2.18375E-11      mt=  16
                     601440 to 581400  1.00007E-10      mt=  22
                     601440 to 591430  5.86613E-15      mt=  28
                     601440 to 601450  2.88379E+00      mt= 102
                     601440 to 581420  0.00000E+00      mt= 106
                     601440 to 581410  1.00342E-10      mt= 107
                     601440 tot-cap    2.88379E+00
                     601450 to 591440  0.00000E+00      mt=  28
                     601450 to 591441  0.00000E+00      mt=  28
                     601450 to 601440  1.18614E-10      mt=  16
                     601450 to 581410  1.00000E-10      mt=  22
                     601450 to 601460  3.45813E+01      mt= 102
                     601450 to 591450  2.53298E-14      mt= 103
                     601450 to 591430  0.00000E+00      mt= 105
                     601450 to 581430  0.00000E+00      mt= 106
                     601450 to 581420  7.35337E-05      mt= 107
                     601450 tot-cap    3.45814E+01
                     601460 to 591440  0.00000E+00      mt= 105
                     601460 to 591441  0.00000E+00      mt= 105
                     601460 to 601450  3.09271E-11      mt=  16
                     601460 to 581420  1.00000E-10      mt=  22
                     601460 to 591450  0.00000E+00      mt=  28
                     601460 to 601470  1.12553E+00      mt= 102
                     601460 to 591460  0.00000E+00      mt= 103
                     601460 to 581440  0.00000E+00      mt= 106
                     601460 to 581430  1.00038E-10      mt= 107
                     601460 tot-cap    1.12553E+00
                     601470 to 601460  2.81321E-10      mt=  16
                     601470 to 581430  1.00000E-10      mt=  22
                     601470 to 591460  3.42822E-15      mt=  28
                     601470 to 601480  3.50159E+02      mt= 102
                     601470 to 591470  1.48038E-13      mt= 103
                     601470 to 591450  0.00000E+00      mt= 105
                     601470 to 581450  0.00000E+00      mt= 106
                     601470 to 581440  1.00704E-10      mt= 107
                     601470 tot-cap    3.50159E+02
                     601480 to 591480  0.00000E+00      mt= 103
                     601480 to 591481  0.00000E+00      mt= 103
                     601480 to 601470  4.83629E-11      mt=  16
                     601480 to 581440  1.00000E-10      mt=  22
                     601480 to 591470  0.00000E+00      mt=  28
                     601480 to 601490  2.01727E+00      mt= 102
                     601480 to 591460  0.00000E+00      mt= 105
                     601480 to 581460  0.00000E+00      mt= 106
                     601480 to 581450  1.00004E-10      mt= 107
                     601480 tot-cap    2.01727E+00
                     601490 to 591480  0.00000E+00      mt=  28
                     601490 to 591481  0.00000E+00      mt=  28
                     601490 to 601480  4.08115E-10      mt=  16
                     601490 to 581450  1.00000E-10      mt=  22
                     601490 to 601500  6.72513E+01      mt= 102
                     601490 to 591490  0.00000E+00      mt= 103
                     601490 to 591470  0.00000E+00      mt= 105
                     601490 to 581470  0.00000E+00      mt= 106
                     601490 to 581460  1.00004E-10      mt= 107
                     601490 tot-cap    6.72513E+01
                     601500 to 591480  0.00000E+00      mt= 105
                     601500 to 591481  0.00000E+00      mt= 105
                     601500 to 601490  3.46624E-11      mt=  16
                     601500 to 581460  9.61583E-13      mt=  22
                     601500 to 601510  9.66321E-01      mt= 102
                     601500 to 591500  0.00000E+00      mt= 103
                     601500 to 591490  0.00000E+00      mt= 104
                     601500 to 581470  6.08077E-06      mt= 107
                     601500 tot-cap    9.66327E-01
                     611430 to 601410  0.00000E+00      mt= 105
                     611430 to 601411  0.00000E+00      mt= 105
                     611430 to 591390  9.35469E-13      mt=  22
                     611430 to 601420  1.29821E-12      mt=  28
                     611430 to 611440  1.22602E+01      mt= 102
                     611430 to 601430  1.04555E-10      mt= 103
                     611430 to 591410  0.00000E+00      mt= 106
                     611430 to 591400  1.00684E-10      mt= 107
                     611430 tot-cap    1.22602E+01
                     611440 to 591420  0.00000E+00      mt= 106
                     611440 to 591421  0.00000E+00      mt= 106
                     611440 to 611430  6.99235E-11      mt=  16
                     611440 to 591400  1.00000E-10      mt=  22
                     611440 to 601430  1.92923E-14      mt=  28
                     611440 to 601420  0.00000E+00      mt=  32
                     611440 to 611450  3.76812E+01      mt= 102
                     611440 to 601440  1.02893E-10      mt= 103
                     611440 to 591410  2.29756E-10      mt= 107
                     611440 tot-cap    3.76812E+01
                     611450 to 591420  1.01199E-10      mt= 107
                     611450 to 591421  1.01080E-10      mt= 107
                     611450 to 611440  1.99044E-11      mt=  16
                     611450 to 591410  1.00028E-10      mt=  22
                     611450 to 601440  4.40377E-15      mt=  28
                     611450 to 611460  2.57667E+01      mt= 102
                     611450 to 601450  1.00273E-10      mt= 103
                     611450 to 601430  0.00000E+00      mt= 105
                     611450 to 591430  0.00000E+00      mt= 106
                     611450 tot-cap    2.57667E+01
                     611460 to 591420  1.00013E-10      mt=  22
                     611460 to 591421  1.00003E-10      mt=  22
                     611460 to 591440  0.00000E+00      mt= 106
                     611460 to 591441  0.00000E+00      mt= 106
                     611460 to 611450  2.05858E-10      mt=  16
                     611460 to 601450  1.11204E-13      mt=  28
                     611460 to 601440  0.00000E+00      mt=  32
                     611460 to 611470  2.07365E+04      mt= 102
                     611460 to 601460  1.02327E-10      mt= 103
                     611460 to 591430  1.28818E-10      mt= 107
                     611460 tot-cap    2.07365E+04
                     611470 to 611480  8.58933E+01      mt= 102
                     611470 to 611481  7.52574E+01      mt= 102
                     611470 to 591440  1.00116E-10      mt= 107
                     611470 to 591441  1.00236E-10      mt= 107
                     611470 to 611460  3.93068E-11      mt=  16
                     611470 to 591430  1.00005E-10      mt=  22
                     611470 to 601460  1.70028E-14      mt=  28
                     611470 to 601470  2.78132E-12      mt= 103
                     611470 to 601450  0.00000E+00      mt= 105
                     611470 to 591450  0.00000E+00      mt= 106
                     611470 tot-cap    1.61151E+02
                     611480 to 591440  1.00000E-10      mt=  22
                     611480 to 591441  1.00000E-10      mt=  22
                     611480 to 611470  2.56802E-10      mt=  16
                     611480 to 601470  0.00000E+00      mt=  28
                     611480 to 611490  8.37646E+02      mt= 102
                     611480 to 601480  1.00164E-10      mt= 103
                     611480 to 601460  0.00000E+00      mt= 105
                     611480 to 591460  0.00000E+00      mt= 106
                     611480 to 591450  1.00161E-10      mt= 107
                     611480 tot-cap    8.37646E+02
                     611481 to 591440  1.00000E-10      mt=  22
                     611481 to 591441  1.00000E-10      mt=  22
                     611481 to 611470  1.73178E-10      mt=  16
                     611481 to 601470  0.00000E+00      mt=  28
                     611481 to 611490  1.30775E+04      mt= 102
                     611481 to 601480  1.00156E-10      mt= 103
                     611481 to 601460  0.00000E+00      mt= 105
                     611481 to 591460  0.00000E+00      mt= 106
                     611481 to 591450  1.00148E-10      mt= 107
                     611481 tot-cap    1.30775E+04
                     611490 to 611480  1.59395E-11      mt=  16
                     611490 to 611481  2.30673E-11      mt=  16
                     611490 to 591450  1.00000E-10      mt=  22
                     611490 to 601480  1.27974E-14      mt=  28
                     611490 to 611500  5.16970E+03      mt= 102
                     611490 to 601490  6.91892E-13      mt= 103
                     611490 to 601470  0.00000E+00      mt= 105
                     611490 to 591470  0.00000E+00      mt= 106
                     611490 to 591460  1.02599E-12      mt= 107
                     611490 tot-cap    5.16970E+03
                     611500 to 611490  4.34056E-10      mt=  16
                     611500 to 591460  1.00000E-10      mt=  22
                     611500 to 601490  0.00000E+00      mt=  28
                     611500 to 601480  0.00000E+00      mt=  32
                     611500 to 611510  5.77359E+02      mt= 102
                     611500 to 601500  1.00136E-10      mt= 103
                     611500 to 591470  1.00026E-10      mt= 107
                     611500 tot-cap    5.77359E+02
                     611510 to 611520  1.70487E+02      mt= 102
                     611510 to 611521  1.96979E+02      mt= 102
                     611510 to 611522  2.41831E+01      mt= 102
                     611510 to 591480  2.10201E-13      mt= 107
                     611510 to 591481  3.73691E-13      mt= 107
                     611510 to 611500  2.37943E-11      mt=  16
                     611510 to 591470  1.84387E-13      mt=  22
                     611510 to 601500  5.65454E-15      mt=  28
                     611510 to 601510  1.27575E-13      mt= 103
                     611510 to 601490  0.00000E+00      mt= 105
                     611510 to 591490  0.00000E+00      mt= 106
                     611510 tot-cap    3.91649E+02
                     621440 to 601410  1.02952E-10      mt= 107
                     621440 to 601411  1.00596E-10      mt= 107
                     621440 to 601400  1.00000E-10      mt=  22
                     621440 to 611430  2.52033E-13      mt=  28
                     621440 to 621450  1.28876E+00      mt= 102
                     621440 to 611440  1.04490E-10      mt= 103
                     621440 to 611420  0.00000E+00      mt= 105
                     621440 to 601420  0.00000E+00      mt= 106
                     621440 to 601430  0.00000E+00      mt= 111
                     621440 tot-cap    1.28876E+00
                     621450 to 601410  1.00000E-10      mt=  22
                     621450 to 601411  1.00000E-10      mt=  22
                     621450 to 621440  2.67651E-11      mt=  16
                     621450 to 611440  1.43127E-14      mt=  28
                     621450 to 621460  2.29819E+02      mt= 102
                     621450 to 611450  1.05119E-10      mt= 103
                     621450 to 611430  0.00000E+00      mt= 105
                     621450 to 601430  0.00000E+00      mt= 106
                     621450 to 601420  1.98887E-10      mt= 107
                     621450 to 601440  0.00000E+00      mt= 111
                     621450 tot-cap    2.29819E+02
                     621460 to 621450  7.54388E-12      mt=  16
                     621460 to 601420  1.00065E-10      mt=  22
                     621460 to 611450  0.00000E+00      mt=  28
                     621460 to 621470  1.18229E+01      mt= 102
                     621460 to 611460  2.65526E-13      mt= 103
                     621460 to 601440  0.00000E+00      mt= 106
                     621460 to 601430  1.00972E-10      mt= 107
                     621460 tot-cap    1.18229E+01
                     621470 to 621460  5.69900E-11      mt=  16
                     621470 to 601430  1.00007E-10      mt=  22
                     621470 to 611460  1.00763E-14      mt=  28
                     621470 to 621480  5.01433E+01      mt= 102
                     621470 to 611470  1.02710E-10      mt= 103
                     621470 to 611450  0.00000E+00      mt= 105
                     621470 to 601450  0.00000E+00      mt= 106
                     621470 to 601440  5.08616E-04      mt= 107
                     621470 tot-cap    5.01438E+01
                     621480 to 611480  1.50920E-13      mt= 103
                     621480 to 611481  2.03634E-13      mt= 103
                     621480 to 621470  1.52231E-11      mt=  16
                     621480 to 601440  1.00003E-10      mt=  22
                     621480 to 611470  9.15779E-15      mt=  28
                     621480 to 621490  2.18707E+00      mt= 102
                     621480 to 611460  0.00000E+00      mt= 105
                     621480 to 601460  0.00000E+00      mt= 106
                     621480 to 601450  1.01177E-10      mt= 107
                     621480 tot-cap    2.18707E+00
                     621490 to 611480  3.36328E-15      mt=  28
                     621490 to 611481  0.00000E+00      mt=  28
                     621490 to 621480  3.55587E-10      mt=  16
                     621490 to 601450  1.00000E-10      mt=  22
                     621490 to 621500  4.73379E+04      mt= 102
                     621490 to 611490  2.56990E-12      mt= 103
                     621490 to 611470  0.00000E+00      mt= 105
                     621490 to 601470  0.00000E+00      mt= 106
                     621490 to 601460  3.54334E-02      mt= 107
                     621490 tot-cap    4.73379E+04
                     621500 to 611480  0.00000E+00      mt= 105
                     621500 to 611481  0.00000E+00      mt= 105
                     621500 to 621490  1.23967E-11      mt=  16
                     621500 to 601460  1.00000E-10      mt=  22
                     621500 to 611490  5.90521E-15      mt=  28
                     621500 to 621510  8.37749E+01      mt= 102
                     621500 to 611500  1.22602E-13      mt= 103
                     621500 to 601480  0.00000E+00      mt= 106
                     621500 to 601470  1.93203E-12      mt= 107
                     621500 tot-cap    8.37749E+01
                     621510 to 621500  2.31146E-10      mt=  16
                     621510 to 601470  1.00000E-10      mt=  22
                     621510 to 611500  4.48859E-15      mt=  28
                     621510 to 621520  1.20672E+04      mt= 102
                     621510 to 611510  1.50871E-12      mt= 103
                     621510 to 611490  0.00000E+00      mt= 105
                     621510 to 601490  0.00000E+00      mt= 106
                     621510 to 601480  1.00898E-10      mt= 107
                     621510 tot-cap    1.20672E+04
                     621520 to 611520  0.00000E+00      mt= 103
                     621520 to 611521  0.00000E+00      mt= 103
                     621520 to 611522  0.00000E+00      mt= 103
                     621520 to 621510  1.04288E-11      mt=  16
                     621520 to 601480  1.00000E-10      mt=  22
                     621520 to 611510  3.25838E-15      mt=  28
                     621520 to 621530  1.81248E+02      mt= 102
                     621520 to 611500  0.00000E+00      mt= 105
                     621520 to 601500  0.00000E+00      mt= 106
                     621520 to 601490  1.00001E-10      mt= 107
                     621520 tot-cap    1.81248E+02
                     621530 to 611520  0.00000E+00      mt=  28
                     621530 to 611521  0.00000E+00      mt=  28
                     621530 to 611522  0.00000E+00      mt=  28
                     621530 to 621520  2.21322E-10      mt=  16
                     621530 to 601490  0.00000E+00      mt=  22
                     621530 to 621540  3.50952E+02      mt= 102
                     621530 to 611530  2.53768E-13      mt= 103
                     621530 to 611510  0.00000E+00      mt= 105
                     621530 to 601510  0.00000E+00      mt= 106
                     621530 to 601500  5.45478E-13      mt= 107
                     621530 tot-cap    3.50952E+02
                     621540 to 611540  1.85557E-14      mt= 103
                     621540 to 611541  3.67232E-14      mt= 103
                     621540 to 611520  0.00000E+00      mt= 105
                     621540 to 611521  0.00000E+00      mt= 105
                     621540 to 611522  0.00000E+00      mt= 105
                     621540 to 621530  1.69476E-11      mt=  16
                     621540 to 601500  0.00000E+00      mt=  22
                     621540 to 611530  4.05822E-15      mt=  28
                     621540 to 621550  6.76500E+00      mt= 102
                     621540 to 601520  0.00000E+00      mt= 106
                     621540 to 601510  5.19818E-13      mt= 107
                     621540 tot-cap    6.76500E+00
                     631450 to 621430  0.00000E+00      mt= 105
                     631450 to 621431  0.00000E+00      mt= 105
                     631450 to 611410  1.00000E-10      mt=  22
                     631450 to 621440  9.65461E-12      mt=  28
                     631450 to 631460  1.81768E+01      mt= 102
                     631450 to 621450  5.77553E-10      mt= 103
                     631450 to 611430  0.00000E+00      mt= 106
                     631450 to 611420  1.07062E-10      mt= 107
                     631450 to 611440  0.00000E+00      mt= 111
                     631450 tot-cap    1.81768E+01
                     631460 to 631450  3.33722E-11      mt=  16
                     631460 to 611420  1.00000E-10      mt=  22
                     631460 to 621450  4.79467E-13      mt=  28
                     631460 to 621440  0.00000E+00      mt=  32
                     631460 to 631470  9.60898E+01      mt= 102
                     631460 to 621460  5.09584E-10      mt= 103
                     631460 to 611440  0.00000E+00      mt= 106
                     631460 to 611430  4.87298E-10      mt= 107
                     631460 to 611450  0.00000E+00      mt= 111
                     631460 tot-cap    9.60898E+01
                     631470 to 631460  7.99247E-12      mt=  16
                     631470 to 611430  1.00339E-10      mt=  22
                     631470 to 621460  1.06852E-12      mt=  28
                     631470 to 631480  4.19888E+01      mt= 102
                     631470 to 621470  1.18408E-10      mt= 103
                     631470 to 621450  0.00000E+00      mt= 105
                     631470 to 611450  0.00000E+00      mt= 106
                     631470 to 611440  3.51626E-10      mt= 107
                     631470 tot-cap    4.19888E+01
                     631480 to 631470  8.13891E-11      mt=  16
                     631480 to 611440  1.00109E-10      mt=  22
                     631480 to 621470  2.39083E-12      mt=  28
                     631480 to 631490  4.19546E+02      mt= 102
                     631480 to 621480  2.13426E-10      mt= 103
                     631480 to 621460  0.00000E+00      mt= 105
                     631480 to 611460  0.00000E+00      mt= 106
                     631480 to 611450  8.62858E-10      mt= 107
                     631480 to 611470  0.00000E+00      mt= 111
                     631480 tot-cap    4.19546E+02
                     631490 to 631500  9.56286E+01      mt= 102
                     631490 to 631501  6.92482E+01      mt= 102
                     631490 to 631480  1.55485E-11      mt=  16
                     631490 to 611450  1.00004E-10      mt=  22
                     631490 to 621480  2.13288E-13      mt=  28
                     631490 to 621490  1.01136E-10      mt= 103
                     631490 to 621470  0.00000E+00      mt= 105
                     631490 to 611470  0.00000E+00      mt= 106
                     631490 to 611460  1.01806E-10      mt= 107
                     631490 tot-cap    1.64877E+02
                     631500 to 611480  0.00000E+00      mt= 106
                     631500 to 611481  0.00000E+00      mt= 106
                     631500 to 631490  8.42571E-11      mt=  16
                     631500 to 611460  1.00000E-10      mt=  22
                     631500 to 621490  4.21559E-14      mt=  28
                     631500 to 631510  1.99871E+02      mt= 102
                     631500 to 621500  1.01494E-10      mt= 103
                     631500 to 621480  0.00000E+00      mt= 105
                     631500 to 611470  1.11149E-10      mt= 107
                     631500 tot-cap    1.99871E+02
                     631501 to 611480  0.00000E+00      mt= 106
                     631501 to 611481  0.00000E+00      mt= 106
                     631501 to 631490  1.24290E-10      mt=  16
                     631501 to 611460  1.00001E-10      mt=  22
                     631501 to 621490  6.87245E-14      mt=  28
                     631501 to 621480  0.00000E+00      mt=  32
                     631501 to 631510  1.99871E+02      mt= 102
                     631501 to 621500  1.23785E-10      mt= 103
                     631501 to 611470  1.10540E-10      mt= 107
                     631501 tot-cap    1.99871E+02
                     631510 to 631520  5.05463E+03      mt= 102
                     631510 to 631521  2.65464E+03      mt= 102
                     631510 to 631522  1.45008E-08      mt= 102
                     631510 to 631500  6.64307E-12      mt=  16
                     631510 to 631501  6.69480E-12      mt=  16
                     631510 to 611480  3.35877E-06      mt= 107
                     631510 to 611481  4.23752E-06      mt= 107
                     631510 to 611470  1.00000E-10      mt=  22
                     631510 to 621500  0.00000E+00      mt=  28
                     631510 to 621510  2.25122E-12      mt= 103
                     631510 to 621490  0.00000E+00      mt= 105
                     631510 to 611490  0.00000E+00      mt= 106
                     631510 tot-cap    7.70927E+03
                     631520 to 611480  1.00000E-10      mt=  22
                     631520 to 611481  1.00000E-10      mt=  22
                     631520 to 631510  8.65912E-11      mt=  16
                     631520 to 621510  0.00000E+00      mt=  28
                     631520 to 631530  9.79645E+03      mt= 102
                     631520 to 621520  4.03168E-07      mt= 103
                     631520 to 621500  0.00000E+00      mt= 105
                     631520 to 611500  0.00000E+00      mt= 106
                     631520 to 611490  1.01111E-10      mt= 107
                     631520 tot-cap    9.79645E+03
                     631521 to 611480  1.00000E-10      mt=  22
                     631521 to 611481  1.00000E-10      mt=  22
                     631521 to 631510  1.57365E-10      mt=  16
                     631521 to 621510  0.00000E+00      mt=  28
                     631521 to 631530  6.46426E+04      mt= 102
                     631521 to 621520  1.00841E-10      mt= 103
                     631521 to 621500  0.00000E+00      mt= 105
                     631521 to 611500  0.00000E+00      mt= 106
                     631521 to 611490  1.00152E-10      mt= 107
                     631521 tot-cap    6.46426E+04
                     631530 to 631540  2.54366E+02      mt= 102
                     631530 to 631541  4.13603E+00      mt= 102
                     631530 to 631520  1.78585E-12      mt=  16
                     631530 to 631521  2.60770E-12      mt=  16
                     631530 to 631522  6.58104E-13      mt=  16
                     631530 to 611490  1.00005E-10      mt=  22
                     631530 to 621520  7.29802E-15      mt=  28
                     631530 to 621530  3.20614E-14      mt= 103
                     631530 to 621510  0.00000E+00      mt= 105
                     631530 to 611510  0.00000E+00      mt= 106
                     631530 to 611500  4.89598E-07      mt= 107
                     631530 tot-cap    2.58502E+02
                     631540 to 611520  0.00000E+00      mt= 106
                     631540 to 611521  0.00000E+00      mt= 106
                     631540 to 611522  0.00000E+00      mt= 106
                     631540 to 631530  4.55359E-11      mt=  16
                     631540 to 611500  0.00000E+00      mt=  22
                     631540 to 621530  0.00000E+00      mt=  28
                     631540 to 631550  1.42082E+03      mt= 102
                     631540 to 621540  1.01549E-10      mt= 103
                     631540 to 621520  0.00000E+00      mt= 105
                     631540 to 611510  7.27252E-12      mt= 107
                     631540 tot-cap    1.42082E+03
                     631550 to 631540  1.07269E-11      mt=  16
                     631550 to 631541  4.23677E-12      mt=  16
                     631550 to 611520  2.64816E-13      mt= 107
                     631550 to 611521  4.70783E-13      mt= 107
                     631550 to 611522  3.27300E-14      mt= 107
                     631550 to 611510  0.00000E+00      mt=  22
                     631550 to 621540  8.61088E-15      mt=  28
                     631550 to 631560  4.82093E+03      mt= 102
                     631550 to 621550  5.58240E-13      mt= 103
                     631550 to 621530  0.00000E+00      mt= 105
                     631550 to 611530  0.00000E+00      mt= 106
                     631550 tot-cap    4.82093E+03
                     631560 to 611520  0.00000E+00      mt=  22
                     631560 to 611521  0.00000E+00      mt=  22
                     631560 to 611522  0.00000E+00      mt=  22
                     631560 to 611540  0.00000E+00      mt= 106
                     631560 to 611541  0.00000E+00      mt= 106
                     631560 to 631550  1.58262E-10      mt=  16
                     631560 to 621550  4.68050E-15      mt=  28
                     631560 to 631570  4.32364E+02      mt= 102
                     631560 to 621560  1.00875E-10      mt= 103
                     631560 to 621540  0.00000E+00      mt= 105
                     631560 to 611530  4.51181E-13      mt= 107
                     631560 tot-cap    4.32364E+02
                     631570 to 611540  1.00000E-10      mt= 107
                     631570 to 611541  1.00000E-10      mt= 107
                     631570 to 631560  3.49230E-11      mt=  16
                     631570 to 611530  0.00000E+00      mt=  22
                     631570 to 621560  0.00000E+00      mt=  28
                     631570 to 631580  1.94821E+02      mt= 102
                     631570 to 621570  4.55881E-15      mt= 103
                     631570 to 621550  0.00000E+00      mt= 105
                     631570 to 611550  0.00000E+00      mt= 106
                     631570 tot-cap    1.94821E+02
                     641460 to 621430  1.98530E-10      mt= 107
                     641460 to 621431  1.10824E-10      mt= 107
                     641460 to 621420  1.00000E-10      mt=  22
                     641460 to 631450  1.34968E-12      mt=  28
                     641460 to 641470  1.12990E+01      mt= 102
                     641460 to 631460  2.05771E-10      mt= 103
                     641460 to 621440  6.39914E-15      mt= 106
                     641460 to 621450  0.00000E+00      mt= 111
                     641460 tot-cap    1.12990E+01
                     641470 to 621430  1.00001E-10      mt=  22
                     641470 to 621431  1.00000E-10      mt=  22
                     641470 to 641460  8.22412E-12      mt=  16
                     641470 to 631460  1.50994E-13      mt=  28
                     641470 to 641480  6.42967E+01      mt= 102
                     641470 to 631470  4.49172E-10      mt= 103
                     641470 to 631450  0.00000E+00      mt= 105
                     641470 to 621450  3.50014E-15      mt= 106
                     641470 to 621440  1.94498E-09      mt= 107
                     641470 to 621460  0.00000E+00      mt= 111
                     641470 tot-cap    6.42967E+01
                     641480 to 641470  2.63328E-12      mt=  16
                     641480 to 621440  1.00522E-10      mt=  22
                     641480 to 631470  1.30319E-14      mt=  28
                     641480 to 641490  2.00736E+01      mt= 102
                     641480 to 631480  1.02355E-10      mt= 103
                     641480 to 631460  0.00000E+00      mt= 105
                     641480 to 621460  0.00000E+00      mt= 106
                     641480 to 621450  6.99441E-10      mt= 107
                     641480 tot-cap    2.00736E+01
                     641490 to 641480  2.27308E-11      mt=  16
                     641490 to 621450  1.00078E-10      mt=  22
                     641490 to 631480  6.30128E-15      mt=  28
                     641490 to 641500  1.02663E+02      mt= 102
                     641490 to 631490  1.09422E-10      mt= 103
                     641490 to 631470  0.00000E+00      mt= 105
                     641490 to 621470  0.00000E+00      mt= 106
                     641490 to 621460  1.05138E-09      mt= 107
                     641490 to 621480  0.00000E+00      mt= 111
                     641490 tot-cap    1.02663E+02
                     641500 to 631500  8.00498E-13      mt= 103
                     641500 to 631501  1.58605E-12      mt= 103
                     641500 to 641490  5.20181E-12      mt=  16
                     641500 to 621460  1.00090E-10      mt=  22
                     641500 to 631490  0.00000E+00      mt=  28
                     641500 to 641510  2.54000E+01      mt= 102
                     641500 to 631480  0.00000E+00      mt= 105
                     641500 to 621480  0.00000E+00      mt= 106
                     641500 to 621470  1.15277E-10      mt= 107
                     641500 tot-cap    2.54000E+01
                     641510 to 631500  0.00000E+00      mt=  28
                     641510 to 631501  0.00000E+00      mt=  28
                     641510 to 641500  3.61954E-11      mt=  16
                     641510 to 621470  1.00006E-10      mt=  22
                     641510 to 641520  2.71452E+02      mt= 102
                     641510 to 631510  1.00372E-10      mt= 103
                     641510 to 631490  0.00000E+00      mt= 105
                     641510 to 621490  0.00000E+00      mt= 106
                     641510 to 621480  1.98870E-10      mt= 107
                     641510 tot-cap    2.71452E+02
                     641520 to 631520  6.29667E-13      mt= 103
                     641520 to 631521  1.46925E-13      mt= 103
                     641520 to 631522  7.47152E-14      mt= 103
                     641520 to 641510  4.77258E-12      mt=  16
                     641520 to 621480  1.00945E-10      mt=  22
                     641520 to 631510  2.09246E-14      mt=  28
                     641520 to 641530  8.44723E+02      mt= 102
                     641520 to 621500  0.00000E+00      mt= 106
                     641520 to 621490  5.93586E-03      mt= 107
                     641520 tot-cap    8.44729E+02
                     641530 to 631520  0.00000E+00      mt=  28
                     641530 to 631521  0.00000E+00      mt=  28
                     641530 to 631522  0.00000E+00      mt=  28
                     641530 to 641520  9.13929E-11      mt=  16
                     641530 to 621490  1.00000E-10      mt=  22
                     641530 to 641540  1.74971E+04      mt= 102
                     641530 to 631530  1.00110E-10      mt= 103
                     641530 to 631510  0.00000E+00      mt= 105
                     641530 to 621510  0.00000E+00      mt= 106
                     641530 to 621500  1.69056E-02      mt= 107
                     641530 tot-cap    1.74971E+04
                     641540 to 631540  1.52832E-14      mt= 103
                     641540 to 631541  0.00000E+00      mt= 103
                     641540 to 631520  0.00000E+00      mt= 105
                     641540 to 631521  0.00000E+00      mt= 105
                     641540 to 631522  0.00000E+00      mt= 105
                     641540 to 641530  3.63227E-12      mt=  16
                     641540 to 621500  1.00000E-10      mt=  22
                     641540 to 631530  1.06146E-14      mt=  28
                     641540 to 641550  6.88851E+01      mt= 102
                     641540 to 621520  0.00000E+00      mt= 106
                     641540 to 621510  4.83018E-04      mt= 107
                     641540 tot-cap    6.88856E+01
                     641550 to 631540  6.03094E-15      mt=  28
                     641550 to 631541  0.00000E+00      mt=  28
                     641550 to 641540  6.29870E-11      mt=  16
                     641550 to 621510  1.00000E-10      mt=  22
                     641550 to 641560  3.65947E+04      mt= 102
                     641550 to 631550  1.02428E-10      mt= 103
                     641550 to 631530  0.00000E+00      mt= 105
                     641550 to 621530  0.00000E+00      mt= 106
                     641550 to 621520  4.92079E-05      mt= 107
                     641550 tot-cap    3.65947E+04
                     641560 to 631540  0.00000E+00      mt= 105
                     641560 to 631541  0.00000E+00      mt= 105
                     641560 to 641550  5.33038E-12      mt=  16
                     641560 to 621520  5.37703E-14      mt=  22
                     641560 to 631550  7.14811E-15      mt=  28
                     641560 to 641570  1.47621E+00      mt= 102
                     641560 to 631560  6.70551E-15      mt= 103
                     641560 to 621540  0.00000E+00      mt= 106
                     641560 to 621530  1.70133E-12      mt= 107
                     641560 tot-cap    1.47621E+00
                     641570 to 641560  9.04654E-11      mt=  16
                     641570 to 621530  5.55174E-15      mt=  22
                     641570 to 631560  4.48316E-15      mt=  28
                     641570 to 641580  1.51217E+05      mt= 102
                     641570 to 631570  4.34647E-15      mt= 103
                     641570 to 631550  0.00000E+00      mt= 105
                     641570 to 621550  0.00000E+00      mt= 106
                     641570 to 621540  2.85127E-04      mt= 107
                     641570 tot-cap    1.51217E+05
                     641580 to 641570  1.64738E-11      mt=  16
                     641580 to 621540  6.72617E-15      mt=  22
                     641580 to 631570  4.29983E-15      mt=  28
                     641580 to 641590  2.14478E+00      mt= 102
                     641580 to 631580  5.61252E-14      mt= 103
                     641580 to 631560  0.00000E+00      mt= 105
                     641580 to 621560  0.00000E+00      mt= 106
                     641580 to 621550  1.14984E-12      mt= 107
                     641580 tot-cap    2.14478E+00
                     641590 to 641580  2.28972E-10      mt=  16
                     641590 to 621550  0.00000E+00      mt=  22
                     641590 to 631580  0.00000E+00      mt=  28
                     641590 to 641600  3.55205E+01      mt= 102
                     641590 to 631590  0.00000E+00      mt= 103
                     641590 to 631570  0.00000E+00      mt= 105
                     641590 to 621570  0.00000E+00      mt= 106
                     641590 to 621560  1.00001E-10      mt= 107
                     641590 tot-cap    3.55205E+01
                     641600 to 641590  3.81088E-11      mt=  16
                     641600 to 621560  0.00000E+00      mt=  22
                     641600 to 631590  0.00000E+00      mt=  28
                     641600 to 641610  6.21073E-01      mt= 102
                     641600 to 631600  0.00000E+00      mt= 103
                     641600 to 631580  0.00000E+00      mt= 105
                     641600 to 621580  0.00000E+00      mt= 106
                     641600 to 621570  5.43620E-13      mt= 107
                     641600 tot-cap    6.21073E-01
                     651510 to 651520  2.28096E+02      mt= 102
                     651510 to 651521  3.81004E+00      mt= 102
                     651510 to 651500  1.03299E-12      mt=  16
                     651510 to 651501  2.82764E-13      mt=  16
                     651510 to 631470  1.00278E-10      mt=  22
                     651510 to 641500  1.96991E-12      mt=  28
                     651510 to 641510  2.69494E-10      mt= 103
                     651510 to 641490  0.00000E+00      mt= 105
                     651510 to 631490  0.00000E+00      mt= 106
                     651510 to 631480  1.25759E-10      mt= 107
                     651510 tot-cap    2.31906E+02
                     651520 to 651510  2.07133E-11      mt=  16
                     651520 to 651511  2.87404E-11      mt=  16
                     651520 to 631500  0.00000E+00      mt= 106
                     651520 to 631501  0.00000E+00      mt= 106
                     651520 to 631480  1.00015E-10      mt=  22
                     651520 to 641510  4.25762E-13      mt=  28
                     651520 to 641500  0.00000E+00      mt=  32
                     651520 to 651530  1.90951E+03      mt= 102
                     651520 to 641520  5.55842E-09      mt= 103
                     651520 to 631490  1.19649E-09      mt= 107
                     651520 to 631510  0.00000E+00      mt= 111
                     651520 tot-cap    1.90951E+03
                     651530 to 651540  5.45288E+02      mt= 102
                     651530 to 651541  1.21353E+03      mt= 102
                     651530 to 651542  2.38165E+01      mt= 102
                     651530 to 651520  1.26441E-12      mt=  16
                     651530 to 651521  3.72039E-13      mt=  16
                     651530 to 631500  1.01821E-10      mt= 107
                     651530 to 631501  1.02036E-10      mt= 107
                     651530 to 631490  1.00014E-10      mt=  22
                     651530 to 641520  3.77986E-13      mt=  28
                     651530 to 641530  1.03186E-10      mt= 103
                     651530 to 641510  0.00000E+00      mt= 105
                     651530 to 631510  0.00000E+00      mt= 106
                     651530 tot-cap    1.78264E+03
                     651540 to 631500  1.00006E-10      mt=  22
                     651540 to 631501  1.00003E-10      mt=  22
                     651540 to 631520  0.00000E+00      mt= 106
                     651540 to 631521  0.00000E+00      mt= 106
                     651540 to 631522  0.00000E+00      mt= 106
                     651540 to 651530  1.09077E-10      mt=  16
                     651540 to 641530  8.88408E-13      mt=  28
                     651540 to 651550  2.78315E+03      mt= 102
                     651540 to 641540  1.62944E-10      mt= 103
                     651540 to 641520  0.00000E+00      mt= 105
                     651540 to 631510  1.35568E-10      mt= 107
                     651540 to 631530  0.00000E+00      mt= 111
                     651540 tot-cap    2.78315E+03
                     651542 to 631500  1.00012E-10      mt=  22
                     651542 to 631501  1.00012E-10      mt=  22
                     651542 to 651530  1.19339E-10      mt=  16
                     651542 to 641530  2.83913E-14      mt=  28
                     651542 to 651550  9.92919E+01      mt= 102
                     651542 to 641540  4.68624E-02      mt= 103
                     651542 to 641520  0.00000E+00      mt= 105
                     651542 to 631510  3.23667E-02      mt= 107
                     651542 tot-cap    9.93711E+01
                     651550 to 651560  3.12949E+02      mt= 102
                     651550 to 651561  1.32699E+01      mt= 102
                     651550 to 651562  2.26694E+02      mt= 102
                     651550 to 651540  4.43907E-15      mt=  16
                     651550 to 651541  6.37563E-14      mt=  16
                     651550 to 651542  0.00000E+00      mt=  16
                     651550 to 631520  1.00026E-10      mt= 107
                     651550 to 631521  1.00001E-10      mt= 107
                     651550 to 631522  1.00003E-10      mt= 107
                     651550 to 631510  1.00000E-10      mt=  22
                     651550 to 641540  6.65038E-14      mt=  28
                     651550 to 641550  1.00612E-10      mt= 103
                     651550 to 641530  0.00000E+00      mt= 105
                     651550 to 631530  0.00000E+00      mt= 106
                     651550 tot-cap    5.52913E+02
                     651560 to 631520  1.00000E-10      mt=  22
                     651560 to 631521  1.00000E-10      mt=  22
                     651560 to 631522  1.00000E-10      mt=  22
                     651560 to 631540  0.00000E+00      mt= 106
                     651560 to 631541  0.00000E+00      mt= 106
                     651560 to 651550  9.07585E-11      mt=  16
                     651560 to 641550  1.32740E-13      mt=  28
                     651560 to 651570  2.13142E+03      mt= 102
                     651560 to 641560  1.01305E-10      mt= 103
                     651560 to 641540  0.00000E+00      mt= 105
                     651560 to 631530  1.00152E-10      mt= 107
                     651560 tot-cap    2.13142E+03
                     651561 to 631520  1.00000E-10      mt=  22
                     651561 to 631521  1.00000E-10      mt=  22
                     651561 to 631522  1.00000E-10      mt=  22
                     651561 to 651550  8.59527E-11      mt=  16
                     651561 to 641550  0.00000E+00      mt=  28
                     651561 to 651570  7.85163E+01      mt= 102
                     651561 to 641560  7.73141E-04      mt= 103
                     651561 to 641540  0.00000E+00      mt= 105
                     651561 to 631530  6.36430E-05      mt= 107
                     651561 tot-cap    7.85171E+01
                     651562 to 631520  1.00000E-10      mt=  22
                     651562 to 631521  1.00000E-10      mt=  22
                     651562 to 631522  1.00000E-10      mt=  22
                     651562 to 631540  0.00000E+00      mt= 106
                     651562 to 631541  0.00000E+00      mt= 106
                     651562 to 651550  1.13729E-10      mt=  16
                     651562 to 641550  8.67149E-14      mt=  28
                     651562 to 651570  2.13142E+03      mt= 102
                     651562 to 641560  1.03344E-10      mt= 103
                     651562 to 641540  0.00000E+00      mt= 105
                     651562 to 631530  1.00205E-10      mt= 107
                     651562 tot-cap    2.13142E+03
                     651570 to 651580  2.88333E+02      mt= 102
                     651570 to 651581  2.08793E+02      mt= 102
                     651570 to 651560  1.48941E-12      mt=  16
                     651570 to 651561  3.94365E-13      mt=  16
                     651570 to 651562  2.63661E-13      mt=  16
                     651570 to 631540  1.00005E-10      mt= 107
                     651570 to 631541  1.00000E-10      mt= 107
                     651570 to 631530  1.00000E-10      mt=  22
                     651570 to 641560  7.43558E-15      mt=  28
                     651570 to 641570  1.00093E-10      mt= 103
                     651570 to 641550  0.00000E+00      mt= 105
                     651570 to 631550  0.00000E+00      mt= 106
                     651570 tot-cap    4.97127E+02
                     651580 to 631540  4.03511E-14      mt=  22
                     651580 to 631541  6.25668E-15      mt=  22
                     651580 to 651570  7.17969E-11      mt=  16
                     651580 to 641570  0.00000E+00      mt=  28
                     651580 to 651590  4.88125E+02      mt= 102
                     651580 to 641580  1.00100E-10      mt= 103
                     651580 to 641560  0.00000E+00      mt= 105
                     651580 to 631560  0.00000E+00      mt= 106
                     651580 to 631550  1.00012E-10      mt= 107
                     651580 tot-cap    4.88125E+02
                     651590 to 651580  7.36671E-12      mt=  16
                     651590 to 651581  3.57925E-12      mt=  16
                     651590 to 631550  9.52916E-14      mt=  22
                     651590 to 641580  0.00000E+00      mt=  28
                     651590 to 651600  2.02556E+01      mt= 102
                     651590 to 641590  2.33220E-13      mt= 103
                     651590 to 641570  0.00000E+00      mt= 105
                     651590 to 631570  0.00000E+00      mt= 106
                     651590 to 631560  1.00003E-10      mt= 107
                     651590 tot-cap    2.02556E+01
                     651600 to 651590  1.27563E-10      mt=  16
                     651600 to 631560  7.31039E-15      mt=  22
                     651600 to 641590  0.00000E+00      mt=  28
                     651600 to 651610  5.13764E+02      mt= 102
                     651600 to 641600  1.00025E-10      mt= 103
                     651600 to 641580  0.00000E+00      mt= 105
                     651600 to 631580  0.00000E+00      mt= 106
                     651600 to 631570  1.00003E-10      mt= 107
                     651600 tot-cap    5.13764E+02
                     651610 to 651600  2.84110E-11      mt=  16
                     651610 to 631570  0.00000E+00      mt=  22
                     651610 to 641600  0.00000E+00      mt=  28
                     651610 to 651620  1.06718E+02      mt= 102
                     651610 to 641610  9.67734E-15      mt= 103
                     651610 to 641590  0.00000E+00      mt= 105
                     651610 to 631590  0.00000E+00      mt= 106
                     651610 to 631580  1.00001E-10      mt= 107
                     651610 tot-cap    1.06718E+02
                     661540 to 651540  1.00015E-10      mt= 103
                     661540 to 651541  1.00176E-10      mt= 103
                     661540 to 651542  1.00004E-10      mt= 103
                     661540 to 661530  4.07669E-13      mt=  16
                     661540 to 641500  1.00020E-10      mt=  22
                     661540 to 651530  4.14075E-15      mt=  28
                     661540 to 661550  5.87204E+01      mt= 102
                     661540 to 641520  0.00000E+00      mt= 106
                     661540 to 641510  1.11783E-10      mt= 107
                     661540 tot-cap    5.87204E+01
                     661550 to 651540  0.00000E+00      mt=  28
                     661550 to 651541  0.00000E+00      mt=  28
                     661550 to 651542  0.00000E+00      mt=  28
                     661550 to 661540  3.81886E-11      mt=  16
                     661550 to 641510  1.00002E-10      mt=  22
                     661550 to 661560  1.31355E+03      mt= 102
                     661550 to 651550  1.15426E-10      mt= 103
                     661550 to 651530  0.00000E+00      mt= 105
                     661550 to 641530  0.00000E+00      mt= 106
                     661550 to 641520  1.95278E-10      mt= 107
                     661550 to 641540  0.00000E+00      mt= 111
                     661550 tot-cap    1.31355E+03
                     661560 to 651560  1.00110E-10      mt= 103
                     661560 to 651561  1.00006E-10      mt= 103
                     661560 to 651562  1.00026E-10      mt= 103
                     661560 to 661550  2.76341E-13      mt=  16
                     661560 to 641520  1.00000E-10      mt=  22
                     661560 to 651550  0.00000E+00      mt=  28
                     661560 to 661570  4.16406E+01      mt= 102
                     661560 to 641540  0.00000E+00      mt= 106
                     661560 to 641530  7.24527E-03      mt= 107
                     661560 tot-cap    4.16478E+01
                     661570 to 651560  0.00000E+00      mt=  28
                     661570 to 651561  0.00000E+00      mt=  28
                     661570 to 651562  0.00000E+00      mt=  28
                     661570 to 661560  4.76635E-11      mt=  16
                     661570 to 641530  1.00000E-10      mt=  22
                     661570 to 661580  3.68014E+02      mt= 102
                     661570 to 651570  1.00879E-10      mt= 103
                     661570 to 651550  0.00000E+00      mt= 105
                     661570 to 641550  0.00000E+00      mt= 106
                     661570 to 641540  1.03830E-10      mt= 107
                     661570 to 641560  0.00000E+00      mt= 111
                     661570 tot-cap    3.68014E+02
                     661580 to 651580  2.00109E-13      mt= 103
                     661580 to 651581  1.04468E-14      mt= 103
                     661580 to 651560  0.00000E+00      mt= 105
                     661580 to 651561  0.00000E+00      mt= 105
                     661580 to 651562  0.00000E+00      mt= 105
                     661580 to 661570  1.89282E-12      mt=  16
                     661580 to 641540  1.00000E-10      mt=  22
                     661580 to 651570  0.00000E+00      mt=  28
                     661580 to 661590  3.38480E+01      mt= 102
                     661580 to 641560  0.00000E+00      mt= 106
                     661580 to 641550  4.83018E-03      mt= 107
                     661580 tot-cap    3.38529E+01
                     661590 to 651580  0.00000E+00      mt=  28
                     661590 to 651581  0.00000E+00      mt=  28
                     661590 to 661580  6.49540E-11      mt=  16
                     661590 to 641550  1.00000E-10      mt=  22
                     661590 to 661600  1.86916E+04      mt= 102
                     661590 to 651590  1.00106E-10      mt= 103
                     661590 to 651570  0.00000E+00      mt= 105
                     661590 to 641570  0.00000E+00      mt= 106
                     661590 to 641560  1.00142E-10      mt= 107
                     661590 tot-cap    1.86916E+04
                     661600 to 651580  0.00000E+00      mt= 105
                     661600 to 661590  6.90519E-12      mt=  16
                     661600 to 641560  1.00000E-10      mt=  22
                     661600 to 651590  0.00000E+00      mt=  28
                     661600 to 661610  7.43875E+01      mt= 102
                     661600 to 651600  1.92554E-14      mt= 103
                     661600 to 641580  0.00000E+00      mt= 106
                     661600 to 641570  2.41509E-04      mt= 107
                     661600 tot-cap    7.43878E+01
                     661610 to 661600  1.02372E-10      mt=  16
                     661610 to 641570  1.00000E-10      mt=  22
                     661610 to 651600  0.00000E+00      mt=  28
                     661610 to 661620  4.72269E+02      mt= 102
                     661610 to 651610  1.00019E-10      mt= 103
                     661610 to 651590  0.00000E+00      mt= 105
                     661610 to 641590  0.00000E+00      mt= 106
                     661610 to 641580  2.41509E-05      mt= 107
                     661610 tot-cap    4.72269E+02
                     661620 to 661610  1.59428E-11      mt=  16
                     661620 to 641580  1.00000E-10      mt=  22
                     661620 to 651610  0.00000E+00      mt=  28
                     661620 to 661630  1.82522E+02      mt= 102
                     661620 to 651620  4.30109E-15      mt= 103
                     661620 to 641600  0.00000E+00      mt= 106
                     661620 to 641590  1.00002E-10      mt= 107
                     661620 tot-cap    1.82522E+02
                     661630 to 661620  1.57196E-10      mt=  16
                     661630 to 641590  1.52844E-14      mt=  22
                     661630 to 651620  0.00000E+00      mt=  28
                     661630 to 661640  1.64611E+02      mt= 102
                     661630 to 651630  4.75729E-15      mt= 103
                     661630 to 651610  0.00000E+00      mt= 105
                     661630 to 641610  0.00000E+00      mt= 106
                     661630 to 641600  1.61006E-05      mt= 107
                     661630 tot-cap    1.64611E+02
                     661640 to 661650  7.61237E+02      mt= 102
                     661640 to 661651  1.29616E+03      mt= 102
                     661640 to 661630  3.18921E-11      mt=  16
                     661640 to 641600  0.00000E+00      mt=  22
                     661640 to 651630  0.00000E+00      mt=  28
                     661640 to 651640  0.00000E+00      mt= 103
                     661640 to 641620  0.00000E+00      mt= 106
                     661640 to 641610  1.00000E-10      mt= 107
                     661640 tot-cap    2.05740E+03
                     661650 to 661640  2.60350E-10      mt=  16
                     661650 to 641610  0.00000E+00      mt=  22
                     661650 to 651640  0.00000E+00      mt=  28
                     661650 to 661660  3.79731E+03      mt= 102
                     661650 to 651650  0.00000E+00      mt= 103
                     661650 to 651630  0.00000E+00      mt= 105
                     661650 to 641630  0.00000E+00      mt= 106
                     661650 to 641620  1.00001E-10      mt= 107
                     661650 tot-cap    3.79731E+03
                     661660 to 661650  8.13731E-11      mt=  16
                     661660 to 661651  8.60695E-12      mt=  16
                     661660 to 641620  0.00000E+00      mt=  22
                     661660 to 651650  0.00000E+00      mt=  28
                     661660 to 661670  9.19284E+00      mt= 102
                     661660 to 651660  0.00000E+00      mt= 103
                     661660 to 641640  0.00000E+00      mt= 106
                     661660 to 641630  1.00000E-10      mt= 107
                     661660 tot-cap    9.19284E+00
                     671630 to 671640  1.29771E+02      mt= 102
                     671630 to 671641  1.38413E+01      mt= 102
                     671630 to 671620  3.81999E-12      mt=  16
                     671630 to 671621  3.09070E-12      mt=  16
                     671630 to 651590  1.00000E-10      mt=  22
                     671630 to 661620  0.00000E+00      mt=  28
                     671630 to 661630  1.00078E-10      mt= 103
                     671630 to 661610  0.00000E+00      mt= 105
                     671630 to 651610  0.00000E+00      mt= 106
                     671630 to 651600  1.00012E-10      mt= 107
                     671630 tot-cap    1.43613E+02
                     671640 to 671630  9.32716E-11      mt=  16
                     671640 to 671631  1.06670E-11      mt=  16
                     671640 to 651600  1.00000E-10      mt=  22
                     671640 to 661630  0.00000E+00      mt=  28
                     671640 to 671650  2.24151E+02      mt= 102
                     671640 to 661640  1.00145E-10      mt= 103
                     671640 to 661620  0.00000E+00      mt= 105
                     671640 to 651620  0.00000E+00      mt= 106
                     671640 to 651610  1.00008E-10      mt= 107
                     671640 tot-cap    2.24151E+02
                     671641 to 671630  7.87910E-11      mt=  16
                     671641 to 671631  3.01915E-12      mt=  16
                     671641 to 651600  1.00000E-10      mt=  22
                     671641 to 661630  0.00000E+00      mt=  28
                     671641 to 671650  2.30349E+02      mt= 102
                     671641 to 661640  1.00144E-10      mt= 103
                     671641 to 661620  0.00000E+00      mt= 105
                     671641 to 651620  0.00000E+00      mt= 106
                     671641 to 651610  1.00007E-10      mt= 107
                     671641 tot-cap    2.30349E+02
                     671650 to 671660  5.64795E+01      mt= 102
                     671650 to 671661  3.03526E+00      mt= 102
                     671650 to 671640  8.93673E-12      mt=  16
                     671650 to 671641  5.07592E-12      mt=  16
                     671650 to 661650  1.30765E-14      mt= 103
                     671650 to 661651  4.27557E-15      mt= 103
                     671650 to 651610  1.00000E-10      mt=  22
                     671650 to 661640  0.00000E+00      mt=  28
                     671650 to 661630  0.00000E+00      mt= 105
                     671650 to 651630  0.00000E+00      mt= 106
                     671650 to 651620  1.61006E-05      mt= 107
                     671650 tot-cap    5.95148E+01
                     671660 to 661650  0.00000E+00      mt=  28
                     671660 to 661651  0.00000E+00      mt=  28
                     671660 to 671650  1.82620E-10      mt=  16
                     671660 to 651620  1.00000E-10      mt=  22
                     671660 to 671670  4.23705E+01      mt= 102
                     671660 to 661660  1.00025E-10      mt= 103
                     671660 to 661640  0.00000E+00      mt= 105
                     671660 to 651640  0.00000E+00      mt= 106
                     671660 to 651630  1.00002E-10      mt= 107
                     671660 tot-cap    4.23705E+01
                     671661 to 661650  0.00000E+00      mt=  28
                     671661 to 661651  0.00000E+00      mt=  28
                     671661 to 671650  1.18995E-10      mt=  16
                     671661 to 651620  1.00000E-10      mt=  22
                     671661 to 671670  8.04550E+03      mt= 102
                     671661 to 661660  1.00025E-10      mt= 103
                     671661 to 661640  0.00000E+00      mt= 105
                     671661 to 651640  0.00000E+00      mt= 106
                     671661 to 651630  1.00002E-10      mt= 107
                     671661 tot-cap    8.04550E+03
                     681600 to 671590  0.00000E+00      mt=  28
                     681600 to 671591  0.00000E+00      mt=  28
                     681600 to 671600  2.97859E-13      mt= 103
                     681600 to 671601  1.60370E-13      mt= 103
                     681600 to 671602  1.21728E-13      mt= 103
                     681600 to 681590  5.25093E-14      mt=  16
                     681600 to 661560  1.00005E-10      mt=  22
                     681600 to 681610  3.99717E+01      mt= 102
                     681600 to 661570  5.88671E-04      mt= 107
                     681600 tot-cap    3.99723E+01
                     681610 to 671600  0.00000E+00      mt=  28
                     681610 to 671601  0.00000E+00      mt=  28
                     681610 to 671602  0.00000E+00      mt=  28
                     681610 to 671610  1.05298E-10      mt= 103
                     681610 to 671611  1.02229E-10      mt= 103
                     681610 to 671590  0.00000E+00      mt= 105
                     681610 to 671591  0.00000E+00      mt= 105
                     681610 to 681600  3.13834E-11      mt=  16
                     681610 to 661570  1.00000E-10      mt=  22
                     681610 to 681620  1.20043E+03      mt= 102
                     681610 to 661590  0.00000E+00      mt= 106
                     681610 to 661580  1.38725E-10      mt= 107
                     681610 to 661600  0.00000E+00      mt= 111
                     681610 tot-cap    1.20043E+03
                     681620 to 671610  0.00000E+00      mt=  28
                     681620 to 671611  0.00000E+00      mt=  28
                     681620 to 671620  1.00125E-10      mt= 103
                     681620 to 671621  1.00049E-10      mt= 103
                     681620 to 681610  2.22335E-12      mt=  16
                     681620 to 661580  1.00000E-10      mt=  22
                     681620 to 681630  1.70023E+01      mt= 102
                     681620 to 661600  0.00000E+00      mt= 106
                     681620 to 661590  8.85532E-03      mt= 107
                     681620 tot-cap    1.70111E+01
                     681640 to 671630  0.00000E+00      mt=  28
                     681640 to 671631  0.00000E+00      mt=  28
                     681640 to 671640  1.20366E-13      mt= 103
                     681640 to 671641  3.45889E-13      mt= 103
                     681640 to 671620  0.00000E+00      mt= 105
                     681640 to 671621  0.00000E+00      mt= 105
                     681640 to 681630  2.59776E-12      mt=  16
                     681640 to 661600  1.00000E-10      mt=  22
                     681640 to 681650  1.10502E+01      mt= 102
                     681640 to 661620  0.00000E+00      mt= 106
                     681640 to 661610  9.66035E-04      mt= 107
                     681640 tot-cap    1.10512E+01
                     681650 to 671640  0.00000E+00      mt=  28
                     681650 to 671641  0.00000E+00      mt=  28
                     681650 to 671630  0.00000E+00      mt= 105
                     681650 to 681640  7.89172E-11      mt=  16
                     681650 to 661610  1.00000E-10      mt=  22
                     681650 to 681660  1.10480E+02      mt= 102
                     681650 to 671650  1.00056E-10      mt= 103
                     681650 to 661630  0.00000E+00      mt= 106
                     681650 to 661620  1.00088E-10      mt= 107
                     681650 tot-cap    1.10480E+02
                     681660 to 681670  7.16057E+00      mt= 102
                     681660 to 681671  2.14817E+01      mt= 102
                     681660 to 671660  7.83200E-15      mt= 103
                     681660 to 671661  0.00000E+00      mt= 103
                     681660 to 671640  0.00000E+00      mt= 105
                     681660 to 681650  8.94577E-12      mt=  16
                     681660 to 661620  1.00000E-10      mt=  22
                     681660 to 671650  0.00000E+00      mt=  28
                     681660 to 661640  0.00000E+00      mt= 106
                     681660 to 661630  5.63521E-05      mt= 107
                     681660 tot-cap    2.86423E+01
                     681670 to 671660  0.00000E+00      mt=  28
                     681670 to 671661  0.00000E+00      mt=  28
                     681670 to 661650  0.00000E+00      mt= 106
                     681670 to 661651  0.00000E+00      mt= 106
                     681670 to 681660  1.01890E-10      mt=  16
                     681670 to 661630  1.00000E-10      mt=  22
                     681670 to 681680  9.55804E+02      mt= 102
                     681670 to 671670  9.49145E-15      mt= 103
                     681670 to 671650  0.00000E+00      mt= 105
                     681670 to 661640  5.63521E-05      mt= 107
                     681670 tot-cap    9.55804E+02
                     681680 to 681670  2.65556E-11      mt=  16
                     681680 to 681671  1.02397E-11      mt=  16
                     681680 to 671660  0.00000E+00      mt= 105
                     681680 to 671661  0.00000E+00      mt= 105
                     681680 to 661650  3.62263E-05      mt= 107
                     681680 to 661651  3.62263E-05      mt= 107
                     681680 to 661640  1.00000E-10      mt=  22
                     681680 to 671670  0.00000E+00      mt=  28
                     681680 to 681690  2.23687E+00      mt= 102
                     681680 to 671680  0.00000E+00      mt= 103
                     681680 to 661660  0.00000E+00      mt= 106
                     681680 tot-cap    2.23694E+00
                     681690 to 661650  1.00000E-10      mt=  22
                     681690 to 661651  1.00000E-10      mt=  22
                     681690 to 681680  2.17104E-10      mt=  16
                     681690 to 671680  0.00000E+00      mt=  28
                     681690 to 681700  2.54583E+01      mt= 102
                     681690 to 671690  0.00000E+00      mt= 103
                     681690 to 661670  0.00000E+00      mt= 106
                     681690 to 661660  8.05030E-06      mt= 107
                     681690 tot-cap    2.54583E+01
                     681700 to 671700  0.00000E+00      mt= 103
                     681700 to 671701  0.00000E+00      mt= 103
                     681700 to 681690  5.49597E-11      mt=  16
                     681700 to 661660  1.00000E-10      mt=  22
                     681700 to 671690  0.00000E+00      mt=  28
                     681700 to 681710  4.73351E+00      mt= 102
                     681700 to 661680  0.00000E+00      mt= 106
                     681700 to 661670  1.00000E-10      mt= 107
                     681700 tot-cap    4.73351E+00
                     681710 to 671700  0.00000E+00      mt=  28
                     681710 to 671701  0.00000E+00      mt=  28
                     681710 to 681700  2.97541E-10      mt=  16
                     681710 to 661670  0.00000E+00      mt=  22
                     681710 to 681720  2.26449E+02      mt= 102
                     681710 to 671710  0.00000E+00      mt= 103
                     681710 to 671690  0.00000E+00      mt= 105
                     681710 to 661690  0.00000E+00      mt= 106
                     681710 to 661680  1.00001E-10      mt= 107
                     681710 tot-cap    2.26449E+02
                     681720 to 671700  0.00000E+00      mt= 105
                     681720 to 671701  0.00000E+00      mt= 105
                     681720 to 681710  1.04985E-10      mt=  16
                     681720 to 661680  0.00000E+00      mt=  22
                     681720 to 681730  1.08967E+01      mt= 102
                     681720 to 671720  1.28766E-14      mt= 103
                     681720 to 671710  0.00000E+00      mt= 104
                     681720 to 661700  0.00000E+00      mt= 106
                     681720 to 661690  1.00000E-10      mt= 107
                     681720 tot-cap    1.08967E+01
                     691650 to 691640  1.10458E-13      mt=  16
                     691650 to 691641  2.42238E-13      mt=  16
                     691650 to 671610  1.00000E-10      mt=  22
                     691650 to 671611  1.00000E-10      mt=  22
                     691650 to 671630  0.00000E+00      mt= 106
                     691650 to 671631  0.00000E+00      mt= 106
                     691650 to 671620  1.00072E-10      mt= 107
                     691650 to 671621  1.00025E-10      mt= 107
                     691650 to 681640  9.34021E-14      mt=  28
                     691650 to 691660  1.47676E+02      mt= 102
                     691650 to 681650  1.01450E-10      mt= 103
                     691650 to 681630  0.00000E+00      mt= 105
                     691650 tot-cap    1.47676E+02
                     691660 to 671620  1.00000E-10      mt=  22
                     691660 to 671621  1.00000E-10      mt=  22
                     691660 to 671640  0.00000E+00      mt= 106
                     691660 to 671641  0.00000E+00      mt= 106
                     691660 to 671630  1.03492E-10      mt= 107
                     691660 to 671631  1.00904E-10      mt= 107
                     691660 to 691650  8.25474E-11      mt=  16
                     691660 to 681650  1.26639E-13      mt=  28
                     691660 to 691670  5.04852E+02      mt= 102
                     691660 to 681660  1.76521E-10      mt= 103
                     691660 to 681640  0.00000E+00      mt= 105
                     691660 tot-cap    5.04852E+02
                     691670 to 671630  1.00000E-10      mt=  22
                     691670 to 671631  1.00000E-10      mt=  22
                     691670 to 681670  1.00157E-10      mt= 103
                     691670 to 681671  1.00032E-10      mt= 103
                     691670 to 671640  1.00011E-10      mt= 107
                     691670 to 671641  1.00005E-10      mt= 107
                     691670 to 691660  5.95252E-12      mt=  16
                     691670 to 681660  2.68012E-14      mt=  28
                     691670 to 691680  5.95275E+01      mt= 102
                     691670 to 681650  0.00000E+00      mt= 105
                     691670 to 671650  0.00000E+00      mt= 106
                     691670 tot-cap    5.95275E+01
                     691680 to 671640  1.00000E-10      mt=  22
                     691680 to 671641  1.00000E-10      mt=  22
                     691680 to 681670  0.00000E+00      mt=  28
                     691680 to 681671  0.00000E+00      mt=  28
                     691680 to 671660  0.00000E+00      mt= 106
                     691680 to 671661  0.00000E+00      mt= 106
                     691680 to 691670  6.47466E-11      mt=  16
                     691680 to 691690  4.32990E+02      mt= 102
                     691680 to 681680  1.00209E-10      mt= 103
                     691680 to 681660  0.00000E+00      mt= 105
                     691680 to 671650  1.00029E-10      mt= 107
                     691680 tot-cap    4.32990E+02
                     691690 to 681670  0.00000E+00      mt= 105
                     691690 to 681671  0.00000E+00      mt= 105
                     691690 to 671660  2.79989E-06      mt= 107
                     691690 to 671661  5.25040E-06      mt= 107
                     691690 to 691680  1.89218E-11      mt=  16
                     691690 to 671650  1.00000E-10      mt=  22
                     691690 to 681680  0.00000E+00      mt=  28
                     691690 to 691700  1.07712E+02      mt= 102
                     691690 to 681690  1.00032E-10      mt= 103
                     691690 to 671670  0.00000E+00      mt= 106
                     691690 tot-cap    1.07712E+02
                     691700 to 671660  1.00000E-10      mt=  22
                     691700 to 671661  1.00000E-10      mt=  22
                     691700 to 691690  9.54200E-11      mt=  16
                     691700 to 681690  0.00000E+00      mt=  28
                     691700 to 691710  7.74691E+01      mt= 102
                     691700 to 681700  1.00043E-10      mt= 103
                     691700 to 681680  0.00000E+00      mt= 105
                     691700 to 671680  0.00000E+00      mt= 106
                     691700 to 671670  1.00004E-10      mt= 107
                     691700 tot-cap    7.74691E+01
                     691710 to 691700  3.67345E-11      mt=  16
                     691710 to 671670  1.00000E-10      mt=  22
                     691710 to 681700  0.00000E+00      mt=  28
                     691710 to 691720  1.30548E+02      mt= 102
                     691710 to 681710  6.16917E-15      mt= 103
                     691710 to 681690  0.00000E+00      mt= 105
                     691710 to 671690  0.00000E+00      mt= 106
                     691710 to 671680  1.00002E-10      mt= 107
                     691710 tot-cap    1.30548E+02
                     691720 to 691710  1.46928E-10      mt=  16
                     691720 to 671680  1.00000E-10      mt=  22
                     691720 to 681710  0.00000E+00      mt=  28
                     691720 to 691730  4.26868E+01      mt= 102
                     691720 to 681720  1.11181E-14      mt= 103
                     691720 to 681700  0.00000E+00      mt= 105
                     691720 to 671690  1.00001E-10      mt= 107
                     691720 tot-cap    4.26868E+01
                     701660 to 691640  0.00000E+00      mt= 105
                     701660 to 691641  0.00000E+00      mt= 105
                     701660 to 701650  2.95196E-13      mt=  16
                     701660 to 681620  1.00001E-10      mt=  22
                     701660 to 691650  6.58703E-15      mt=  28
                     701660 to 701670  4.04467E+01      mt= 102
                     701660 to 691660  1.00600E-10      mt= 103
                     701660 to 681640  0.00000E+00      mt= 106
                     701660 to 681630  1.00640E-10      mt= 107
                     701660 tot-cap    4.04467E+01
                     701680 to 701690  2.17852E+03      mt= 102
                     701680 to 701691  2.17852E+03      mt= 102
                     701680 to 701670  1.92316E-12      mt=  16
                     701680 to 681640  1.00000E-10      mt=  22
                     701680 to 691670  0.00000E+00      mt=  28
                     701680 to 691680  1.00121E-10      mt= 103
                     701680 to 691660  0.00000E+00      mt= 105
                     701680 to 681660  0.00000E+00      mt= 106
                     701680 to 681650  8.04985E-05      mt= 107
                     701680 tot-cap    4.35705E+03
                     701690 to 681670  0.00000E+00      mt= 106
                     701690 to 681671  0.00000E+00      mt= 106
                     701690 to 701680  4.93074E-11      mt=  16
                     701690 to 681650  1.00000E-10      mt=  22
                     701690 to 691680  0.00000E+00      mt=  28
                     701690 to 701700  2.89734E+03      mt= 102
                     701690 to 691690  1.00141E-10      mt= 103
                     701690 to 691670  0.00000E+00      mt= 105
                     701690 to 681660  1.00707E-10      mt= 107
                     701690 tot-cap    2.89734E+03
                     701700 to 701690  7.90513E-12      mt=  16
                     701700 to 701691  1.09261E-12      mt=  16
                     701700 to 681670  4.02515E-06      mt= 107
                     701700 to 681671  4.02515E-06      mt= 107
                     701700 to 681660  1.00000E-10      mt=  22
                     701700 to 691690  0.00000E+00      mt=  28
                     701700 to 701710  1.02781E+01      mt= 102
                     701700 to 691700  6.40789E-14      mt= 103
                     701700 to 681680  0.00000E+00      mt= 106
                     701700 tot-cap    1.02781E+01
                     701710 to 681670  1.00000E-10      mt=  22
                     701710 to 681671  1.00000E-10      mt=  22
                     701710 to 701700  9.88822E-11      mt=  16
                     701710 to 691700  0.00000E+00      mt=  28
                     701710 to 701720  3.98935E+01      mt= 102
                     701710 to 691710  1.00024E-10      mt= 103
                     701710 to 691690  0.00000E+00      mt= 105
                     701710 to 681690  0.00000E+00      mt= 106
                     701710 to 681680  1.20754E-06      mt= 107
                     701710 tot-cap    3.98935E+01
                     701720 to 701710  1.92495E-11      mt=  16
                     701720 to 681680  1.00000E-10      mt=  22
                     701720 to 691710  0.00000E+00      mt=  28
                     701720 to 701730  6.50789E-01      mt= 102
                     701720 to 691720  0.00000E+00      mt= 103
                     701720 to 691700  0.00000E+00      mt= 105
                     701720 to 681700  0.00000E+00      mt= 106
                     701720 to 681690  8.05030E-07      mt= 107
                     701720 tot-cap    6.50790E-01
                     701730 to 701720  1.25546E-10      mt=  16
                     701730 to 681690  1.00000E-10      mt=  22
                     701730 to 691720  0.00000E+00      mt=  28
                     701730 to 701740  1.50327E+01      mt= 102
                     701730 to 691730  2.83486E-14      mt= 103
                     701730 to 691710  0.00000E+00      mt= 105
                     701730 to 681710  0.00000E+00      mt= 106
                     701730 to 681700  8.05030E-07      mt= 107
                     701730 tot-cap    1.50327E+01
                     701740 to 701730  4.66005E-11      mt=  16
                     701740 to 681700  1.00000E-10      mt=  22
                     701740 to 691730  0.00000E+00      mt=  28
                     701740 to 701750  5.54690E+01      mt= 102
                     701740 to 691740  0.00000E+00      mt= 103
                     701740 to 691720  0.00000E+00      mt= 105
                     701740 to 681720  0.00000E+00      mt= 106
                     701740 to 681710  1.61006E-05      mt= 107
                     701740 tot-cap    5.54691E+01
                     701750 to 701760  2.35623E+01      mt= 102
                     701750 to 701761  3.90884E-01      mt= 102
                     701750 to 701740  2.44111E-10      mt=  16
                     701750 to 681710  1.00000E-10      mt=  22
                     701750 to 691740  0.00000E+00      mt=  28
                     701750 to 691750  0.00000E+00      mt= 103
                     701750 to 691730  0.00000E+00      mt= 105
                     701750 to 681730  0.00000E+00      mt= 106
                     701750 to 681720  1.00001E-10      mt= 107
                     701750 tot-cap    2.39532E+01
                     701760 to 701770  1.15019E+00      mt= 102
                     701760 to 701771  1.15019E+00      mt= 102
                     701760 to 701750  9.96593E-11      mt=  16
                     701760 to 681720  1.00000E-10      mt=  22
                     701760 to 691750  0.00000E+00      mt=  28
                     701760 to 691760  0.00000E+00      mt= 103
                     701760 to 691740  0.00000E+00      mt= 105
                     701760 to 681740  0.00000E+00      mt= 106
                     701760 to 681730  8.05030E-07      mt= 107
                     701760 tot-cap    2.30039E+00
                     711690 to 711700  2.78177E+02      mt= 102
                     711690 to 711701  1.49789E+02      mt= 102
                     711690 to 711680  6.39316E-13      mt=  16
                     711690 to 711681  1.63737E-12      mt=  16
                     711690 to 701690  1.22192E-10      mt= 103
                     711690 to 701691  1.02473E-10      mt= 103
                     711690 to 691650  1.00001E-10      mt=  22
                     711690 to 701680  4.02023E-13      mt=  28
                     711690 to 701670  0.00000E+00      mt= 105
                     711690 to 691670  4.08944E-15      mt= 106
                     711690 to 691660  1.00413E-10      mt= 107
                     711690 tot-cap    4.27966E+02
                     711700 to 711710  7.99968E+01      mt= 102
                     711700 to 711711  7.99968E+01      mt= 102
                     711700 to 711690  2.64171E-11      mt=  16
                     711700 to 711691  4.67965E-12      mt=  16
                     711700 to 701690  3.77416E-14      mt=  28
                     711700 to 701691  4.92209E-15      mt=  28
                     711700 to 691660  1.00000E-10      mt=  22
                     711700 to 701700  2.14806E-10      mt= 103
                     711700 to 701680  0.00000E+00      mt= 105
                     711700 to 691680  3.45936E-15      mt= 106
                     711700 to 691670  1.12016E-10      mt= 107
                     711700 tot-cap    1.59994E+02
                     711710 to 711720  5.97532E+01      mt= 102
                     711710 to 711721  8.96297E+01      mt= 102
                     711710 to 711700  9.08275E-13      mt=  16
                     711710 to 711701  1.93597E-12      mt=  16
                     711710 to 701690  0.00000E+00      mt= 105
                     711710 to 701691  0.00000E+00      mt= 105
                     711710 to 691670  1.00000E-10      mt=  22
                     711710 to 701700  1.95989E-14      mt=  28
                     711710 to 701710  1.00635E-10      mt= 103
                     711710 to 691690  0.00000E+00      mt= 106
                     711710 to 691680  1.00102E-10      mt= 107
                     711710 tot-cap    1.49383E+02
                     711720 to 711710  5.20225E-11      mt=  16
                     711720 to 711711  3.49749E-12      mt=  16
                     711720 to 691680  1.00000E-10      mt=  22
                     711720 to 701710  3.95842E-15      mt=  28
                     711720 to 711730  4.18574E+02      mt= 102
                     711720 to 701720  1.02780E-10      mt= 103
                     711720 to 701700  0.00000E+00      mt= 105
                     711720 to 691700  0.00000E+00      mt= 106
                     711720 to 691690  1.00186E-10      mt= 107
                     711720 tot-cap    4.18574E+02
                     711730 to 711740  8.93925E+01      mt= 102
                     711730 to 711741  9.53282E+00      mt= 102
                     711730 to 711720  7.47552E-12      mt=  16
                     711730 to 711721  1.40045E-12      mt=  16
                     711730 to 691690  1.00000E-10      mt=  22
                     711730 to 701720  0.00000E+00      mt=  28
                     711730 to 701730  1.00097E-10      mt= 103
                     711730 to 701710  0.00000E+00      mt= 105
                     711730 to 691710  0.00000E+00      mt= 106
                     711730 to 691700  1.00016E-10      mt= 107
                     711730 tot-cap    9.89253E+01
                     711740 to 711730  1.33933E-10      mt=  16
                     711740 to 691700  1.00000E-10      mt=  22
                     711740 to 701730  0.00000E+00      mt=  28
                     711740 to 711750  1.31840E+02      mt= 102
                     711740 to 701740  1.00119E-10      mt= 103
                     711740 to 701720  0.00000E+00      mt= 105
                     711740 to 691720  0.00000E+00      mt= 106
                     711740 to 691710  1.00013E-10      mt= 107
                     711740 tot-cap    1.31840E+02
                     711741 to 711730  1.15610E-10      mt=  16
                     711741 to 691700  1.00000E-10      mt=  22
                     711741 to 701730  0.00000E+00      mt=  28
                     711741 to 711750  1.31840E+02      mt= 102
                     711741 to 701740  1.00119E-10      mt= 103
                     711741 to 701720  0.00000E+00      mt= 105
                     711741 to 691720  0.00000E+00      mt= 106
                     711741 to 691710  1.00012E-10      mt= 107
                     711741 tot-cap    1.31840E+02
                     711750 to 711760  8.02169E+00      mt= 102
                     711750 to 711761  1.60674E+01      mt= 102
                     711750 to 711740  2.45579E-11      mt=  16
                     711750 to 711741  1.03928E-11      mt=  16
                     711750 to 691710  1.00000E-10      mt=  22
                     711750 to 701740  0.00000E+00      mt=  28
                     711750 to 701750  1.00016E-10      mt= 103
                     711750 to 701730  0.00000E+00      mt= 105
                     711750 to 691730  0.00000E+00      mt= 106
                     711750 to 691720  4.83018E-05      mt= 107
                     711750 tot-cap    2.40892E+01
                     711760 to 711770  2.71039E+03      mt= 102
                     711760 to 711771  2.71310E+00      mt= 102
                     711760 to 701760  1.76777E-10      mt= 103
                     711760 to 701761  2.17385E-11      mt= 103
                     711760 to 711750  1.61292E-10      mt=  16
                     711760 to 691720  1.00000E-10      mt=  22
                     711760 to 701750  0.00000E+00      mt=  28
                     711760 to 701740  0.00000E+00      mt= 105
                     711760 to 691740  0.00000E+00      mt= 106
                     711760 to 691730  1.00006E-10      mt= 107
                     711760 tot-cap    2.71310E+03
                     711770 to 711780  1.24005E+03      mt= 102
                     711770 to 711781  7.95582E+00      mt= 102
                     711770 to 711760  3.42961E-11      mt=  16
                     711770 to 711761  2.76652E-11      mt=  16
                     711770 to 701760  0.00000E+00      mt=  28
                     711770 to 701761  0.00000E+00      mt=  28
                     711770 to 701770  5.08983E-15      mt= 103
                     711770 to 701771  0.00000E+00      mt= 103
                     711770 to 691730  1.00000E-10      mt=  22
                     711770 to 701750  0.00000E+00      mt= 105
                     711770 to 691750  0.00000E+00      mt= 106
                     711770 to 691740  1.00001E-10      mt= 107
                     711770 tot-cap    1.24801E+03
                     711771 to 711780  6.46522E-02      mt= 102
                     711771 to 711781  4.14672E-04      mt= 102
                     711771 to 711760  4.62908E-11      mt=  16
                     711771 to 711761  2.45224E-11      mt=  16
                     711771 to 701760  0.00000E+00      mt=  28
                     711771 to 701761  0.00000E+00      mt=  28
                     711771 to 701770  1.00004E-10      mt= 103
                     711771 to 701771  1.00000E-10      mt= 103
                     711771 to 691730  1.00000E-10      mt=  22
                     711771 to 701750  0.00000E+00      mt= 105
                     711771 to 691750  0.00000E+00      mt= 106
                     711771 to 691740  1.00001E-10      mt= 107
                     711771 tot-cap    6.50669E-02
                     721700 to 711690  1.33924E-14      mt=  28
                     721700 to 711691  0.00000E+00      mt=  28
                     721700 to 711700  1.00892E-10      mt= 103
                     721700 to 711701  1.00905E-10      mt= 103
                     721700 to 711681  0.00000E+00      mt= 105
                     721700 to 701690  0.00000E+00      mt= 111
                     721700 to 701691  0.00000E+00      mt= 111
                     721700 to 721690  2.06985E-13      mt=  16
                     721700 to 701660  1.00002E-10      mt=  22
                     721700 to 721710  4.02532E+01      mt= 102
                     721700 to 701680  4.85952E-15      mt= 106
                     721700 to 701670  1.02615E-10      mt= 107
                     721700 tot-cap    4.02532E+01
                     721710 to 711700  0.00000E+00      mt=  28
                     721710 to 711701  2.13321E-14      mt=  28
                     721710 to 711710  1.15870E-10      mt= 103
                     721710 to 711711  1.01712E-10      mt= 103
                     721710 to 711690  0.00000E+00      mt= 105
                     721710 to 711691  0.00000E+00      mt= 105
                     721710 to 701690  3.31038E-15      mt= 106
                     721710 to 701691  0.00000E+00      mt= 106
                     721710 to 721700  1.87638E-11      mt=  16
                     721710 to 701670  1.00000E-10      mt=  22
                     721710 to 721720  2.79944E+02      mt= 102
                     721710 to 701680  1.37120E-10      mt= 107
                     721710 to 701700  0.00000E+00      mt= 111
                     721710 tot-cap    2.79944E+02
                     721720 to 711710  4.28931E-15      mt=  28
                     721720 to 711711  0.00000E+00      mt=  28
                     721720 to 711720  1.00241E-10      mt= 103
                     721720 to 711721  1.00120E-10      mt= 103
                     721720 to 701690  1.00595E-10      mt= 107
                     721720 to 701691  1.00160E-10      mt= 107
                     721720 to 721710  1.58427E-12      mt=  16
                     721720 to 701680  1.00001E-10      mt=  22
                     721720 to 721730  3.23258E+01      mt= 102
                     721720 to 701700  4.02920E-15      mt= 106
                     721720 tot-cap    3.23258E+01
                     721730 to 701690  1.00036E-10      mt=  22
                     721730 to 701691  1.00009E-10      mt=  22
                     721730 to 711720  5.64465E-15      mt=  28
                     721730 to 711721  0.00000E+00      mt=  28
                     721730 to 711710  0.00000E+00      mt= 105
                     721730 to 711711  0.00000E+00      mt= 105
                     721730 to 721720  8.59918E-11      mt=  16
                     721730 to 721740  9.83174E+01      mt= 102
                     721730 to 711730  1.00809E-10      mt= 103
                     721730 to 701700  1.18074E-10      mt= 107
                     721730 tot-cap    9.83174E+01
                     721740 to 711740  1.00062E-10      mt= 103
                     721740 to 711741  1.00038E-10      mt= 103
                     721740 to 721730  2.84178E-13      mt=  16
                     721740 to 701700  1.00000E-10      mt=  22
                     721740 to 711730  0.00000E+00      mt=  28
                     721740 to 721750  3.13066E+02      mt= 102
                     721740 to 701720  0.00000E+00      mt= 106
                     721740 to 701710  1.00284E-10      mt= 107
                     721740 tot-cap    3.13066E+02
                     721750 to 711740  0.00000E+00      mt=  28
                     721750 to 711741  0.00000E+00      mt=  28
                     721750 to 721740  2.91163E-11      mt=  16
                     721750 to 701710  1.00000E-10      mt=  22
                     721750 to 721760  7.74082E+01      mt= 102
                     721750 to 711750  1.00097E-10      mt= 103
                     721750 to 711730  0.00000E+00      mt= 105
                     721750 to 701730  0.00000E+00      mt= 106
                     721750 to 701720  1.00828E-10      mt= 107
                     721750 tot-cap    7.74082E+01
                     721760 to 721770  1.35518E+01      mt= 102
                     721760 to 721771  1.35654E-02      mt= 102
                     721760 to 711760  1.54332E-14      mt= 103
                     721760 to 711761  1.24475E-13      mt= 103
                     721760 to 711740  0.00000E+00      mt= 105
                     721760 to 721750  1.43915E-11      mt=  16
                     721760 to 701720  1.00000E-10      mt=  22
                     721760 to 711750  0.00000E+00      mt=  28
                     721760 to 701740  0.00000E+00      mt= 106
                     721760 to 701730  1.00207E-10      mt= 107
                     721760 tot-cap    1.35654E+01
                     721770 to 721780  1.37388E+03      mt= 102
                     721770 to 721781  4.30147E-05      mt= 102
                     721770 to 721782  6.91087E+00      mt= 102
                     721770 to 711760  0.00000E+00      mt=  28
                     721770 to 711761  0.00000E+00      mt=  28
                     721770 to 711770  1.00028E-10      mt= 103
                     721770 to 711771  0.00000E+00      mt= 103
                     721770 to 721760  5.80436E-11      mt=  16
                     721770 to 701730  1.00000E-10      mt=  22
                     721770 to 711750  0.00000E+00      mt= 105
                     721770 to 701750  0.00000E+00      mt= 106
                     721770 to 701740  1.61006E-05      mt= 107
                     721770 tot-cap    1.38079E+03
                     721780 to 721790  2.68620E+01      mt= 102
                     721780 to 721791  4.45081E+01      mt= 102
                     721780 to 721792  7.14416E-02      mt= 102
                     721780 to 721770  1.32815E-11      mt=  16
                     721780 to 721771  3.25572E-13      mt=  16
                     721780 to 711770  0.00000E+00      mt=  28
                     721780 to 711780  0.00000E+00      mt= 103
                     721780 to 711781  0.00000E+00      mt= 103
                     721780 to 711760  0.00000E+00      mt= 105
                     721780 to 701760  0.00000E+00      mt= 106
                     721780 to 701761  0.00000E+00      mt= 106
                     721780 to 701740  1.00000E-10      mt=  22
                     721780 to 701750  1.00007E-10      mt= 107
                     721780 tot-cap    7.14416E+01
                     721782 to 721790  3.57208E+01      mt= 102
                     721782 to 721791  3.57208E+01      mt= 102
                     721782 to 721792  7.83924E-14      mt= 102
                     721782 to 721770  3.94429E-14      mt=  16
                     721782 to 721771  1.04505E-12      mt=  16
                     721782 to 721772  0.00000E+00      mt=  16
                     721782 to 711770  0.00000E+00      mt=  28
                     721782 to 711771  0.00000E+00      mt=  28
                     721782 to 711780  1.00024E-10      mt= 103
                     721782 to 711781  1.00001E-10      mt= 103
                     721782 to 711760  0.00000E+00      mt= 105
                     721782 to 701760  0.00000E+00      mt= 106
                     721782 to 701761  0.00000E+00      mt= 106
                     721782 to 701740  1.00000E-10      mt=  22
                     721782 to 701750  1.00076E-10      mt= 107
                     721782 tot-cap    7.14416E+01
                     721790 to 721800  3.30044E+01      mt= 102
                     721790 to 721801  2.99738E-01      mt= 102
                     721790 to 721780  1.15184E-10      mt=  16
                     721790 to 721781  2.51920E-11      mt=  16
                     721790 to 721782  0.00000E+00      mt=  16
                     721790 to 711780  0.00000E+00      mt=  28
                     721790 to 711781  0.00000E+00      mt=  28
                     721790 to 711770  0.00000E+00      mt= 105
                     721790 to 701770  0.00000E+00      mt= 106
                     721790 to 701771  0.00000E+00      mt= 106
                     721790 to 701760  1.00000E-10      mt= 107
                     721790 to 701761  1.00000E-10      mt= 107
                     721790 to 701750  1.00000E-10      mt=  22
                     721790 to 711790  8.37097E-15      mt= 103
                     721790 tot-cap    3.33041E+01
                     721792 to 721800  3.27713E+01      mt= 102
                     721792 to 721801  5.32866E-01      mt= 102
                     721792 to 721780  1.00850E-14      mt=  16
                     721792 to 721781  2.84181E-11      mt=  16
                     721792 to 721782  0.00000E+00      mt=  16
                     721792 to 711780  0.00000E+00      mt=  28
                     721792 to 711781  0.00000E+00      mt=  28
                     721792 to 711770  0.00000E+00      mt= 105
                     721792 to 711771  0.00000E+00      mt= 105
                     721792 to 701770  0.00000E+00      mt= 106
                     721792 to 701771  0.00000E+00      mt= 106
                     721792 to 701760  1.00006E-10      mt= 107
                     721792 to 701761  1.00001E-10      mt= 107
                     721792 to 701750  1.00000E-10      mt=  22
                     721792 to 711790  1.00016E-10      mt= 103
                     721792 tot-cap    3.33041E+01
                     721800 to 721790  4.95306E-11      mt=  16
                     721800 to 721791  1.26614E-11      mt=  16
                     721800 to 721792  3.63668E-13      mt=  16
                     721800 to 701760  1.00000E-10      mt=  22
                     721800 to 701761  1.00000E-10      mt=  22
                     721800 to 711780  0.00000E+00      mt= 105
                     721800 to 711781  0.00000E+00      mt= 105
                     721800 to 701770  6.27923E-06      mt= 107
                     721800 to 701771  4.18615E-06      mt= 107
                     721800 to 711790  0.00000E+00      mt=  28
                     721800 to 721810  1.04325E+01      mt= 102
                     721800 to 711800  1.58357E-13      mt= 103
                     721800 to 701780  0.00000E+00      mt= 106
                     721800 tot-cap    1.04325E+01
                     721801 to 721790  8.04580E-11      mt=  16
                     721801 to 721791  7.83644E-14      mt=  16
                     721801 to 721792  1.20888E-12      mt=  16
                     721801 to 701760  1.00000E-10      mt=  22
                     721801 to 701761  1.00000E-10      mt=  22
                     721801 to 711780  0.00000E+00      mt= 105
                     721801 to 711781  0.00000E+00      mt= 105
                     721801 to 701770  1.00001E-10      mt= 107
                     721801 to 701771  1.00000E-10      mt= 107
                     721801 to 711790  0.00000E+00      mt=  28
                     721801 to 721810  1.04325E+01      mt= 102
                     721801 to 711800  0.00000E+00      mt= 103
                     721801 to 701780  0.00000E+00      mt= 106
                     721801 tot-cap    1.04325E+01
                     721810 to 721820  3.79908E+01      mt= 102
                     721810 to 721821  6.33188E-01      mt= 102
                     721810 to 721800  3.73856E-10      mt=  16
                     721810 to 721801  4.97980E-12      mt=  16
                     721810 to 701770  1.00000E-10      mt=  22
                     721810 to 701771  1.00000E-10      mt=  22
                     721810 to 711800  0.00000E+00      mt=  28
                     721810 to 711810  0.00000E+00      mt= 103
                     721810 to 711790  0.00000E+00      mt= 105
                     721810 to 701790  0.00000E+00      mt= 106
                     721810 to 701780  1.00001E-10      mt= 107
                     721810 to 701800  0.00000E+00      mt= 111
                     721810 tot-cap    3.86240E+01
                     721820 to 721810  1.14546E-10      mt=  16
                     721820 to 701780  1.00000E-10      mt=  22
                     721820 to 711810  0.00000E+00      mt=  28
                     721820 to 721830  1.13637E+01      mt= 102
                     721820 to 711820  1.86675E-14      mt= 103
                     721820 to 711800  0.00000E+00      mt= 105
                     721820 to 701800  0.00000E+00      mt= 106
                     721820 to 701790  1.00000E-10      mt= 107
                     721820 tot-cap    1.13637E+01
                     731770 to 731780  1.02537E+02      mt= 102
                     731770 to 731781  4.31865E+00      mt= 102
                     731770 to 721770  1.00159E-10      mt= 103
                     731770 to 721771  1.00000E-10      mt= 103
                     731770 to 721772  0.00000E+00      mt= 103
                     731770 to 711740  1.00057E-10      mt= 107
                     731770 to 711741  1.00034E-10      mt= 107
                     731770 to 731760  5.17445E-13      mt=  16
                     731770 to 711730  1.00000E-10      mt=  22
                     731770 to 721760  0.00000E+00      mt=  28
                     731770 to 721750  0.00000E+00      mt= 105
                     731770 tot-cap    1.06855E+02
                     731790 to 731800  1.08511E+02      mt= 102
                     731790 to 731801  7.01927E-01      mt= 102
                     731790 to 731780  9.95449E-13      mt=  16
                     731790 to 731781  7.32170E-13      mt=  16
                     731790 to 721780  0.00000E+00      mt=  28
                     731790 to 721781  0.00000E+00      mt=  28
                     731790 to 721782  0.00000E+00      mt=  28
                     731790 to 721790  1.00023E-10      mt= 103
                     731790 to 721791  1.00000E-10      mt= 103
                     731790 to 721792  0.00000E+00      mt= 103
                     731790 to 721770  0.00000E+00      mt= 105
                     731790 to 711770  0.00000E+00      mt= 106
                     731790 to 711771  0.00000E+00      mt= 106
                     731790 to 711760  1.00005E-10      mt= 107
                     731790 to 711761  1.00007E-10      mt= 107
                     731790 to 711750  1.00000E-10      mt=  22
                     731790 tot-cap    1.09213E+02
                     731800 to 711760  1.00000E-10      mt=  22
                     731800 to 711761  1.00000E-10      mt=  22
                     731800 to 721790  0.00000E+00      mt=  28
                     731800 to 721791  0.00000E+00      mt=  28
                     731800 to 721792  0.00000E+00      mt=  28
                     731800 to 721800  1.00043E-10      mt= 103
                     731800 to 721801  1.00001E-10      mt= 103
                     731800 to 721780  0.00000E+00      mt= 105
                     731800 to 721781  0.00000E+00      mt= 105
                     731800 to 711770  1.00006E-10      mt= 107
                     731800 to 711771  1.00000E-10      mt= 107
                     731800 to 731790  9.36872E-11      mt=  16
                     731800 to 731810  9.42783E+02      mt= 102
                     731800 tot-cap    9.42783E+02
                     731801 to 711760  1.00000E-10      mt=  22
                     731801 to 711761  1.00000E-10      mt=  22
                     731801 to 721790  0.00000E+00      mt=  28
                     731801 to 721791  0.00000E+00      mt=  28
                     731801 to 721792  0.00000E+00      mt=  28
                     731801 to 721800  1.00035E-10      mt= 103
                     731801 to 721801  1.00007E-10      mt= 103
                     731801 to 721780  0.00000E+00      mt= 105
                     731801 to 721781  0.00000E+00      mt= 105
                     731801 to 711780  0.00000E+00      mt= 106
                     731801 to 711781  0.00000E+00      mt= 106
                     731801 to 711770  1.00005E-10      mt= 107
                     731801 to 711771  1.00000E-10      mt= 107
                     731801 to 731790  3.41236E-11      mt=  16
                     731801 to 731810  4.67426E+02      mt= 102
                     731801 tot-cap    4.67426E+02
                     731810 to 731820  2.06150E+01      mt= 102
                     731810 to 731821  2.16474E-06      mt= 102
                     731810 to 731822  2.06357E-02      mt= 102
                     731810 to 731800  1.91139E-11      mt=  16
                     731810 to 731801  1.12911E-11      mt=  16
                     731810 to 711770  1.00000E-10      mt=  22
                     731810 to 711771  1.00000E-10      mt=  22
                     731810 to 721800  0.00000E+00      mt=  28
                     731810 to 721801  0.00000E+00      mt=  28
                     731810 to 721791  9.78099E-15      mt=  32
                     731810 to 721790  0.00000E+00      mt= 105
                     731810 to 721792  0.00000E+00      mt= 105
                     731810 to 711780  5.31319E-07      mt= 107
                     731810 to 711781  2.73710E-07      mt= 107
                     731810 to 721810  8.13511E-15      mt= 103
                     731810 to 711790  0.00000E+00      mt= 106
                     731810 tot-cap    2.06357E+01
                     731820 to 711780  1.00000E-10      mt=  22
                     731820 to 711781  1.00000E-10      mt=  22
                     731820 to 721820  1.00013E-10      mt= 103
                     731820 to 721821  0.00000E+00      mt= 103
                     731820 to 721800  0.00000E+00      mt= 105
                     731820 to 731810  1.33165E-10      mt=  16
                     731820 to 721810  0.00000E+00      mt=  28
                     731820 to 731830  1.03971E+04      mt= 102
                     731820 to 711800  0.00000E+00      mt= 106
                     731820 to 711790  1.00000E-10      mt= 107
                     731820 tot-cap    1.03971E+04
                     731830 to 731820  3.14411E-11      mt=  16
                     731830 to 731821  2.84800E-12      mt=  16
                     731830 to 731822  2.92644E-12      mt=  16
                     731830 to 721820  0.00000E+00      mt=  28
                     731830 to 721821  0.00000E+00      mt=  28
                     731830 to 711790  1.00000E-10      mt=  22
                     731830 to 731840  2.36357E+01      mt= 102
                     731830 to 721830  4.02619E-15      mt= 103
                     731830 to 721810  0.00000E+00      mt= 105
                     731830 to 711810  0.00000E+00      mt= 106
                     731830 to 711800  1.00001E-10      mt= 107
                     731830 tot-cap    2.36357E+01
                     741780 to 741790  1.46445E+01      mt= 102
                     741780 to 741791  1.46445E+01      mt= 102
                     741780 to 731780  1.00093E-10      mt= 103
                     741780 to 731781  1.00040E-10      mt= 103
                     741780 to 741770  1.45763E-12      mt=  16
                     741780 to 721740  1.00000E-10      mt=  22
                     741780 to 731770  0.00000E+00      mt=  28
                     741780 to 721760  4.32021E-15      mt= 106
                     741780 to 721750  1.00412E-10      mt= 107
                     741780 tot-cap    2.92891E+01
                     741800 to 741790  5.02778E-12      mt=  16
                     741800 to 741791  2.16756E-12      mt=  16
                     741800 to 731800  1.00013E-10      mt= 103
                     741800 to 731801  1.55278E-14      mt= 103
                     741800 to 731781  0.00000E+00      mt= 105
                     741800 to 721780  0.00000E+00      mt= 106
                     741800 to 721781  0.00000E+00      mt= 106
                     741800 to 721782  0.00000E+00      mt= 106
                     741800 to 721770  1.00037E-10      mt= 107
                     741800 to 721771  1.00000E-10      mt= 107
                     741800 to 721772  1.00000E-10      mt= 107
                     741800 to 721760  1.00000E-10      mt=  22
                     741800 to 731790  0.00000E+00      mt=  28
                     741800 to 741810  3.07023E+01      mt= 102
                     741800 tot-cap    3.07023E+01
                     741810 to 721770  1.00000E-10      mt=  22
                     741810 to 721771  1.00000E-10      mt=  22
                     741810 to 721772  0.00000E+00      mt=  22
                     741810 to 731800  0.00000E+00      mt=  28
                     741810 to 731801  0.00000E+00      mt=  28
                     741810 to 721790  0.00000E+00      mt= 106
                     741810 to 721791  0.00000E+00      mt= 106
                     741810 to 721792  0.00000E+00      mt= 106
                     741810 to 721780  1.00066E-10      mt= 107
                     741810 to 721781  1.00001E-10      mt= 107
                     741810 to 721782  1.00000E-10      mt= 107
                     741810 to 741800  3.03489E-11      mt=  16
                     741810 to 741820  7.42262E+01      mt= 102
                     741810 to 731810  1.00022E-10      mt= 103
                     741810 to 731790  0.00000E+00      mt= 105
                     741810 tot-cap    7.42262E+01
                     741820 to 741830  1.70422E+01      mt= 102
                     741820 to 741831  2.54653E+00      mt= 102
                     741820 to 721780  1.00000E-10      mt=  22
                     741820 to 721781  1.00000E-10      mt=  22
                     741820 to 721782  0.00000E+00      mt=  22
                     741820 to 731821  1.75594E-14      mt= 103
                     741820 to 731822  0.00000E+00      mt= 103
                     741820 to 721800  0.00000E+00      mt= 106
                     741820 to 721801  0.00000E+00      mt= 106
                     741820 to 721790  1.00010E-10      mt= 107
                     741820 to 721791  1.00002E-10      mt= 107
                     741820 to 721792  1.00000E-10      mt= 107
                     741820 to 741810  1.44360E-11      mt=  16
                     741820 to 731810  0.00000E+00      mt=  28
                     741820 tot-cap    1.95887E+01
                     741830 to 721790  1.00000E-10      mt=  22
                     741830 to 721791  1.00000E-10      mt=  22
                     741830 to 721792  1.00000E-10      mt=  22
                     741830 to 731820  0.00000E+00      mt= 104
                     741830 to 731821  0.00000E+00      mt= 104
                     741830 to 731822  0.00000E+00      mt= 104
                     741830 to 721800  7.84181E-05      mt= 107
                     741830 to 721801  0.00000E+00      mt= 107
                     741830 to 741820  1.39547E-10      mt=  16
                     741830 to 741840  8.92470E+00      mt= 102
                     741830 to 731830  2.57680E-14      mt= 103
                     741830 to 731810  0.00000E+00      mt= 105
                     741830 to 721810  0.00000E+00      mt= 106
                     741830 tot-cap    8.92478E+00
                     741840 to 741850  1.40339E+00      mt= 102
                     741840 to 741851  1.79648E-03      mt= 102
                     741840 to 741830  3.91737E-11      mt=  16
                     741840 to 741831  3.91287E-12      mt=  16
                     741840 to 721800  1.00000E-10      mt=  22
                     741840 to 721801  1.00000E-10      mt=  22
                     741840 to 731820  0.00000E+00      mt= 105
                     741840 to 731821  3.73679E-15      mt= 105
                     741840 to 731822  0.00000E+00      mt= 105
                     741840 to 721820  0.00000E+00      mt= 106
                     741840 to 721821  0.00000E+00      mt= 106
                     741840 to 731830  0.00000E+00      mt=  28
                     741840 to 731840  0.00000E+00      mt= 103
                     741840 to 721810  1.00047E-10      mt= 107
                     741840 tot-cap    1.40518E+00
                     741850 to 721820  1.00010E-10      mt= 107
                     741850 to 721821  1.00001E-10      mt= 107
                     741850 to 741840  2.44269E-10      mt=  16
                     741850 to 721810  1.00000E-10      mt=  22
                     741850 to 731840  0.00000E+00      mt=  28
                     741850 to 741860  3.58181E+00      mt= 102
                     741850 to 731850  0.00000E+00      mt= 103
                     741850 to 731830  0.00000E+00      mt= 105
                     741850 to 721830  0.00000E+00      mt= 106
                     741850 tot-cap    3.58181E+00
                     741860 to 741850  4.17621E-11      mt=  16
                     741860 to 741851  1.09911E-11      mt=  16
                     741860 to 721820  1.00000E-10      mt=  22
                     741860 to 721821  4.67021E-15      mt=  22
                     741860 to 731850  0.00000E+00      mt=  28
                     741860 to 741870  3.29060E+01      mt= 102
                     741860 to 721840  0.00000E+00      mt= 106
                     741860 to 721830  1.00000E-10      mt= 107
                     741860 to 721850  0.00000E+00      mt= 111
                     741860 tot-cap    3.29060E+01
                     741870 to 741860  3.61877E-10      mt=  16
                     741870 to 721830  1.00000E-10      mt=  22
                     741870 to 731860  0.00000E+00      mt=  28
                     741870 to 741880  6.85316E+01      mt= 102
                     741870 to 731870  3.19101E-14      mt= 103
                     741870 to 721850  0.00000E+00      mt= 106
                     741870 to 721840  1.00002E-10      mt= 107
                     741870 to 721860  0.00000E+00      mt= 111
                     741870 tot-cap    6.85316E+01
                     741880 to 741870  1.01791E-10      mt=  16
                     741880 to 721840  1.00000E-10      mt=  22
                     741880 to 731870  0.00000E+00      mt=  28
                     741880 to 741890  9.69504E+00      mt= 102
                     741880 to 731880  1.88996E-14      mt= 103
                     741880 to 721860  0.00000E+00      mt= 106
                     741880 to 721850  1.00002E-10      mt= 107
                     741880 tot-cap    9.69504E+00
                     751810 to 751820  2.46308E+01      mt= 102
                     751810 to 751821  9.83632E+01      mt= 102
                     751810 to 741790  0.00000E+00      mt= 105
                     751810 to 741791  0.00000E+00      mt= 105
                     751810 to 731780  1.00313E-10      mt= 107
                     751810 to 731781  1.00134E-10      mt= 107
                     751810 to 751800  1.09537E-12      mt=  16
                     751810 to 731770  1.00000E-10      mt=  22
                     751810 to 741800  0.00000E+00      mt=  28
                     751810 to 741810  1.00590E-10      mt= 103
                     751810 tot-cap    1.22994E+02
                     751820 to 731780  1.00000E-10      mt=  22
                     751820 to 731781  1.00000E-10      mt=  22
                     751820 to 751810  3.76010E-11      mt=  16
                     751820 to 741810  0.00000E+00      mt=  28
                     751820 to 751830  5.89334E+02      mt= 102
                     751820 to 741820  1.00530E-10      mt= 103
                     751820 to 741800  0.00000E+00      mt= 105
                     751820 to 731790  1.00097E-10      mt= 107
                     751820 tot-cap    5.89334E+02
                     751821 to 731780  1.00000E-10      mt=  22
                     751821 to 731781  1.00000E-10      mt=  22
                     751821 to 751810  6.18976E-11      mt=  16
                     751821 to 741810  0.00000E+00      mt=  28
                     751821 to 751830  7.12255E+01      mt= 102
                     751821 to 741820  2.52987E-04      mt= 103
                     751821 to 741800  0.00000E+00      mt= 105
                     751821 to 731790  5.65151E-04      mt= 107
                     751821 tot-cap    7.12263E+01
                     751830 to 751840  4.78246E+01      mt= 102
                     751830 to 751841  7.95857E-01      mt= 102
                     751830 to 751820  2.14862E-12      mt=  16
                     751830 to 751821  2.36858E-12      mt=  16
                     751830 to 741830  1.00049E-10      mt= 103
                     751830 to 741831  1.00004E-10      mt= 103
                     751830 to 731800  1.00015E-10      mt= 107
                     751830 to 731801  1.00003E-10      mt= 107
                     751830 to 731790  1.00000E-10      mt=  22
                     751830 to 741820  4.54379E-15      mt=  28
                     751830 to 741810  0.00000E+00      mt= 105
                     751830 to 731810  0.00000E+00      mt= 106
                     751830 tot-cap    4.86204E+01
                     751840 to 731800  1.00000E-10      mt=  22
                     751840 to 731801  1.00000E-10      mt=  22
                     751840 to 741830  0.00000E+00      mt=  28
                     751840 to 741831  0.00000E+00      mt=  28
                     751840 to 731820  0.00000E+00      mt= 106
                     751840 to 731821  0.00000E+00      mt= 106
                     751840 to 731822  0.00000E+00      mt= 106
                     751840 to 751830  7.85825E-11      mt=  16
                     751840 to 751850  2.15263E+04      mt= 102
                     751840 to 741840  1.00085E-10      mt= 103
                     751840 to 741820  0.00000E+00      mt= 105
                     751840 to 731810  1.00015E-10      mt= 107
                     751840 tot-cap    2.15263E+04
                     751841 to 731800  1.00000E-10      mt=  22
                     751841 to 731801  1.00000E-10      mt=  22
                     751841 to 741830  0.00000E+00      mt=  28
                     751841 to 741831  0.00000E+00      mt=  28
                     751841 to 731820  0.00000E+00      mt= 106
                     751841 to 731821  0.00000E+00      mt= 106
                     751841 to 731822  0.00000E+00      mt= 106
                     751841 to 751830  4.18231E-11      mt=  16
                     751841 to 751850  7.05031E+03      mt= 102
                     751841 to 741840  1.00098E-10      mt= 103
                     751841 to 741820  0.00000E+00      mt= 105
                     751841 to 731810  1.00016E-10      mt= 107
                     751841 tot-cap    7.05031E+03
                     751850 to 751860  1.44749E+02      mt= 102
                     751850 to 751861  1.94713E-01      mt= 102
                     751850 to 751840  1.65347E-11      mt=  16
                     751850 to 751841  3.94137E-12      mt=  16
                     751850 to 741850  1.00008E-10      mt= 103
                     751850 to 741851  1.00006E-10      mt= 103
                     751850 to 741830  0.00000E+00      mt= 105
                     751850 to 741831  0.00000E+00      mt= 105
                     751850 to 731820  1.00004E-10      mt= 107
                     751850 to 731821  1.00000E-10      mt= 107
                     751850 to 731822  1.00000E-10      mt= 107
                     751850 to 731810  1.00000E-10      mt=  22
                     751850 to 741840  0.00000E+00      mt=  28
                     751850 to 731830  0.00000E+00      mt= 106
                     751850 tot-cap    1.44944E+02
                     751860 to 731820  1.00000E-10      mt=  22
                     751860 to 731821  1.00000E-10      mt=  22
                     751860 to 731822  1.00000E-10      mt=  22
                     751860 to 741850  0.00000E+00      mt=  28
                     751860 to 741851  0.00000E+00      mt=  28
                     751860 to 751850  1.57461E-10      mt=  16
                     751860 to 751870  1.94435E+01      mt= 102
                     751860 to 741860  1.00033E-10      mt= 103
                     751860 to 741840  0.00000E+00      mt= 105
                     751860 to 731840  0.00000E+00      mt= 106
                     751860 to 731830  1.00003E-10      mt= 107
                     751860 tot-cap    1.94435E+01
                     751861 to 731820  1.00000E-10      mt=  22
                     751861 to 731821  1.00000E-10      mt=  22
                     751861 to 731822  1.00000E-10      mt=  22
                     751861 to 741850  0.00000E+00      mt=  28
                     751861 to 741851  0.00000E+00      mt=  28
                     751861 to 751850  7.52497E-11      mt=  16
                     751861 to 751870  1.94435E+01      mt= 102
                     751861 to 741860  1.00037E-10      mt= 103
                     751861 to 741840  0.00000E+00      mt= 105
                     751861 to 731840  0.00000E+00      mt= 106
                     751861 to 731830  1.00003E-10      mt= 107
                     751861 tot-cap    1.94435E+01
                     751870 to 751880  5.71859E+01      mt= 102
                     751870 to 751881  1.58687E+00      mt= 102
                     751870 to 751860  3.77900E-11      mt=  16
                     751870 to 751861  6.21407E-12      mt=  16
                     751870 to 741850  0.00000E+00      mt= 105
                     751870 to 741851  0.00000E+00      mt= 105
                     751870 to 731830  1.00000E-10      mt=  22
                     751870 to 741860  0.00000E+00      mt=  28
                     751870 to 741870  5.52199E-15      mt= 103
                     751870 to 731850  0.00000E+00      mt= 106
                     751870 to 731840  1.00007E-10      mt= 107
                     751870 tot-cap    5.87728E+01
                     751880 to 751870  2.28033E-10      mt=  16
                     751880 to 731840  1.00000E-10      mt=  22
                     751880 to 741870  0.00000E+00      mt=  28
                     751880 to 751890  2.10321E+00      mt= 102
                     751880 to 741880  1.00010E-10      mt= 103
                     751880 to 741860  0.00000E+00      mt= 105
                     751880 to 731860  0.00000E+00      mt= 106
                     751880 to 731850  1.00001E-10      mt= 107
                     751880 to 731870  0.00000E+00      mt= 111
                     751880 tot-cap    2.10321E+00
                     751890 to 751900  1.33376E+01      mt= 102
                     751890 to 751901  1.42024E+00      mt= 102
                     751890 to 751880  4.08235E-11      mt=  16
                     751890 to 751881  2.74235E-11      mt=  16
                     751890 to 731850  1.00000E-10      mt=  22
                     751890 to 741880  0.00000E+00      mt=  28
                     751890 to 741890  0.00000E+00      mt= 103
                     751890 to 741870  0.00000E+00      mt= 105
                     751890 to 731870  0.00000E+00      mt= 106
                     751890 to 731860  1.00000E-10      mt= 107
                     751890 to 731880  0.00000E+00      mt= 111
                     751890 tot-cap    1.47579E+01
                     761820 to 761830  1.48861E+01      mt= 102
                     761820 to 761831  1.48861E+01      mt= 102
                     761820 to 761810  6.20376E-13      mt=  16
                     761820 to 761811  1.55024E-13      mt=  16
                     761820 to 751820  1.00284E-10      mt= 103
                     761820 to 751821  1.01244E-10      mt= 103
                     761820 to 741790  1.01947E-10      mt= 107
                     761820 to 741791  1.00281E-10      mt= 107
                     761820 to 741780  1.00001E-10      mt=  22
                     761820 to 751810  4.30252E-15      mt=  28
                     761820 to 741800  1.03873E-14      mt= 106
                     761820 tot-cap    2.97722E+01
                     761830 to 741790  1.00000E-10      mt=  22
                     761830 to 741791  1.00000E-10      mt=  22
                     761830 to 751820  0.00000E+00      mt=  28
                     761830 to 751821  0.00000E+00      mt=  28
                     761830 to 761820  1.51926E-11      mt=  16
                     761830 to 761840  2.89525E+02      mt= 102
                     761830 to 751830  1.02542E-10      mt= 103
                     761830 to 751810  0.00000E+00      mt= 105
                     761830 to 741810  7.10998E-15      mt= 106
                     761830 to 741800  1.36565E-10      mt= 107
                     761830 tot-cap    2.89525E+02
                     761840 to 761830  1.42926E-12      mt=  16
                     761840 to 761831  4.26353E-13      mt=  16
                     761840 to 751840  1.00059E-10      mt= 103
                     761840 to 751841  1.00002E-10      mt= 103
                     761840 to 741800  1.00000E-10      mt=  22
                     761840 to 751830  0.00000E+00      mt=  28
                     761840 to 761850  2.56442E+03      mt= 102
                     761840 to 741820  3.61836E-15      mt= 106
                     761840 to 741810  8.05030E-03      mt= 107
                     761840 tot-cap    2.56443E+03
                     761850 to 751840  0.00000E+00      mt=  28
                     761850 to 751841  0.00000E+00      mt=  28
                     761850 to 741830  0.00000E+00      mt= 106
                     761850 to 741831  0.00000E+00      mt= 106
                     761850 to 761840  5.53960E-11      mt=  16
                     761850 to 741810  1.00000E-10      mt=  22
                     761850 to 761860  5.42848E+01      mt= 102
                     761850 to 751850  1.00052E-10      mt= 103
                     761850 to 751830  0.00000E+00      mt= 105
                     761850 to 741820  1.00763E-10      mt= 107
                     761850 tot-cap    5.42848E+01
                     761860 to 751860  3.93668E-14      mt= 103
                     761860 to 751861  0.00000E+00      mt= 103
                     761860 to 751841  0.00000E+00      mt= 105
                     761860 to 741830  4.50818E-05      mt= 107
                     761860 to 741831  3.54214E-05      mt= 107
                     761860 to 761850  9.68587E-12      mt=  16
                     761860 to 741820  1.00000E-10      mt=  22
                     761860 to 751850  0.00000E+00      mt=  28
                     761860 to 761870  6.45160E+01      mt= 102
                     761860 to 741840  0.00000E+00      mt= 106
                     761860 tot-cap    6.45161E+01
                     761870 to 741830  1.00000E-10      mt=  22
                     761870 to 741831  1.00000E-10      mt=  22
                     761870 to 751860  0.00000E+00      mt=  28
                     761870 to 751861  0.00000E+00      mt=  28
                     761870 to 741850  0.00000E+00      mt= 106
                     761870 to 741851  0.00000E+00      mt= 106
                     761870 to 761860  1.07682E-10      mt=  16
                     761870 to 761880  2.47803E+02      mt= 102
                     761870 to 751870  1.00013E-10      mt= 103
                     761870 to 751850  0.00000E+00      mt= 105
                     761870 to 741840  8.05029E-05      mt= 107
                     761870 tot-cap    2.47803E+02
                     761880 to 761890  3.07581E+00      mt= 102
                     761880 to 761891  1.02527E+00      mt= 102
                     761880 to 751880  0.00000E+00      mt= 103
                     761880 to 751881  0.00000E+00      mt= 103
                     761880 to 751860  0.00000E+00      mt= 105
                     761880 to 751861  0.00000E+00      mt= 105
                     761880 to 741850  1.35245E-05      mt= 107
                     761880 to 741851  1.06264E-05      mt= 107
                     761880 to 761870  1.26482E-12      mt=  16
                     761880 to 741840  1.00000E-10      mt=  22
                     761880 to 751870  0.00000E+00      mt=  28
                     761880 to 741860  0.00000E+00      mt= 106
                     761880 tot-cap    4.10110E+00
                     761890 to 761900  2.48637E+01      mt= 102
                     761890 to 761901  1.53287E-07      mt= 102
                     761890 to 741850  1.00000E-10      mt=  22
                     761890 to 741851  1.00000E-10      mt=  22
                     761890 to 751880  0.00000E+00      mt=  28
                     761890 to 751881  0.00000E+00      mt=  28
                     761890 to 761880  1.77548E-10      mt=  16
                     761890 to 751890  1.59555E-14      mt= 103
                     761890 to 751870  0.00000E+00      mt= 105
                     761890 to 741870  0.00000E+00      mt= 106
                     761890 to 741860  8.05030E-06      mt= 107
                     761890 tot-cap    2.48637E+01
                     761900 to 761910  3.21904E+00      mt= 102
                     761900 to 761911  7.23234E+00      mt= 102
                     761900 to 761890  1.23366E-11      mt=  16
                     761900 to 761891  1.45600E-11      mt=  16
                     761900 to 751900  0.00000E+00      mt= 103
                     761900 to 751901  0.00000E+00      mt= 103
                     761900 to 751880  0.00000E+00      mt= 105
                     761900 to 751881  0.00000E+00      mt= 105
                     761900 to 741860  1.00000E-10      mt=  22
                     761900 to 751890  0.00000E+00      mt= 104
                     761900 to 741880  0.00000E+00      mt= 106
                     761900 to 741870  1.60999E-05      mt= 107
                     761900 tot-cap    1.04514E+01
                     761910 to 761920  3.08165E+02      mt= 102
                     761910 to 761921  7.02650E-01      mt= 102
                     761910 to 761900  3.82425E-10      mt=  16
                     761910 to 761901  7.86813E-13      mt=  16
                     761910 to 751900  0.00000E+00      mt=  28
                     761910 to 751901  0.00000E+00      mt=  28
                     761910 to 741870  1.00000E-10      mt=  22
                     761910 to 751910  0.00000E+00      mt= 103
                     761910 to 751890  0.00000E+00      mt= 105
                     761910 to 741890  0.00000E+00      mt= 106
                     761910 to 741880  1.00001E-10      mt= 107
                     761910 tot-cap    3.08868E+02
                     761911 to 761920  1.53242E+01      mt= 102
                     761911 to 761921  3.49916E-02      mt= 102
                     761911 to 761900  4.12121E-10      mt=  16
                     761911 to 761901  1.65200E-12      mt=  16
                     761911 to 751900  0.00000E+00      mt=  28
                     761911 to 751901  0.00000E+00      mt=  28
                     761911 to 741870  1.00000E-10      mt=  22
                     761911 to 751910  0.00000E+00      mt= 103
                     761911 to 751890  0.00000E+00      mt= 105
                     761911 to 741890  0.00000E+00      mt= 106
                     761911 to 741880  1.00001E-10      mt= 107
                     761911 tot-cap    1.53592E+01
                     761920 to 761910  1.52535E-11      mt=  16
                     761920 to 761911  9.84545E-12      mt=  16
                     761920 to 751900  0.00000E+00      mt= 105
                     761920 to 741880  1.00000E-10      mt=  22
                     761920 to 751910  0.00000E+00      mt=  28
                     761920 to 761930  1.61046E+00      mt= 102
                     761920 to 751920  0.00000E+00      mt= 103
                     761920 to 741900  0.00000E+00      mt= 106
                     761920 to 741890  8.05030E-06      mt= 107
                     761920 tot-cap    1.61047E+00
                     761930 to 761920  3.71610E-10      mt=  16
                     761930 to 761921  6.86702E-13      mt=  16
                     761930 to 741890  0.00000E+00      mt=  22
                     761930 to 751920  0.00000E+00      mt=  28
                     761930 to 761940  3.06076E+01      mt= 102
                     761930 to 751930  2.56994E-14      mt= 103
                     761930 to 751910  0.00000E+00      mt= 105
                     761930 to 741910  0.00000E+00      mt= 106
                     761930 to 741900  1.00000E-10      mt= 107
                     761930 to 741920  0.00000E+00      mt= 111
                     761930 tot-cap    3.06076E+01
                     761940 to 761930  5.73095E-11      mt=  16
                     761940 to 741900  0.00000E+00      mt=  22
                     761940 to 751930  0.00000E+00      mt=  28
                     761940 to 761950  3.64411E+00      mt= 102
                     761940 to 751940  1.37720E-14      mt= 103
                     761940 to 751920  0.00000E+00      mt= 105
                     761940 to 741920  0.00000E+00      mt= 106
                     761940 to 741910  1.00001E-10      mt= 107
                     761940 tot-cap    3.64411E+00
                     771850 to 771860  2.63306E+01      mt= 102
                     771850 to 771861  1.05146E+02      mt= 102
                     771850 to 761830  0.00000E+00      mt= 105
                     771850 to 761831  0.00000E+00      mt= 105
                     771850 to 751820  1.00451E-10      mt= 107
                     771850 to 751821  1.01248E-10      mt= 107
                     771850 to 771840  4.70683E-12      mt=  16
                     771850 to 751810  1.00000E-10      mt=  22
                     771850 to 761840  1.08462E-13      mt=  28
                     771850 to 761850  1.14243E-10      mt= 103
                     771850 to 751830  9.24060E-15      mt= 106
                     771850 tot-cap    1.31476E+02
                     771860 to 751820  1.00000E-10      mt=  22
                     771860 to 751821  1.00000E-10      mt=  22
                     771860 to 751840  6.66146E-15      mt= 106
                     771860 to 751841  0.00000E+00      mt= 106
                     771860 to 771850  3.31299E-11      mt=  16
                     771860 to 761850  1.59690E-14      mt=  28
                     771860 to 771870  5.27355E+02      mt= 102
                     771860 to 761860  1.33481E-10      mt= 103
                     771860 to 761840  0.00000E+00      mt= 105
                     771860 to 751830  5.50615E-10      mt= 107
                     771860 tot-cap    5.27355E+02
                     771880 to 751840  1.00000E-10      mt=  22
                     771880 to 751841  1.00000E-10      mt=  22
                     771880 to 751860  0.00000E+00      mt= 106
                     771880 to 751861  0.00000E+00      mt= 106
                     771880 to 771870  6.81468E-11      mt=  16
                     771880 to 761870  0.00000E+00      mt=  28
                     771880 to 771890  2.22346E+02      mt= 102
                     771880 to 761880  1.03628E-10      mt= 103
                     771880 to 761860  0.00000E+00      mt= 105
                     771880 to 751850  1.00654E-10      mt= 107
                     771880 tot-cap    2.22346E+02
                     771890 to 771900  1.23058E+01      mt= 102
                     771890 to 771901  1.84587E+01      mt= 102
                     771890 to 771902  8.45407E-11      mt= 102
                     771890 to 761890  1.00025E-10      mt= 103
                     771890 to 761891  1.00020E-10      mt= 103
                     771890 to 751860  1.00007E-10      mt= 107
                     771890 to 751861  1.00001E-10      mt= 107
                     771890 to 771880  4.62467E-12      mt=  16
                     771890 to 751850  1.00000E-10      mt=  22
                     771890 to 761880  0.00000E+00      mt=  28
                     771890 to 761870  0.00000E+00      mt= 105
                     771890 tot-cap    3.07645E+01
                     771900 to 771910  1.01664E+02      mt= 102
                     771900 to 771911  1.51912E+01      mt= 102
                     771900 to 751860  1.00000E-10      mt=  22
                     771900 to 751861  1.00000E-10      mt=  22
                     771900 to 761890  0.00000E+00      mt=  28
                     771900 to 761891  0.00000E+00      mt=  28
                     771900 to 761900  1.00086E-10      mt= 103
                     771900 to 761901  1.00001E-10      mt= 103
                     771900 to 751880  0.00000E+00      mt= 106
                     771900 to 751881  0.00000E+00      mt= 106
                     771900 to 771890  1.52910E-10      mt=  16
                     771900 to 761880  0.00000E+00      mt= 105
                     771900 to 751870  1.00008E-10      mt= 107
                     771900 tot-cap    1.16855E+02
                     771910 to 771920  2.88789E+02      mt= 102
                     771910 to 771921  7.31668E+02      mt= 102
                     771910 to 771922  4.66182E-10      mt= 102
                     771910 to 771900  2.10431E-11      mt=  16
                     771910 to 771901  1.78551E-12      mt=  16
                     771910 to 771902  5.50131E-14      mt=  16
                     771910 to 761900  0.00000E+00      mt=  28
                     771910 to 761901  0.00000E+00      mt=  28
                     771910 to 761910  1.00007E-10      mt= 103
                     771910 to 761911  1.00005E-10      mt= 103
                     771910 to 761890  0.00000E+00      mt= 105
                     771910 to 761891  0.00000E+00      mt= 105
                     771910 to 751880  1.00023E-10      mt= 107
                     771910 to 751881  1.00003E-10      mt= 107
                     771910 to 751870  1.00000E-10      mt=  22
                     771910 to 751890  0.00000E+00      mt= 106
                     771910 tot-cap    1.02046E+03
                     771920 to 771930  1.69881E+03      mt= 102
                     771920 to 771931  2.54395E+02      mt= 102
                     771920 to 771910  2.62062E-11      mt=  16
                     771920 to 771911  3.13913E-11      mt=  16
                     771920 to 771912  6.50415E-14      mt=  16
                     771920 to 751880  1.00000E-10      mt=  22
                     771920 to 751881  1.00000E-10      mt=  22
                     771920 to 761910  0.00000E+00      mt=  28
                     771920 to 761911  0.00000E+00      mt=  28
                     771920 to 761920  1.00035E-10      mt= 103
                     771920 to 761921  0.00000E+00      mt= 103
                     771920 to 761900  0.00000E+00      mt= 105
                     771920 to 751900  0.00000E+00      mt= 106
                     771920 to 751901  0.00000E+00      mt= 106
                     771920 to 751890  1.00001E-10      mt= 107
                     771920 tot-cap    1.95321E+03
                     771922 to 771930  1.69881E+03      mt= 102
                     771922 to 771931  2.54395E+02      mt= 102
                     771922 to 771910  4.22769E-12      mt=  16
                     771922 to 771911  1.97665E-11      mt=  16
                     771922 to 771912  1.22227E-14      mt=  16
                     771922 to 751880  1.00000E-10      mt=  22
                     771922 to 751881  1.00000E-10      mt=  22
                     771922 to 761910  0.00000E+00      mt=  28
                     771922 to 761911  0.00000E+00      mt=  28
                     771922 to 761920  1.00042E-10      mt= 103
                     771922 to 761921  3.32270E-15      mt= 103
                     771922 to 761900  0.00000E+00      mt= 105
                     771922 to 751900  0.00000E+00      mt= 106
                     771922 to 751901  0.00000E+00      mt= 106
                     771922 to 751890  1.00002E-10      mt= 107
                     771922 tot-cap    1.95321E+03
                     771930 to 771940  2.20558E+02      mt= 102
                     771930 to 771941  2.90712E-01      mt= 102
                     771930 to 771920  1.57849E-11      mt=  16
                     771930 to 771921  3.21469E-12      mt=  16
                     771930 to 771922  5.79973E-13      mt=  16
                     771930 to 761920  0.00000E+00      mt=  28
                     771930 to 761921  0.00000E+00      mt=  28
                     771930 to 761910  0.00000E+00      mt= 105
                     771930 to 761911  0.00000E+00      mt= 105
                     771930 to 751900  1.00000E-10      mt= 107
                     771930 to 751901  1.00000E-10      mt= 107
                     771930 to 751890  1.00000E-10      mt=  22
                     771930 to 761930  5.22782E-15      mt= 103
                     771930 to 751910  0.00000E+00      mt= 106
                     771930 tot-cap    2.20849E+02
                     771931 to 771940  2.20558E+02      mt= 102
                     771931 to 771941  2.90712E-01      mt= 102
                     771931 to 771920  7.11506E-12      mt=  16
                     771931 to 771921  3.59738E-13      mt=  16
                     771931 to 771922  1.77795E-12      mt=  16
                     771931 to 761920  0.00000E+00      mt=  28
                     771931 to 761921  0.00000E+00      mt=  28
                     771931 to 761910  0.00000E+00      mt= 105
                     771931 to 761911  0.00000E+00      mt= 105
                     771931 to 751900  1.00000E-10      mt= 107
                     771931 to 751901  1.00000E-10      mt= 107
                     771931 to 751890  1.00000E-10      mt=  22
                     771931 to 761930  3.61835E-15      mt= 103
                     771931 to 751910  0.00000E+00      mt= 106
                     771931 tot-cap    2.20849E+02
                     771940 to 771950  1.07893E+03      mt= 102
                     771940 to 771951  1.61532E+02      mt= 102
                     771940 to 771930  1.14465E-10      mt=  16
                     771940 to 771931  8.51169E-11      mt=  16
                     771940 to 751900  1.00000E-10      mt=  22
                     771940 to 751901  1.00000E-10      mt=  22
                     771940 to 761920  0.00000E+00      mt= 105
                     771940 to 761930  0.00000E+00      mt=  28
                     771940 to 761940  1.00011E-10      mt= 103
                     771940 to 751920  0.00000E+00      mt= 106
                     771940 to 751910  1.00000E-10      mt= 107
                     771940 to 751930  0.00000E+00      mt= 111
                     771940 tot-cap    1.24046E+03
                     771941 to 771950  1.23763E+01      mt= 102
                     771941 to 771951  1.85288E+00      mt= 102
                     771941 to 771930  1.24656E-10      mt=  16
                     771941 to 771931  2.31594E-10      mt=  16
                     771941 to 751900  1.00000E-10      mt=  22
                     771941 to 751901  1.00000E-10      mt=  22
                     771941 to 761920  0.00000E+00      mt= 105
                     771941 to 761930  5.89903E-15      mt=  28
                     771941 to 761940  1.00038E-10      mt= 103
                     771941 to 751920  0.00000E+00      mt= 106
                     771941 to 751910  1.00001E-10      mt= 107
                     771941 to 751930  0.00000E+00      mt= 111
                     771941 tot-cap    1.42291E+01
                     771961 to 771970  7.60040E+00      mt= 102
                     771961 to 771971  1.13786E+00      mt= 102
                     771961 to 771950  4.72317E-11      mt=  16
                     771961 to 771951  5.96615E-11      mt=  16
                     771961 to 751920  1.00000E-10      mt=  22
                     771961 to 761950  3.76188E-15      mt=  28
                     771961 to 761960  1.00003E-10      mt= 103
                     771961 to 761940  0.00000E+00      mt= 105
                     771961 to 751940  0.00000E+00      mt= 106
                     771961 to 751930  1.00003E-10      mt= 107
                     771961 to 751950  0.00000E+00      mt= 111
                     771961 tot-cap    8.73826E+00
                     781880 to 771861  0.00000E+00      mt= 105
                     781880 to 781870  5.60283E-13      mt=  16
                     781880 to 761840  1.00001E-10      mt=  22
                     781880 to 771870  4.83466E-15      mt=  28
                     781880 to 781890  2.90864E+01      mt= 102
                     781880 to 771880  1.00221E-10      mt= 103
                     781880 to 761860  9.91665E-15      mt= 106
                     781880 to 761850  1.02469E-10      mt= 107
                     781880 tot-cap    2.90864E+01
                     781890 to 781880  2.68880E-11      mt=  16
                     781890 to 761850  1.00000E-10      mt=  22
                     781890 to 771880  0.00000E+00      mt=  28
                     781890 to 781900  1.02453E+02      mt= 102
                     781890 to 771890  1.00367E-10      mt= 103
                     781890 to 771870  0.00000E+00      mt= 105
                     781890 to 761870  8.27481E-15      mt= 106
                     781890 to 761860  1.12906E-10      mt= 107
                     781890 tot-cap    1.02453E+02
                     781900 to 771900  1.00011E-10      mt= 103
                     781900 to 771901  1.00001E-10      mt= 103
                     781900 to 771902  0.00000E+00      mt= 103
                     781900 to 781890  1.34120E-12      mt=  16
                     781900 to 761860  1.00000E-10      mt=  22
                     781900 to 771890  0.00000E+00      mt=  28
                     781900 to 781910  1.21518E+02      mt= 102
                     781900 to 761880  0.00000E+00      mt= 106
                     781900 to 761870  6.44024E-03      mt= 107
                     781900 tot-cap    1.21524E+02
                     781910 to 771900  0.00000E+00      mt=  28
                     781910 to 771901  0.00000E+00      mt=  28
                     781910 to 771902  0.00000E+00      mt=  28
                     781910 to 771910  1.00015E-10      mt= 103
                     781910 to 771911  1.00004E-10      mt= 103
                     781910 to 771912  0.00000E+00      mt= 103
                     781910 to 761890  0.00000E+00      mt= 106
                     781910 to 761891  0.00000E+00      mt= 106
                     781910 to 781900  4.91480E-11      mt=  16
                     781910 to 761870  1.00000E-10      mt=  22
                     781910 to 781920  4.29757E+01      mt= 102
                     781910 to 771890  0.00000E+00      mt= 105
                     781910 to 761880  1.00115E-10      mt= 107
                     781910 tot-cap    4.29757E+01
                     781920 to 781930  6.98482E+00      mt= 102
                     781920 to 781931  2.32827E+00      mt= 102
                     781920 to 771910  0.00000E+00      mt=  28
                     781920 to 771911  0.00000E+00      mt=  28
                     781920 to 771912  0.00000E+00      mt=  28
                     781920 to 771920  0.00000E+00      mt= 103
                     781920 to 771921  0.00000E+00      mt= 103
                     781920 to 771922  0.00000E+00      mt= 103
                     781920 to 761900  0.00000E+00      mt= 106
                     781920 to 761901  0.00000E+00      mt= 106
                     781920 to 761890  6.44024E-05      mt= 107
                     781920 to 761891  9.66035E-05      mt= 107
                     781920 to 781910  8.25814E-12      mt=  16
                     781920 to 761880  1.00000E-10      mt=  22
                     781920 tot-cap    9.31325E+00
                     781930 to 761890  1.00000E-10      mt=  22
                     781930 to 761891  1.00000E-10      mt=  22
                     781930 to 771920  0.00000E+00      mt=  28
                     781930 to 771921  0.00000E+00      mt=  28
                     781930 to 771922  0.00000E+00      mt=  28
                     781930 to 771930  1.00006E-10      mt= 103
                     781930 to 771931  1.00003E-10      mt= 103
                     781930 to 771910  0.00000E+00      mt= 105
                     781930 to 771911  0.00000E+00      mt= 105
                     781930 to 761910  0.00000E+00      mt= 106
                     781930 to 761911  0.00000E+00      mt= 106
                     781930 to 761900  1.00006E-10      mt= 107
                     781930 to 761901  1.00000E-10      mt= 107
                     781930 to 781920  8.25952E-11      mt=  16
                     781930 to 781940  2.48065E+01      mt= 102
                     781930 tot-cap    2.48065E+01
                     781931 to 761890  1.00000E-10      mt=  22
                     781931 to 761891  1.00000E-10      mt=  22
                     781931 to 771920  0.00000E+00      mt=  28
                     781931 to 771921  0.00000E+00      mt=  28
                     781931 to 771922  0.00000E+00      mt=  28
                     781931 to 771930  1.00004E-10      mt= 103
                     781931 to 771931  1.00005E-10      mt= 103
                     781931 to 771910  0.00000E+00      mt= 105
                     781931 to 771911  0.00000E+00      mt= 105
                     781931 to 761910  0.00000E+00      mt= 106
                     781931 to 761911  0.00000E+00      mt= 106
                     781931 to 761900  1.00003E-10      mt= 107
                     781931 to 761901  1.00000E-10      mt= 107
                     781931 to 781920  4.15034E-11      mt=  16
                     781931 to 781940  2.47742E+01      mt= 102
                     781931 tot-cap    2.47742E+01
                     781940 to 781950  9.77968E-01      mt= 102
                     781940 to 781951  8.85184E-02      mt= 102
                     781940 to 781930  4.73821E-12      mt=  16
                     781940 to 781931  3.07467E-12      mt=  16
                     781940 to 761900  1.00000E-10      mt=  22
                     781940 to 761901  8.84567E-15      mt=  22
                     781940 to 771930  0.00000E+00      mt=  28
                     781940 to 771931  0.00000E+00      mt=  28
                     781940 to 771940  0.00000E+00      mt= 103
                     781940 to 771941  0.00000E+00      mt= 103
                     781940 to 771920  0.00000E+00      mt= 105
                     781940 to 771922  0.00000E+00      mt= 105
                     781940 to 761920  0.00000E+00      mt= 106
                     781940 to 761921  0.00000E+00      mt= 106
                     781940 to 761910  2.45534E-06      mt= 107
                     781940 to 761911  1.56981E-06      mt= 107
                     781940 tot-cap    1.06649E+00
                     781950 to 761910  1.00000E-10      mt=  22
                     781950 to 761911  1.00000E-10      mt=  22
                     781950 to 771940  0.00000E+00      mt=  28
                     781950 to 771941  0.00000E+00      mt=  28
                     781950 to 771950  0.00000E+00      mt= 103
                     781950 to 771951  0.00000E+00      mt= 103
                     781950 to 771930  0.00000E+00      mt= 105
                     781950 to 771931  0.00000E+00      mt= 105
                     781950 to 761920  3.93659E-06      mt= 107
                     781950 to 761921  8.85532E-08      mt= 107
                     781950 to 781940  1.12937E-10      mt=  16
                     781950 to 781960  2.39955E+01      mt= 102
                     781950 to 761930  0.00000E+00      mt= 106
                     781950 tot-cap    2.39955E+01
                     781951 to 761910  1.00000E-10      mt=  22
                     781951 to 761911  1.00000E-10      mt=  22
                     781951 to 771940  0.00000E+00      mt=  28
                     781951 to 771941  0.00000E+00      mt=  28
                     781951 to 771950  0.00000E+00      mt= 103
                     781951 to 771951  0.00000E+00      mt= 103
                     781951 to 771930  0.00000E+00      mt= 105
                     781951 to 771931  0.00000E+00      mt= 105
                     781951 to 761920  1.00001E-10      mt= 107
                     781951 to 761921  1.00000E-10      mt= 107
                     781951 to 781940  7.69382E-11      mt=  16
                     781951 to 781960  2.39955E+01      mt= 102
                     781951 to 761930  0.00000E+00      mt= 106
                     781951 tot-cap    2.39955E+01
                     781960 to 781970  5.41207E-01      mt= 102
                     781960 to 781971  3.63795E-02      mt= 102
                     781960 to 781950  1.06031E-11      mt=  16
                     781960 to 781951  8.51501E-12      mt=  16
                     781960 to 761920  1.00000E-10      mt=  22
                     781960 to 761921  0.00000E+00      mt=  22
                     781960 to 771950  0.00000E+00      mt=  28
                     781960 to 771951  0.00000E+00      mt=  28
                     781960 to 771960  0.00000E+00      mt= 103
                     781960 to 771961  0.00000E+00      mt= 103
                     781960 to 771940  0.00000E+00      mt= 105
                     781960 to 771941  0.00000E+00      mt= 105
                     781960 to 761940  0.00000E+00      mt= 106
                     781960 to 761930  1.00000E-10      mt= 107
                     781960 tot-cap    5.77587E-01
                     781970 to 771960  0.00000E+00      mt=  28
                     781970 to 771961  0.00000E+00      mt=  28
                     781970 to 771970  0.00000E+00      mt= 103
                     781970 to 771971  0.00000E+00      mt= 103
                     781970 to 771950  0.00000E+00      mt= 105
                     781970 to 771951  0.00000E+00      mt= 105
                     781970 to 781960  1.71738E-10      mt=  16
                     781970 to 761930  1.00000E-10      mt=  22
                     781970 to 781980  7.74902E+00      mt= 102
                     781970 to 761950  0.00000E+00      mt= 106
                     781970 to 761940  1.00000E-10      mt= 107
                     781970 tot-cap    7.74902E+00
                     781980 to 781990  2.77398E+00      mt= 102
                     781980 to 781991  1.95550E-02      mt= 102
                     781980 to 781970  2.22715E-11      mt=  16
                     781980 to 781971  6.51827E-12      mt=  16
                     781980 to 771970  0.00000E+00      mt=  28
                     781980 to 771971  0.00000E+00      mt=  28
                     781980 to 771960  0.00000E+00      mt= 105
                     781980 to 761940  1.00000E-10      mt=  22
                     781980 to 771980  0.00000E+00      mt= 103
                     781980 to 761960  0.00000E+00      mt= 106
                     781980 to 761950  1.00000E-10      mt= 107
                     781980 tot-cap    2.79353E+00
                     782000 to 781990  3.40267E-11      mt=  16
                     782000 to 781991  1.96749E-11      mt=  16
                     782000 to 761960  0.00000E+00      mt=  22
                     782000 to 782010  1.57201E+00      mt= 102
                     782000 to 772000  6.16328E-15      mt= 103
                     782000 to 771990  0.00000E+00      mt= 104
                     782000 to 761970  1.00001E-10      mt= 107
                     782000 tot-cap    1.57201E+00
                     782020 to 782010  6.74151E-11      mt=  16
                     782020 to 761990  1.00000E-10      mt= 107
                     782020 tot-cap    1.67415E-10
                     791930 to 791940  2.80121E+01      mt= 102
                     791930 to 791941  6.16371E+00      mt= 102
                     791930 to 791942  3.42028E-02      mt= 102
                     791930 to 791920  1.34329E-12      mt=  16
                     791930 to 791921  1.33087E-13      mt=  16
                     791930 to 781930  1.00055E-10      mt= 103
                     791930 to 781931  1.00023E-10      mt= 103
                     791930 to 771910  0.00000E+00      mt= 106
                     791930 to 771911  0.00000E+00      mt= 106
                     791930 to 771912  0.00000E+00      mt= 106
                     791930 to 771900  1.00003E-10      mt= 107
                     791930 to 771901  1.00001E-10      mt= 107
                     791930 to 771902  1.00000E-10      mt= 107
                     791930 to 771890  1.00000E-10      mt=  22
                     791930 to 781920  4.09549E-15      mt=  28
                     791930 to 781910  0.00000E+00      mt= 105
                     791930 tot-cap    3.42100E+01
                     791940 to 791950  3.30750E+01      mt= 102
                     791940 to 791951  4.95292E+00      mt= 102
                     791940 to 791930  2.99049E-11      mt=  16
                     791940 to 791931  1.28396E-11      mt=  16
                     791940 to 771900  1.00000E-10      mt=  22
                     791940 to 771901  1.00000E-10      mt=  22
                     791940 to 771902  1.00000E-10      mt=  22
                     791940 to 781930  0.00000E+00      mt=  28
                     791940 to 781931  0.00000E+00      mt=  28
                     791940 to 771920  0.00000E+00      mt= 106
                     791940 to 771921  0.00000E+00      mt= 106
                     791940 to 771922  0.00000E+00      mt= 106
                     791940 to 771910  1.00003E-10      mt= 107
                     791940 to 771911  1.00001E-10      mt= 107
                     791940 to 771912  1.00000E-10      mt= 107
                     791940 to 781940  1.00218E-10      mt= 103
                     791940 to 781920  0.00000E+00      mt= 105
                     791940 tot-cap    3.80279E+01
                     791950 to 791960  1.57747E+01      mt= 102
                     791950 to 791961  3.46274E+00      mt= 102
                     791950 to 791962  1.20692E-12      mt= 102
                     791950 to 791940  5.23015E-12      mt=  16
                     791950 to 791941  3.89164E-14      mt=  16
                     791950 to 791942  2.37572E-13      mt=  16
                     791950 to 771910  1.00000E-10      mt=  22
                     791950 to 771911  1.00000E-10      mt=  22
                     791950 to 771912  0.00000E+00      mt=  22
                     791950 to 781950  1.00001E-10      mt= 103
                     791950 to 781951  1.00001E-10      mt= 103
                     791950 to 781930  0.00000E+00      mt= 105
                     791950 to 781931  0.00000E+00      mt= 105
                     791950 to 771930  0.00000E+00      mt= 106
                     791950 to 771931  0.00000E+00      mt= 106
                     791950 to 771920  1.00000E-10      mt= 107
                     791950 to 771921  1.00000E-10      mt= 107
                     791950 to 771922  1.00000E-10      mt= 107
                     791950 to 781940  0.00000E+00      mt= 104
                     791950 tot-cap    1.92374E+01
                     791960 to 791970  1.93961E+01      mt= 102
                     791960 to 791971  2.90413E+00      mt= 102
                     791960 to 791950  4.18522E-11      mt=  16
                     791960 to 791951  2.81952E-11      mt=  16
                     791960 to 771920  1.00000E-10      mt=  22
                     791960 to 771921  1.00000E-10      mt=  22
                     791960 to 771922  1.00000E-10      mt=  22
                     791960 to 781950  0.00000E+00      mt=  28
                     791960 to 781951  0.00000E+00      mt=  28
                     791960 to 771940  0.00000E+00      mt= 106
                     791960 to 771941  0.00000E+00      mt= 106
                     791960 to 771930  1.00001E-10      mt= 107
                     791960 to 771931  1.00001E-10      mt= 107
                     791960 to 781960  1.00034E-10      mt= 103
                     791960 to 781940  0.00000E+00      mt= 105
                     791960 tot-cap    2.23003E+01
                     791970 to 791980  1.01641E+02      mt= 102
                     791970 to 791981  1.01743E-01      mt= 102
                     791970 to 791960  1.02097E-11      mt=  16
                     791970 to 791961  6.61252E-13      mt=  16
                     791970 to 791962  7.53301E-14      mt=  16
                     791970 to 771930  1.00000E-10      mt=  22
                     791970 to 771931  1.00000E-10      mt=  22
                     791970 to 781970  1.00005E-10      mt= 103
                     791970 to 781971  1.00337E-12      mt= 103
                     791970 to 781950  0.00000E+00      mt= 105
                     791970 to 771950  0.00000E+00      mt= 106
                     791970 to 771951  0.00000E+00      mt= 106
                     791970 to 771940  1.00001E-10      mt= 107
                     791970 to 771941  1.00000E-10      mt= 107
                     791970 to 781960  0.00000E+00      mt=  28
                     791970 tot-cap    1.01743E+02
                     791980 to 791970  4.92505E-11      mt=  16
                     791980 to 791971  3.71014E-11      mt=  16
                     791980 to 771940  1.00000E-10      mt=  22
                     791980 to 771941  1.00000E-10      mt=  22
                     791980 to 781970  0.00000E+00      mt=  28
                     791980 to 781971  0.00000E+00      mt=  28
                     791980 to 771960  0.00000E+00      mt= 106
                     791980 to 771961  0.00000E+00      mt= 106
                     791980 to 771950  1.00000E-10      mt= 107
                     791980 to 771951  1.00000E-10      mt= 107
                     791980 to 791990  3.16400E+04      mt= 102
                     791980 to 781980  1.00013E-10      mt= 103
                     791980 to 781960  0.00000E+00      mt= 105
                     791980 tot-cap    3.16400E+04
                     791981 to 791970  9.45819E-13      mt=  16
                     791981 to 791971  1.86074E-11      mt=  16
                     791981 to 771940  1.00000E-10      mt=  22
                     791981 to 771941  1.00000E-10      mt=  22
                     791981 to 781970  0.00000E+00      mt=  28
                     791981 to 781971  0.00000E+00      mt=  28
                     791981 to 771960  0.00000E+00      mt= 106
                     791981 to 771961  0.00000E+00      mt= 106
                     791981 to 771950  1.00001E-10      mt= 107
                     791981 to 771951  1.00000E-10      mt= 107
                     791981 to 791990  2.02133E+04      mt= 102
                     791981 to 781980  1.00033E-10      mt= 103
                     791981 to 781960  0.00000E+00      mt= 105
                     791981 tot-cap    2.02133E+04
                     791990 to 792000  2.62059E+01      mt= 102
                     791990 to 792001  8.41181E-03      mt= 102
                     791990 to 791980  2.62508E-11      mt=  16
                     791990 to 791981  7.91072E-13      mt=  16
                     791990 to 771950  1.00000E-10      mt=  22
                     791990 to 771951  1.00000E-10      mt=  22
                     791990 to 781990  3.31850E-15      mt= 103
                     791990 to 781991  0.00000E+00      mt= 103
                     791990 to 781970  0.00000E+00      mt= 105
                     791990 to 781971  0.00000E+00      mt= 105
                     791990 to 771970  0.00000E+00      mt= 106
                     791990 to 771971  0.00000E+00      mt= 106
                     791990 to 771960  1.00000E-10      mt= 107
                     791990 to 771961  1.00000E-10      mt= 107
                     791990 to 781980  0.00000E+00      mt=  28
                     791990 tot-cap    2.62144E+01
                     792001 to 771960  1.00000E-10      mt=  22
                     792001 to 771961  1.00000E-10      mt=  22
                     792001 to 781990  0.00000E+00      mt=  28
                     792001 to 781991  0.00000E+00      mt=  28
                     792001 to 771970  1.00000E-10      mt= 107
                     792001 to 771971  1.00000E-10      mt= 107
                     792001 to 791990  3.01409E-11      mt=  16
                     792001 to 792010  6.46613E+00      mt= 102
                     792001 to 782000  1.00007E-10      mt= 103
                     792001 to 781980  0.00000E+00      mt= 105
                     792001 to 771980  0.00000E+00      mt= 106
                     792001 to 771990  0.00000E+00      mt= 111
                     792001 tot-cap    6.46613E+00
                     801930 to 791920  0.00000E+00      mt=  28
                     801930 to 791921  0.00000E+00      mt=  28
                     801930 to 791930  1.00904E-10      mt= 103
                     801930 to 791931  1.00136E-10      mt= 103
                     801930 to 791910  0.00000E+00      mt= 105
                     801930 to 791911  0.00000E+00      mt= 105
                     801930 to 801920  9.83141E-12      mt=  16
                     801930 to 781890  1.00000E-10      mt=  22
                     801930 to 801940  4.85988E+01      mt= 102
                     801930 to 781900  1.04883E-10      mt= 107
                     801930 to 781920  0.00000E+00      mt= 111
                     801930 tot-cap    4.85988E+01
                     801931 to 791920  1.43415E-14      mt=  28
                     801931 to 791921  0.00000E+00      mt=  28
                     801931 to 791930  1.00196E-10      mt= 103
                     801931 to 791931  1.00394E-10      mt= 103
                     801931 to 791910  0.00000E+00      mt= 105
                     801931 to 791911  0.00000E+00      mt= 105
                     801931 to 801920  3.28638E-12      mt=  16
                     801931 to 781890  1.00000E-10      mt=  22
                     801931 to 801940  4.85988E+01      mt= 102
                     801931 to 781910  3.16420E-15      mt= 106
                     801931 to 781900  1.02995E-10      mt= 107
                     801931 tot-cap    4.85988E+01
                     801940 to 801950  1.75891E+01      mt= 102
                     801940 to 801951  1.16808E+00      mt= 102
                     801940 to 801930  1.67420E-13      mt=  16
                     801940 to 801931  3.36750E-14      mt=  16
                     801940 to 791930  0.00000E+00      mt=  28
                     801940 to 791931  0.00000E+00      mt=  28
                     801940 to 791940  1.00019E-10      mt= 103
                     801940 to 791941  1.00000E-10      mt= 103
                     801940 to 791942  1.00000E-10      mt= 103
                     801940 to 791920  0.00000E+00      mt= 105
                     801940 to 791921  0.00000E+00      mt= 105
                     801940 to 781900  1.00000E-10      mt=  22
                     801940 to 781920  3.85998E-15      mt= 106
                     801940 to 781910  1.00012E-10      mt= 107
                     801940 tot-cap    1.87572E+01
                     801950 to 791940  0.00000E+00      mt=  28
                     801950 to 791941  0.00000E+00      mt=  28
                     801950 to 791942  0.00000E+00      mt=  28
                     801950 to 791950  1.00113E-10      mt= 103
                     801950 to 791951  1.00024E-10      mt= 103
                     801950 to 791930  0.00000E+00      mt= 105
                     801950 to 791931  0.00000E+00      mt= 105
                     801950 to 781930  0.00000E+00      mt= 106
                     801950 to 781931  0.00000E+00      mt= 106
                     801950 to 801940  1.76721E-11      mt=  16
                     801950 to 781910  1.00000E-10      mt=  22
                     801950 to 801960  2.91982E+01      mt= 102
                     801950 to 781920  1.00054E-10      mt= 107
                     801950 tot-cap    2.91982E+01
                     801951 to 791940  0.00000E+00      mt=  28
                     801951 to 791941  0.00000E+00      mt=  28
                     801951 to 791942  0.00000E+00      mt=  28
                     801951 to 791950  1.00024E-10      mt= 103
                     801951 to 791951  1.00054E-10      mt= 103
                     801951 to 791930  0.00000E+00      mt= 105
                     801951 to 791931  0.00000E+00      mt= 105
                     801951 to 781930  0.00000E+00      mt= 106
                     801951 to 781931  0.00000E+00      mt= 106
                     801951 to 801940  7.44718E-12      mt=  16
                     801951 to 781910  1.00000E-10      mt=  22
                     801951 to 801960  2.91982E+01      mt= 102
                     801951 to 781920  1.00032E-10      mt= 107
                     801951 tot-cap    2.91982E+01
                     801960 to 801970  2.30916E+03      mt= 102
                     801960 to 801971  8.19910E+01      mt= 102
                     801960 to 801950  9.62423E-13      mt=  16
                     801960 to 801951  5.61484E-13      mt=  16
                     801960 to 791950  0.00000E+00      mt=  28
                     801960 to 791951  0.00000E+00      mt=  28
                     801960 to 791960  1.00003E-10      mt= 103
                     801960 to 791961  1.00004E-10      mt= 103
                     801960 to 791962  0.00000E+00      mt= 103
                     801960 to 791940  0.00000E+00      mt= 105
                     801960 to 791942  0.00000E+00      mt= 105
                     801960 to 781930  1.00004E-10      mt= 107
                     801960 to 781931  1.00003E-10      mt= 107
                     801960 to 781920  1.00000E-10      mt=  22
                     801960 to 781940  0.00000E+00      mt= 106
                     801960 tot-cap    2.39115E+03
                     801970 to 781930  1.00000E-10      mt=  22
                     801970 to 781931  1.00000E-10      mt=  22
                     801970 to 791960  0.00000E+00      mt=  28
                     801970 to 791961  0.00000E+00      mt=  28
                     801970 to 791962  0.00000E+00      mt=  28
                     801970 to 791970  1.00021E-10      mt= 103
                     801970 to 791971  1.00009E-10      mt= 103
                     801970 to 791950  0.00000E+00      mt= 105
                     801970 to 791951  0.00000E+00      mt= 105
                     801970 to 781950  0.00000E+00      mt= 106
                     801970 to 781951  0.00000E+00      mt= 106
                     801970 to 801960  3.67901E-11      mt=  16
                     801970 to 801980  1.56314E+01      mt= 102
                     801970 to 781940  1.00004E-10      mt= 107
                     801970 tot-cap    1.56314E+01
                     801971 to 781930  1.00000E-10      mt=  22
                     801971 to 781931  1.00000E-10      mt=  22
                     801971 to 791960  0.00000E+00      mt=  28
                     801971 to 791961  0.00000E+00      mt=  28
                     801971 to 791962  0.00000E+00      mt=  28
                     801971 to 791970  1.00011E-10      mt= 103
                     801971 to 791971  1.00017E-10      mt= 103
                     801971 to 791950  0.00000E+00      mt= 105
                     801971 to 791951  0.00000E+00      mt= 105
                     801971 to 781950  0.00000E+00      mt= 106
                     801971 to 781951  0.00000E+00      mt= 106
                     801971 to 801960  1.76004E-11      mt=  16
                     801971 to 801980  1.56314E+01      mt= 102
                     801971 to 781940  1.00005E-10      mt= 107
                     801971 tot-cap    1.56314E+01
                     801980 to 801990  1.67805E+00      mt= 102
                     801980 to 801991  1.41688E-02      mt= 102
                     801980 to 801970  7.03523E-12      mt=  16
                     801980 to 801971  5.70798E-12      mt=  16
                     801980 to 791970  0.00000E+00      mt=  28
                     801980 to 791971  0.00000E+00      mt=  28
                     801980 to 791980  7.86510E-14      mt= 103
                     801980 to 791981  0.00000E+00      mt= 103
                     801980 to 791960  0.00000E+00      mt= 105
                     801980 to 791961  0.00000E+00      mt= 105
                     801980 to 781950  1.00000E-10      mt= 107
                     801980 to 781951  1.00000E-10      mt= 107
                     801980 to 781940  1.00000E-10      mt=  22
                     801980 to 781960  0.00000E+00      mt= 106
                     801980 tot-cap    1.69221E+00
                     801990 to 781950  1.00000E-10      mt=  22
                     801990 to 781951  1.00000E-10      mt=  22
                     801990 to 791980  0.00000E+00      mt=  28
                     801990 to 791981  0.00000E+00      mt=  28
                     801990 to 791970  0.00000E+00      mt= 105
                     801990 to 791971  0.00000E+00      mt= 105
                     801990 to 781970  0.00000E+00      mt= 106
                     801990 to 781971  0.00000E+00      mt= 106
                     801990 to 801980  4.56773E-11      mt=  16
                     801990 to 802000  1.67415E+03      mt= 102
                     801990 to 791990  1.00006E-10      mt= 103
                     801990 to 781960  1.00001E-10      mt= 107
                     801990 tot-cap    1.67415E+03
                     802000 to 801990  8.90570E-12      mt=  16
                     802000 to 801991  2.14675E-12      mt=  16
                     802000 to 792000  0.00000E+00      mt= 103
                     802000 to 792001  0.00000E+00      mt= 103
                     802000 to 781970  1.00000E-10      mt= 107
                     802000 to 781971  1.00000E-10      mt= 107
                     802000 to 781960  1.00000E-10      mt=  22
                     802000 to 791990  0.00000E+00      mt=  28
                     802000 to 802010  1.16180E+00      mt= 102
                     802000 to 781980  0.00000E+00      mt= 106
                     802000 tot-cap    1.16180E+00
                     802010 to 781970  1.00000E-10      mt=  22
                     802010 to 781971  2.24910E-14      mt=  22
                     802010 to 792000  0.00000E+00      mt=  28
                     802010 to 792001  0.00000E+00      mt=  28
                     802010 to 781990  0.00000E+00      mt= 106
                     802010 to 781991  0.00000E+00      mt= 106
                     802010 to 802000  1.00911E-10      mt=  16
                     802010 to 802020  6.29560E+00      mt= 102
                     802010 to 792010  0.00000E+00      mt= 103
                     802010 to 791990  0.00000E+00      mt= 105
                     802010 to 781980  1.00000E-10      mt= 107
                     802010 tot-cap    6.29560E+00
                     802020 to 792000  0.00000E+00      mt= 105
                     802020 to 781990  1.00000E-10      mt= 107
                     802020 to 781991  1.00000E-10      mt= 107
                     802020 to 802010  3.37913E-11      mt=  16
                     802020 to 781980  1.00000E-10      mt=  22
                     802020 to 792010  0.00000E+00      mt=  28
                     802020 to 802030  3.98784E+00      mt= 102
                     802020 to 792020  0.00000E+00      mt= 103
                     802020 to 782000  0.00000E+00      mt= 106
                     802020 tot-cap    3.98784E+00
                     802030 to 781990  1.36853E-14      mt=  22
                     802030 to 781991  0.00000E+00      mt=  22
                     802030 to 802020  1.14969E-10      mt=  16
                     802030 to 792020  0.00000E+00      mt=  28
                     802030 to 802040  3.98481E+00      mt= 102
                     802030 to 792030  0.00000E+00      mt= 103
                     802030 to 792010  0.00000E+00      mt= 105
                     802030 to 782010  0.00000E+00      mt= 106
                     802030 to 782000  1.00000E-10      mt= 107
                     802030 to 782020  0.00000E+00      mt= 111
                     802030 tot-cap    3.98481E+00
                     802040 to 802030  8.85458E-12      mt=  16
                     802040 to 782000  2.12841E-12      mt=  22
                     802040 to 792030  0.00000E+00      mt=  28
                     802040 to 802050  3.22148E-01      mt= 102
                     802040 to 792040  0.00000E+00      mt= 103
                     802040 to 792020  0.00000E+00      mt= 105
                     802040 to 782010  1.00000E-10      mt= 107
                     802040 tot-cap    3.22148E-01
                     812000 to 791960  1.00000E-10      mt=  22
                     812000 to 791961  1.00000E-10      mt=  22
                     812000 to 791962  1.00000E-10      mt=  22
                     812000 to 801990  0.00000E+00      mt=  28
                     812000 to 801991  0.00000E+00      mt=  28
                     812000 to 791980  0.00000E+00      mt= 106
                     812000 to 791981  0.00000E+00      mt= 106
                     812000 to 791970  1.00002E-10      mt= 107
                     812000 to 791971  1.00001E-10      mt= 107
                     812000 to 811990  6.41011E-11      mt=  16
                     812000 to 812010  1.58356E+01      mt= 102
                     812000 to 802000  1.00452E-10      mt= 103
                     812000 to 801980  0.00000E+00      mt= 105
                     812000 tot-cap    1.58356E+01
                     812010 to 791970  1.00000E-10      mt=  22
                     812010 to 791971  1.00000E-10      mt=  22
                     812010 to 801990  0.00000E+00      mt= 105
                     812010 to 801991  0.00000E+00      mt= 105
                     812010 to 791980  1.00001E-10      mt= 107
                     812010 to 791981  1.00000E-10      mt= 107
                     812010 to 812000  7.06381E-12      mt=  16
                     812010 to 802000  0.00000E+00      mt=  28
                     812010 to 812020  9.70472E+00      mt= 102
                     812010 to 802010  1.00045E-10      mt= 103
                     812010 to 791990  0.00000E+00      mt= 106
                     812010 tot-cap    9.70472E+00
                     812020 to 791980  1.00000E-10      mt=  22
                     812020 to 791981  1.00000E-10      mt=  22
                     812020 to 792000  0.00000E+00      mt= 106
                     812020 to 792001  0.00000E+00      mt= 106
                     812020 to 812010  9.03284E-11      mt=  16
                     812020 to 802010  0.00000E+00      mt=  28
                     812020 to 812030  9.18668E+00      mt= 102
                     812020 to 802020  1.00065E-10      mt= 103
                     812020 to 802000  0.00000E+00      mt= 105
                     812020 to 791990  1.00001E-10      mt= 107
                     812020 tot-cap    9.18668E+00
                     812030 to 792000  2.40543E-04      mt= 107
                     812030 to 792001  9.66035E-07      mt= 107
                     812030 to 812020  1.40707E-11      mt=  16
                     812030 to 791990  1.00000E-10      mt=  22
                     812030 to 802020  0.00000E+00      mt=  28
                     812030 to 812040  9.20661E+00      mt= 102
                     812030 to 802030  1.00010E-10      mt= 103
                     812030 to 802010  0.00000E+00      mt= 105
                     812030 to 792010  0.00000E+00      mt= 106
                     812030 tot-cap    9.20685E+00
                     812040 to 792000  1.00000E-10      mt=  22
                     812040 to 792001  0.00000E+00      mt=  22
                     812040 to 812030  5.79331E-11      mt=  16
                     812040 to 802030  0.00000E+00      mt=  28
                     812040 to 812050  1.81170E+01      mt= 102
                     812040 to 802040  1.00013E-10      mt= 103
                     812040 to 802020  0.00000E+00      mt= 105
                     812040 to 792020  0.00000E+00      mt= 106
                     812040 to 792010  1.00000E-10      mt= 107
                     812040 tot-cap    1.81170E+01
                     812050 to 812060  8.41161E-02      mt= 102
                     812050 to 812061  2.51563E-05      mt= 102
                     812050 to 812040  2.60804E-11      mt=  16
                     812050 to 792010  1.00000E-10      mt=  22
                     812050 to 802040  0.00000E+00      mt=  28
                     812050 to 802050  6.01192E-15      mt= 103
                     812050 to 792030  0.00000E+00      mt= 106
                     812050 to 792020  1.00000E-10      mt= 107
                     812050 tot-cap    8.41413E-02
                     822000 to 822010  1.09536E+01      mt= 102
                     822000 to 822011  7.27414E-01      mt= 102
                     822000 to 821990  7.99324E-13      mt=  16
                     822000 to 821991  1.28375E-13      mt=  16
                     822000 to 801970  1.00163E-10      mt= 107
                     822000 to 801971  1.00034E-10      mt= 107
                     822000 to 801960  1.00000E-10      mt=  22
                     822000 to 811990  4.31004E-15      mt=  28
                     822000 to 812000  1.00889E-10      mt= 103
                     822000 to 801980  8.21851E-15      mt= 106
                     822000 tot-cap    1.16810E+01
                     822020 to 822030  5.96966E+00      mt= 102
                     822020 to 822031  3.94583E-01      mt= 102
                     822020 to 822010  2.68235E-12      mt=  16
                     822020 to 822011  2.60064E-13      mt=  16
                     822020 to 801990  1.00010E-10      mt= 107
                     822020 to 801991  1.00003E-10      mt= 107
                     822020 to 801980  1.00000E-10      mt=  22
                     822020 to 812010  0.00000E+00      mt=  28
                     822020 to 812020  1.00021E-10      mt= 103
                     822020 to 802000  0.00000E+00      mt= 106
                     822020 tot-cap    6.36424E+00
                     822030 to 822040  7.90335E+00      mt= 102
                     822030 to 822041  5.01263E-02      mt= 102
                     822030 to 822020  2.37332E-11      mt=  16
                     822030 to 822021  2.46016E-13      mt=  16
                     822030 to 801990  1.00000E-10      mt=  22
                     822030 to 801991  1.00000E-10      mt=  22
                     822030 to 812020  0.00000E+00      mt=  28
                     822030 to 812030  1.00050E-10      mt= 103
                     822030 to 812010  0.00000E+00      mt= 105
                     822030 to 802010  0.00000E+00      mt= 106
                     822030 to 802000  1.00011E-10      mt= 107
                     822030 tot-cap    7.95347E+00
                     822040 to 822030  4.81067E-12      mt=  16
                     822040 to 822031  9.38970E-13      mt=  16
                     822040 to 802000  1.00000E-10      mt=  22
                     822040 to 812030  0.00000E+00      mt=  28
                     822040 to 822050  5.33591E-01      mt= 102
                     822040 to 812040  1.00019E-10      mt= 103
                     822040 to 802020  0.00000E+00      mt= 106
                     822040 to 802010  1.00003E-10      mt= 107
                     822040 tot-cap    5.33591E-01
                     822050 to 822040  4.11210E-11      mt=  16
                     822050 to 822041  9.68145E-13      mt=  16
                     822050 to 802010  1.00000E-10      mt=  22
                     822050 to 812040  0.00000E+00      mt=  28
                     822050 to 822060  4.03088E+00      mt= 102
                     822050 to 812050  1.00004E-10      mt= 103
                     822050 to 802030  0.00000E+00      mt= 106
                     822050 to 802020  1.00000E-10      mt= 107
                     822050 tot-cap    4.03088E+00
                     822060 to 822070  2.34910E-02      mt= 102
                     822060 to 822071  5.03893E-04      mt= 102
                     822060 to 812060  8.95222E-15      mt= 103
                     822060 to 812061  0.00000E+00      mt= 103
                     822060 to 822050  9.23973E-12      mt=  16
                     822060 to 802020  1.00000E-10      mt=  22
                     822060 to 812050  0.00000E+00      mt=  28
                     822060 to 812040  0.00000E+00      mt= 105
                     822060 to 802040  0.00000E+00      mt= 106
                     822060 to 802030  9.35592E-11      mt= 107
                     822060 tot-cap    2.39949E-02
                     822070 to 812060  0.00000E+00      mt=  28
                     822070 to 812070  2.15684E-14      mt= 103
                     822070 to 812071  1.52161E-14      mt= 103
                     822070 to 822060  3.58675E-11      mt=  16
                     822070 to 802030  1.00000E-10      mt=  22
                     822070 to 822080  5.73558E-01      mt= 102
                     822070 to 812050  0.00000E+00      mt= 105
                     822070 to 802050  0.00000E+00      mt= 106
                     822070 to 802040  4.24065E-13      mt= 107
                     822070 tot-cap    5.73558E-01
                     822080 to 822070  9.88303E-12      mt=  16
                     822080 to 822071  4.38335E-12      mt=  16
                     822080 to 812070  0.00000E+00      mt=  28
                     822080 to 812071  0.00000E+00      mt=  28
                     822080 to 812060  0.00000E+00      mt= 105
                     822080 to 812061  0.00000E+00      mt= 105
                     822080 to 802040  1.00000E-10      mt=  22
                     822080 to 822090  3.96414E-04      mt= 102
                     822080 to 812080  0.00000E+00      mt= 103
                     822080 to 802060  0.00000E+00      mt= 106
                     822080 to 802050  6.43990E-06      mt= 107
                     822080 tot-cap    4.02854E-04
                     822090 to 812070  0.00000E+00      mt= 105
                     822090 to 812071  0.00000E+00      mt= 105
                     822090 to 822080  9.69454E-10      mt=  16
                     822090 to 802050  1.00000E-10      mt=  22
                     822090 to 812080  0.00000E+00      mt=  28
                     822090 to 822100  3.22424E-01      mt= 102
                     822090 to 812090  0.00000E+00      mt= 103
                     822090 to 802070  0.00000E+00      mt= 106
                     822090 to 802060  1.00001E-10      mt= 107
                     822090 tot-cap    3.22424E-01
                     822100 to 822090  5.44771E-10      mt=  16
                     822100 to 822080  5.19819E-14      mt=  17
                     822100 to 802060  1.00000E-10      mt=  22
                     822100 to 812090  0.00000E+00      mt=  28
                     822100 to 822110  4.02670E-01      mt= 102
                     822100 to 812100  0.00000E+00      mt= 103
                     822100 to 812080  0.00000E+00      mt= 105
                     822100 to 802080  0.00000E+00      mt= 106
                     822100 to 802070  1.00000E-10      mt= 107
                     822100 tot-cap    4.02670E-01
                     832030 to 822020  1.25519E-13      mt=  28
                     832030 to 822021  0.00000E+00      mt=  28
                     832030 to 822030  1.23743E-10      mt= 103
                     832030 to 822031  1.00935E-10      mt= 103
                     832030 to 822032  1.00011E-10      mt= 103
                     832030 to 822010  0.00000E+00      mt= 105
                     832030 to 822011  0.00000E+00      mt= 105
                     832030 to 832020  2.00929E-12      mt=  16
                     832030 to 811990  1.00000E-10      mt=  22
                     832030 to 832040  1.20390E+01      mt= 102
                     832030 to 812010  2.89511E-14      mt= 106
                     832030 to 812000  1.00229E-10      mt= 107
                     832030 tot-cap    1.20390E+01
                     832050 to 822040  6.01958E-14      mt=  28
                     832050 to 822041  0.00000E+00      mt=  28
                     832050 to 822030  0.00000E+00      mt= 105
                     832050 to 822031  0.00000E+00      mt= 105
                     832050 to 832040  8.35808E-12      mt=  16
                     832050 to 812010  1.00000E-10      mt=  22
                     832050 to 832060  7.50419E+00      mt= 102
                     832050 to 822050  1.01687E-10      mt= 103
                     832050 to 812030  7.22336E-15      mt= 106
                     832050 to 812020  1.00017E-10      mt= 107
                     832050 tot-cap    7.50419E+00
                     832060 to 832070  8.37073E+00      mt= 102
                     832060 to 832071  1.37210E-02      mt= 102
                     832060 to 822040  0.00000E+00      mt= 105
                     832060 to 822041  0.00000E+00      mt= 105
                     832060 to 832050  4.01357E-11      mt=  16
                     832060 to 812020  1.00000E-10      mt=  22
                     832060 to 822050  9.84557E-15      mt=  28
                     832060 to 822060  1.00217E-10      mt= 103
                     832060 to 812040  3.41046E-15      mt= 106
                     832060 to 812030  1.00017E-10      mt= 107
                     832060 tot-cap    8.38445E+00
                     832070 to 832080  4.92848E+00      mt= 102
                     832070 to 832081  1.12350E-02      mt= 102
                     832070 to 822070  1.00026E-10      mt= 103
                     832070 to 822071  1.00011E-10      mt= 103
                     832070 to 832060  1.75345E-11      mt=  16
                     832070 to 812030  1.00000E-10      mt=  22
                     832070 to 822060  0.00000E+00      mt=  28
                     832070 to 822050  0.00000E+00      mt= 105
                     832070 to 812050  0.00000E+00      mt= 106
                     832070 to 812040  1.00000E-10      mt= 107
                     832070 tot-cap    4.93971E+00
                     832080 to 832070  6.04339E-11      mt=  16
                     832080 to 832071  6.82686E-13      mt=  16
                     832080 to 822070  0.00000E+00      mt=  28
                     832080 to 822071  0.00000E+00      mt=  28
                     832080 to 812060  0.00000E+00      mt= 106
                     832080 to 812061  0.00000E+00      mt= 106
                     832080 to 812040  1.00000E-10      mt=  22
                     832080 to 832090  4.53730E+00      mt= 102
                     832080 to 822080  1.00014E-10      mt= 103
                     832080 to 822060  0.00000E+00      mt= 105
                     832080 to 812050  1.00000E-10      mt= 107
                     832080 tot-cap    4.53730E+00
                     832090 to 832100  1.84155E-02      mt= 102
                     832090 to 832101  8.82635E-03      mt= 102
                     832090 to 832080  2.38791E-11      mt=  16
                     832090 to 832081  1.22030E-12      mt=  16
                     832090 to 822070  0.00000E+00      mt= 105
                     832090 to 822071  0.00000E+00      mt= 105
                     832090 to 812070  0.00000E+00      mt= 106
                     832090 to 812071  0.00000E+00      mt= 106
                     832090 to 812060  1.19547E-04      mt= 107
                     832090 to 812061  1.20754E-06      mt= 107
                     832090 to 812050  1.00000E-10      mt=  22
                     832090 to 822080  7.27475E-15      mt=  28
                     832090 to 822090  1.55001E-10      mt= 103
                     832090 tot-cap    2.73626E-02
                     832100 to 812060  1.00000E-10      mt=  22
                     832100 to 812061  1.00000E-10      mt=  22
                     832100 to 822070  0.00000E+00      mt=  33
                     832100 to 812070  1.00072E-10      mt= 107
                     832100 to 812071  1.00059E-10      mt= 107
                     832100 to 832090  7.19018E-10      mt=  16
                     832100 to 822090  0.00000E+00      mt=  28
                     832100 to 822080  1.00000E-10      mt=  32
                     832100 to 832110  4.34880E-02      mt= 102
                     832100 to 822100  1.00013E-10      mt= 103
                     832100 to 812080  0.00000E+00      mt= 106
                     832100 tot-cap    4.34880E-02
                     832101 to 812060  1.00000E-10      mt=  22
                     832101 to 812061  1.00000E-10      mt=  22
                     832101 to 812070  1.00007E-10      mt= 107
                     832101 to 812071  1.00005E-10      mt= 107
                     832101 to 832090  4.10846E-10      mt=  16
                     832101 to 822090  0.00000E+00      mt=  28
                     832101 to 822080  1.00000E-10      mt=  32
                     832101 to 832110  4.34972E-02      mt= 102
                     832101 to 822100  1.00011E-10      mt= 103
                     832101 to 812080  0.00000E+00      mt= 106
                     832101 tot-cap    4.34972E-02
                     842060 to 842070  4.64422E+00      mt= 102
                     842060 to 842071  1.99532E-02      mt= 102
                     842060 to 822020  1.00006E-10      mt=  22
                     842060 to 822021  1.00002E-10      mt=  22
                     842060 to 822040  1.00000E-10      mt= 106
                     842060 to 822041  0.00000E+00      mt= 106
                     842060 to 822030  1.00131E-10      mt= 107
                     842060 to 822031  1.00016E-10      mt= 107
                     842060 to 822032  1.00000E-10      mt= 107
                     842060 to 842050  1.01739E-11      mt=  16
                     842060 to 832050  2.83194E-14      mt=  28
                     842060 to 832060  1.01026E-10      mt= 103
                     842060 to 832040  0.00000E+00      mt= 105
                     842060 to 822050  7.55334E-15      mt= 111
                     842060 tot-cap    4.66418E+00
                     842070 to 822030  1.00006E-10      mt=  22
                     842070 to 822031  1.00004E-10      mt=  22
                     842070 to 822032  1.00000E-10      mt=  22
                     842070 to 832070  1.01030E-10      mt= 103
                     842070 to 832071  1.00015E-10      mt= 103
                     842070 to 822040  1.00376E-10      mt= 107
                     842070 to 822041  1.00020E-10      mt= 107
                     842070 to 842060  1.04760E-10      mt=  16
                     842070 to 832060  2.48227E-14      mt=  28
                     842070 to 832050  0.00000E+00      mt=  32
                     842070 to 842080  6.33004E+00      mt= 102
                     842070 to 822050  5.72112E-14      mt= 106
                     842070 to 822060  1.00000E-10      mt= 111
                     842070 tot-cap    6.33004E+00
                     842080 to 842070  1.03511E-11      mt=  16
                     842080 to 842071  1.83370E-13      mt=  16
                     842080 to 822040  1.00002E-10      mt=  22
                     842080 to 822041  1.00001E-10      mt=  22
                     842080 to 832070  1.59743E-14      mt=  28
                     842080 to 832071  0.00000E+00      mt=  28
                     842080 to 832080  1.00580E-10      mt= 103
                     842080 to 832081  1.00013E-10      mt= 103
                     842080 to 822070  0.00000E+00      mt= 111
                     842080 to 822071  0.00000E+00      mt= 111
                     842080 to 842090  3.18186E+00      mt= 102
                     842080 to 832060  0.00000E+00      mt= 105
                     842080 to 822060  3.13952E-14      mt= 106
                     842080 to 822050  1.00098E-10      mt= 107
                     842080 tot-cap    3.18186E+00
                     842090 to 832080  1.18262E-14      mt=  28
                     842090 to 832081  0.00000E+00      mt=  28
                     842090 to 832070  0.00000E+00      mt=  32
                     842090 to 832071  0.00000E+00      mt= 105
                     842090 to 822070  1.75471E-14      mt= 106
                     842090 to 822071  0.00000E+00      mt= 106
                     842090 to 842080  9.28868E-11      mt=  16
                     842090 to 822050  1.00012E-10      mt=  22
                     842090 to 842100  3.17062E+00      mt= 102
                     842090 to 832090  1.00468E-10      mt= 103
                     842090 to 822060  1.00199E-10      mt= 107
                     842090 to 822080  6.18671E-15      mt= 111
                     842090 tot-cap    3.17062E+00
                     842100 to 842110  2.37744E-02      mt= 102
                     842100 to 842111  3.79575E-04      mt= 102
                     842100 to 832100  3.00525E-13      mt= 103
                     842100 to 832101  1.07015E-14      mt= 103
                     842100 to 832080  0.00000E+00      mt= 105
                     842100 to 832081  0.00000E+00      mt= 105
                     842100 to 822070  1.12704E-03      mt= 107
                     842100 to 822071  4.83018E-04      mt= 107
                     842100 to 842090  4.14001E-11      mt=  16
                     842100 to 822060  1.00002E-10      mt=  22
                     842100 to 832090  9.71477E-15      mt=  28
                     842100 to 822080  1.42640E-14      mt= 106
                     842100 to 822090  0.00000E+00      mt= 111
                     842100 tot-cap    2.57640E-02
                     862110 to 862100  1.02977E-11      mt=  16
                     862110 fission    4.50172E-08
                     862110 to 862120  7.94621E-01      mt= 102
                     862110 to 852110  2.54394E-10      mt= 103
                     862110 to 842080  1.00000E-10      mt= 107
                     862110 tot-cap    7.94622E-01
                     862220 to 862210  8.46829E-11      mt=  16
                     862220 fission    5.03775E-06
                     862220 to 862230  5.79834E-01      mt= 102
                     862220 to 852220  0.00000E+00      mt= 103
                     862220 to 842190  1.00001E-10      mt= 107
                     862220 tot-cap    5.79839E-01
                     882230 to 882220  7.17607E-10      mt=  16
                     882230 fission    5.64025E-01
                     882230 to 882240  1.19537E+02      mt= 102
                     882230 to 872230  2.60474E-14      mt= 103
                     882230 to 862200  1.00006E-10      mt= 107
                     882230 tot-cap    1.20101E+02
                     882240 to 882230  2.34001E-10      mt=  16
                     882240 fission    1.44955E-03
                     882240 to 882250  2.29360E+01      mt= 102
                     882240 to 872240  6.70399E-15      mt= 103
                     882240 to 862210  1.00001E-10      mt= 107
                     882240 tot-cap    2.29375E+01
                     882250 to 882240  9.16559E-10      mt=  16
                     882250 fission    8.05280E+00
                     882250 to 882260  8.64164E+01      mt= 102
                     882250 to 872250  1.59602E-14      mt= 103
                     882250 to 862220  1.00002E-10      mt= 107
                     882250 tot-cap    9.44692E+01
                     882260 to 882250  2.57852E-10      mt=  16
                     882260 fission    4.02576E-05
                     882260 to 882270  3.55433E+01      mt= 102
                     882260 to 872260  3.75098E-15      mt= 103
                     882260 to 862230  1.00001E-10      mt= 107
                     882260 tot-cap    3.55433E+01
                     882280 to 882270  5.73115E-11      mt=  16
                     882280 fission    1.61054E+00
                     882280 to 882290  2.89923E+01      mt= 102
                     882280 to 872280  0.00000E+00      mt= 103
                     882280 to 862250  1.00000E-10      mt= 107
                     882280 tot-cap    3.06028E+01
                     892250 to 892240  1.95043E-10      mt=  16
                     892250 fission    1.44955E-03
                     892250 to 892260  8.84227E+02      mt= 102
                     892250 to 882250  1.00022E-10      mt= 103
                     892250 to 872220  1.00003E-10      mt= 107
                     892250 tot-cap    8.84228E+02
                     892260 to 892250  5.50097E-10      mt=  16
                     892260 fission    5.39546E+02
                     892260 to 892270  2.09441E+02      mt= 102
                     892260 to 882260  1.00042E-10      mt= 103
                     892260 to 872230  1.00003E-10      mt= 107
                     892260 tot-cap    7.48988E+02
                     892270 to 892260  2.24631E-10      mt=  16
                     892270 fission    2.33709E-04
                     892270 to 892280  7.37025E+02      mt= 102
                     892270 to 882270  1.16769E-14      mt= 103
                     892270 to 872240  1.00001E-10      mt= 107
                     892270 tot-cap    7.37025E+02
                     902270 to 902260  4.06142E-10      mt=  16
                     902270 fission    3.21115E+02
                     902270 to 902280  1.29149E+03      mt= 102
                     902270 to 892270  1.00047E-10      mt= 103
                     902270 to 882240  1.00005E-10      mt= 107
                     902270 tot-cap    1.61261E+03
                     902280 to 902270  5.48514E-11      mt=  16
                     902280 fission    2.41568E-01
                     902280 to 902290  1.41018E+02      mt= 102
                     902280 to 892280  9.02095E-15      mt= 103
                     902280 to 882250  1.00002E-10      mt= 107
                     902280 tot-cap    1.41259E+02
                     902290 to 902280  5.21512E-10      mt=  16
                     902290 fission    5.00793E+01
                     902290 to 902300  1.49255E+02      mt= 102
                     902290 to 892290  1.82677E-14      mt= 103
                     902290 to 882260  1.00003E-10      mt= 107
                     902290 tot-cap    1.99334E+02
                     902300 to 902290  1.51112E-10      mt=  16
                     902300 fission    4.03234E-04
                     902300 to 902310  7.10616E+01      mt= 102
                     902300 to 892300  5.88779E-15      mt= 103
                     902300 to 882270  1.00011E-10      mt= 107
                     902300 tot-cap    7.10620E+01
                     902310 to 902300  2.97719E-10      mt=  16
                     902310 fission    8.05289E+01
                     902310 to 902320  8.67578E+00      mt= 102
                     902310 to 892310  1.19179E-14      mt= 103
                     902310 to 882280  1.00001E-10      mt= 107
                     902310 tot-cap    8.92047E+01
                     902320 to 902310  1.35485E-10      mt=  16
                     902320 fission    3.73921E-06
                     902320 to 902330  6.02405E+00      mt= 102
                     902320 to 892320  3.20052E-15      mt= 103
                     902320 to 882290  8.05029E-04      mt= 107
                     902320 tot-cap    6.02486E+00
                     902340 to 902330  2.06465E-10      mt=  16
                     902340 fission    8.05299E-03
                     902340 to 902350  1.61949E+00      mt= 102
                     902340 to 892340  0.00000E+00      mt= 103
                     902340 to 882310  1.00000E-10      mt= 107
                     902340 tot-cap    1.62754E+00
                     912280 to 912270  4.74856E-11      mt=  16
                     912280 fission    9.66337E+02
                     912280 to 912290  1.84746E+01      mt= 102
                     912280 to 902280  1.00004E-10      mt= 103
                     912280 to 892250  1.00008E-10      mt= 107
                     912280 tot-cap    9.84811E+02
                     912290 to 912280  2.28574E-12      mt=  16
                     912290 fission    2.41585E+00
                     912290 to 912300  1.38347E+01      mt= 102
                     912290 to 902290  1.00000E-10      mt= 103
                     912290 to 892260  1.00003E-10      mt= 107
                     912290 tot-cap    1.62506E+01
                     912300 to 912290  1.83452E-11      mt=  16
                     912300 fission    1.24772E+03
                     912300 to 912310  1.20807E+03      mt= 102
                     912300 to 902300  1.00001E-10      mt= 103
                     912300 to 892270  1.00003E-10      mt= 107
                     912300 tot-cap    2.45579E+03
                     912310 to 912300  4.85004E-11      mt=  16
                     912310 fission    2.39678E-02
                     912310 to 912320  2.83179E+02      mt= 102
                     912310 to 902310  1.00021E-10      mt= 103
                     912310 to 892280  1.00001E-10      mt= 107
                     912310 tot-cap    2.83203E+02
                     912320 to 912310  2.76714E-10      mt=  16
                     912320 fission    7.45374E+02
                     912320 to 912330  3.72459E+02      mt= 102
                     912320 to 902320  1.00030E-10      mt= 103
                     912320 to 892290  1.00001E-10      mt= 107
                     912320 tot-cap    1.11783E+03
                     912330 to 912340  3.14685E+01      mt= 102
                     912330 to 912341  3.31485E+01      mt= 102
                     912330 to 912320  3.90599E-11      mt=  16
                     912330 fission    8.05365E-02
                     912330 to 902330  1.06251E-14      mt= 103
                     912330 to 892300  1.00001E-10      mt= 107
                     912330 tot-cap    6.46976E+01
                     922300 to 922290  9.95755E-14      mt=  16
                     922300 fission    2.05786E+01
                     922300 to 922310  9.42250E+00      mt= 102
                     922300 to 912300  1.00001E-10      mt= 103
                     922300 to 902270  1.00004E-10      mt= 107
                     922300 tot-cap    3.00011E+01
                     922310 to 922300  3.20160E-12      mt=  16
                     922310 fission    4.01185E+02
                     922310 to 922320  1.52514E+01      mt= 102
                     922310 to 912310  1.00002E-10      mt= 103
                     922310 to 902280  1.00005E-10      mt= 107
                     922310 tot-cap    4.16436E+02
                     922320 to 922310  5.77887E-11      mt=  16
                     922320 fission    6.05856E+01
                     922320 to 922330  5.72172E+01      mt= 102
                     922320 to 912320  1.15696E-14      mt= 103
                     922320 to 902290  1.00002E-10      mt= 107
                     922320 tot-cap    1.17803E+02
                     922330 to 922320  9.36010E-11      mt=  16
                     922330 fission    4.43511E+02
                     922330 to 922340  4.22472E+01      mt= 102
                     922330 to 912330  1.00030E-10      mt= 103
                     922330 to 902300  1.61006E-04      mt= 107
                     922330 tot-cap    4.85758E+02
                     922340 to 922350  4.28740E+01      mt= 102
                     922340 to 922351  4.28740E+01      mt= 102
                     922340 to 912340  5.33161E-15      mt= 103
                     922340 to 912341  0.00000E+00      mt= 103
                     922340 to 922330  4.07056E-11      mt=  16
                     922340 fission    3.63554E-01
                     922340 to 902310  1.00001E-10      mt= 107
                     922340 tot-cap    8.61116E+01
                     922350 to 922340  1.19684E-10      mt=  16
                     922350 fission    4.56984E+02
                     922350 to 922360  8.24375E+01      mt= 102
                     922350 to 912350  8.86067E-15      mt= 103
                     922350 to 902320  8.05029E-05      mt= 107
                     922350 tot-cap    5.39422E+02
                     922360 to 922350  6.23207E-11      mt=  16
                     922360 to 922351  1.55800E-11      mt=  16
                     922360 fission    6.04813E-02
                     922360 to 922370  6.00843E+00      mt= 102
                     922360 to 912360  0.00000E+00      mt= 103
                     922360 to 902330  1.00001E-10      mt= 107
                     922360 tot-cap    6.06891E+00
                     922370 to 922360  2.49016E-10      mt=  16
                     922370 fission    1.67639E+00
                     922370 to 922380  3.95000E+02      mt= 102
                     922370 to 912370  4.59445E-15      mt= 103
                     922370 to 902340  1.00001E-10      mt= 107
                     922370 tot-cap    3.96676E+02
                     922380 to 922370  1.37969E-10      mt=  16
                     922380 fission    1.12563E-05
                     922380 to 922390  4.60325E+00      mt= 102
                     922380 to 902350  1.12704E-06      mt= 107
                     922380 tot-cap    4.60326E+00
                     922400 to 922390  2.58197E-10      mt=  16
                     922400 fission    6.21708E-08
                     922400 to 922410  8.35377E+00      mt= 102
                     922400 tot-cap    8.35377E+00
                     932340 to 932330  3.11204E-11      mt=  16
                     932340 fission    7.52432E+02
                     932340 to 932350  1.95327E+01      mt= 102
                     932340 to 922340  1.00002E-10      mt= 103
                     932340 to 912310  1.00004E-10      mt= 107
                     932340 tot-cap    7.71964E+02
                     932350 to 932360  6.29198E+01      mt= 102
                     932350 to 932361  9.43796E+01      mt= 102
                     932350 to 922350  1.00000E-10      mt= 103
                     932350 to 922351  1.00000E-10      mt= 103
                     932350 to 932340  3.92777E-12      mt=  16
                     932350 fission    4.02641E+00
                     932350 to 912320  1.00002E-10      mt= 107
                     932350 tot-cap    1.61326E+02
                     932360 to 932350  8.23933E-11      mt=  16
                     932360 fission    4.12002E+03
                     932360 to 932370  1.69203E+01      mt= 102
                     932360 to 922360  1.00000E-10      mt= 103
                     932360 to 912330  1.00002E-10      mt= 107
                     932360 tot-cap    4.13694E+03
                     932370 to 932360  3.61370E-12      mt=  16
                     932370 to 932361  1.32754E-11      mt=  16
                     932370 to 912340  1.00001E-10      mt= 107
                     932370 to 912341  1.00000E-10      mt= 107
                     932370 fission    1.55350E-02
                     932370 to 932380  1.84617E+02      mt= 102
                     932370 to 922370  1.00002E-10      mt= 103
                     932370 tot-cap    1.84632E+02
                     932380 to 932370  1.51499E-10      mt=  16
                     932380 fission    1.60846E+03
                     932380 to 932390  1.61300E+02      mt= 102
                     932380 to 922380  1.00017E-10      mt= 103
                     932380 to 912350  1.00001E-10      mt= 107
                     932380 tot-cap    1.76976E+03
                     932390 to 932400  2.30550E+01      mt= 102
                     932390 to 932401  4.07844E+01      mt= 102
                     932390 to 932380  3.49790E-11      mt=  16
                     932390 fission    8.05366E-01
                     932390 to 922390  0.00000E+00      mt= 103
                     932390 to 912360  1.00001E-10      mt= 107
                     932390 tot-cap    6.46447E+01
                     942360 to 942370  6.47172E+01      mt= 102
                     942360 to 942371  6.47172E+01      mt= 102
                     942360 to 932360  1.00017E-10      mt= 103
                     942360 to 932361  1.00008E-10      mt= 103
                     942360 to 942350  1.98474E-11      mt=  16
                     942360 fission    1.29434E+02
                     942360 to 922330  1.00002E-10      mt= 107
                     942360 tot-cap    2.58869E+02
                     942370 to 942360  1.92600E-11      mt=  16
                     942370 fission    3.65125E+03
                     942370 to 942380  4.34325E+02      mt= 102
                     942370 to 932370  1.00035E-10      mt= 103
                     942370 to 922340  1.00004E-10      mt= 107
                     942370 tot-cap    4.08558E+03
                     942380 to 942370  4.15124E-12      mt=  16
                     942380 to 942371  1.03470E-12      mt=  16
                     942380 to 922350  1.00001E-10      mt= 107
                     942380 to 922351  1.00000E-10      mt= 107
                     942380 fission    1.32294E+01
                     942380 to 942390  4.11868E+02      mt= 102
                     942380 to 932380  8.82245E-15      mt= 103
                     942380 tot-cap    4.25097E+02
                     942390 to 942380  2.86335E-11      mt=  16
                     942390 fission    7.64850E+02
                     942390 to 942400  3.41959E+02      mt= 102
                     942390 to 932390  1.00009E-10      mt= 103
                     942390 to 922360  2.41509E-04      mt= 107
                     942390 tot-cap    1.10681E+03
                     942400 to 932400  0.00000E+00      mt= 103
                     942400 to 932401  0.00000E+00      mt= 103
                     942400 to 942390  3.08761E-11      mt=  16
                     942400 fission    5.22418E-01
                     942400 to 942410  2.92841E+03      mt= 102
                     942400 to 922370  2.41509E-04      mt= 107
                     942400 tot-cap    2.92893E+03
                     942410 to 942400  2.47107E-10      mt=  16
                     942410 fission    9.00284E+02
                     942410 to 942420  3.32460E+02      mt= 102
                     942410 to 932410  6.13090E-15      mt= 103
                     942410 to 922380  1.00001E-10      mt= 107
                     942410 tot-cap    1.23274E+03
                     942420 to 932420  0.00000E+00      mt= 103
                     942420 to 932421  0.00000E+00      mt= 103
                     942420 to 942410  6.08613E-11      mt=  16
                     942420 fission    3.83819E-02
                     942420 to 942430  5.46963E+01      mt= 102
                     942420 to 922390  1.00000E-10      mt= 107
                     942420 tot-cap    5.47347E+01
                     942440 to 942430  2.21121E-10      mt=  16
                     942440 fission    7.08342E-02
                     942440 to 942450  1.65989E+00      mt= 102
                     942440 to 932440  8.09544E-15      mt= 103
                     942440 to 922410  1.00000E-10      mt= 107
                     942440 tot-cap    1.73073E+00
                     942460 to 942450  1.13139E-10      mt=  16
                     942460 fission    2.82095E-04
                     942460 to 942470  3.82823E+02      mt= 102
                     942460 to 932460  6.99875E-15      mt= 103
                     942460 to 922430  1.00047E-10      mt= 107
                     942460 tot-cap    3.82823E+02
                     942470 to 942460  2.73361E-10      mt=  16
                     942470 fission    3.25354E-06
                     942470 tot-cap    3.25381E-06
                     952400 to 952390  2.91372E-12      mt=  16
                     952400 fission    2.27895E+03
                     952400 to 952410  1.73477E+01      mt= 102
                     952400 to 942400  1.00001E-10      mt= 103
                     952400 to 932370  1.00003E-10      mt= 107
                     952400 tot-cap    2.29630E+03
                     952410 to 952420  6.62837E+02      mt= 102
                     952410 to 952421  7.41349E+01      mt= 102
                     952410 to 952400  1.43599E-11      mt=  16
                     952410 fission    4.47938E+00
                     952410 to 942410  1.00004E-10      mt= 103
                     952410 to 932380  1.00001E-10      mt= 107
                     952410 tot-cap    7.41452E+02
                     952420 to 952410  4.49864E-11      mt=  16
                     952420 fission    2.16840E+03
                     952420 to 952430  2.73633E+02      mt= 102
                     952420 to 942420  1.00023E-10      mt= 103
                     952420 to 932390  1.00001E-10      mt= 107
                     952420 tot-cap    2.44203E+03
                     952421 to 952410  1.23915E-10      mt=  16
                     952421 fission    5.86137E+03
                     952421 to 952430  1.48888E+03      mt= 102
                     952421 to 942420  1.00023E-10      mt= 103
                     952421 to 932390  1.00001E-10      mt= 107
                     952421 tot-cap    7.35025E+03
                     952430 to 952440  1.18105E+01      mt= 102
                     952430 to 952441  1.77103E+02      mt= 102
                     952430 to 952420  1.77277E-11      mt=  16
                     952430 to 952421  2.88915E-11      mt=  16
                     952430 to 932400  1.00001E-10      mt= 107
                     952430 to 932401  1.00000E-10      mt= 107
                     952430 fission    1.67193E-01
                     952430 to 942430  1.00002E-10      mt= 103
                     952430 tot-cap    1.89081E+02
                     962400 to 942370  1.00003E-10      mt= 107
                     962400 to 942371  1.00001E-10      mt= 107
                     962400 to 962390  2.42111E-13      mt=  16
                     962400 fission    1.69109E+01
                     962400 to 962410  1.04682E+01      mt= 102
                     962400 to 952400  1.00001E-10      mt= 103
                     962400 tot-cap    2.73791E+01
                     962410 to 962400  4.85961E-12      mt=  16
                     962410 fission    2.09457E+03
                     962410 to 962420  2.01704E+02      mt= 102
                     962410 to 952410  1.00050E-10      mt= 103
                     962410 to 942380  1.00004E-10      mt= 107
                     962410 tot-cap    2.29628E+03
                     962420 to 952420  1.00000E-10      mt= 103
                     962420 to 952421  1.00000E-10      mt= 103
                     962420 to 962410  1.36138E-11      mt=  16
                     962420 fission    4.04166E+00
                     962420 to 962430  1.32631E+01      mt= 102
                     962420 to 942390  1.00002E-10      mt= 107
                     962420 tot-cap    1.73048E+01
                     962430 to 962420  1.62565E-10      mt=  16
                     962430 fission    5.62842E+02
                     962430 to 962440  9.56689E+01      mt= 102
                     962430 to 952430  1.00001E-10      mt= 103
                     962430 to 942400  1.00002E-10      mt= 107
                     962430 tot-cap    6.58510E+02
                     962440 to 952440  0.00000E+00      mt= 103
                     962440 to 952441  0.00000E+00      mt= 103
                     962440 to 962430  3.93930E-11      mt=  16
                     962440 fission    8.19859E-01
                     962440 to 962450  1.44022E+01      mt= 102
                     962440 to 942410  1.00001E-10      mt= 107
                     962440 tot-cap    1.52221E+01
                     962450 to 962440  1.94764E-10      mt=  16
                     962450 fission    1.53363E+03
                     962450 to 962460  2.60845E+02      mt= 102
                     962450 to 952450  1.14853E-14      mt= 103
                     962450 to 942420  1.00001E-10      mt= 107
                     962450 tot-cap    1.79448E+03
                     962460 to 952460  0.00000E+00      mt= 103
                     962460 to 952461  0.00000E+00      mt= 103
                     962460 to 962450  4.76396E-11      mt=  16
                     962460 fission    1.30546E-01
                     962460 to 962470  1.50955E+00      mt= 102
                     962460 to 942430  1.00001E-10      mt= 107
                     962460 tot-cap    1.64010E+00
                     962470 to 962460  1.39805E-10      mt=  16
                     962470 fission    1.17608E+02
                     962470 to 962480  9.52136E+01      mt= 102
                     962470 to 952470  0.00000E+00      mt= 103
                     962470 to 942440  1.00001E-10      mt= 107
                     962470 tot-cap    2.12822E+02
                     962480 to 962470  8.44034E-11      mt=  16
                     962480 fission    3.53660E-01
                     962480 to 962490  3.00547E+00      mt= 102
                     962480 to 942450  1.00000E-10      mt= 107
                     962480 tot-cap    3.35913E+00
                     962490 to 962480  3.08707E-10      mt=  16
                     962490 fission    1.21680E+00
                     962490 to 962500  2.33360E+00      mt= 102
                     962490 to 952490  8.80120E-14      mt= 103
                     962490 to 942460  1.00001E-10      mt= 107
                     962490 tot-cap    3.55040E+00
                     962500 to 962490  1.29329E-10      mt=  16
                     962500 fission    1.70613E-03
                     962500 to 962510  8.99520E+01      mt= 102
                     962500 to 952500  2.30526E-14      mt= 103
                     962500 to 942470  1.00334E-10      mt= 107
                     962500 tot-cap    8.99538E+01
                     972450 to 952420  1.00001E-10      mt= 107
                     972450 to 952421  1.00001E-10      mt= 107
                     972450 to 972440  3.06242E-12      mt=  16
                     972450 fission    1.44950E+01
                     972450 to 972460  3.10515E+01      mt= 102
                     972450 to 962450  1.00000E-10      mt= 103
                     972450 tot-cap    4.55466E+01
                     972460 to 972450  1.89682E-11      mt=  16
                     972460 fission    2.48431E+03
                     972460 to 972470  3.09364E+01      mt= 102
                     972460 to 962460  1.00000E-10      mt= 103
                     972460 to 952430  1.00002E-10      mt= 107
                     972460 tot-cap    2.51525E+03
                     972470 to 972480  1.24206E+01      mt= 102
                     972470 to 972481  1.86309E+01      mt= 102
                     972470 to 952440  1.00000E-10      mt= 107
                     972470 to 952441  1.00000E-10      mt= 107
                     972470 to 972460  7.48315E-12      mt=  16
                     972470 fission    2.81849E+00
                     972470 to 962470  1.00000E-10      mt= 103
                     972470 tot-cap    3.38701E+01
                     972480 to 972470  5.58534E-11      mt=  16
                     972480 fission    5.75769E+02
                     972480 to 972490  3.09365E+01      mt= 102
                     972480 to 962480  1.00000E-10      mt= 103
                     972480 to 952450  1.00001E-10      mt= 107
                     972480 tot-cap    6.06705E+02
                     972481 to 972470  5.58534E-11      mt=  16
                     972481 fission    5.75769E+02
                     972481 to 972490  3.09365E+01      mt= 102
                     972481 to 962480  1.00000E-10      mt= 103
                     972481 to 952450  1.00001E-10      mt= 107
                     972481 tot-cap    6.06705E+02
                     972490 to 972480  1.46422E-10      mt=  16
                     972490 to 972481  6.56338E-11      mt=  16
                     972490 to 952460  1.00000E-10      mt= 107
                     972490 to 952461  1.00000E-10      mt= 107
                     972490 fission    7.02621E+00
                     972490 to 972500  1.25764E+03      mt= 102
                     972490 to 962490  0.00000E+00      mt= 103
                     972490 tot-cap    1.26467E+03
                     972500 to 972490  2.83363E-10      mt=  16
                     972500 fission    7.32235E+02
                     972500 to 972510  2.69774E+02      mt= 102
                     972500 to 962500  1.00000E-10      mt= 103
                     972500 to 952470  1.00001E-10      mt= 107
                     972500 tot-cap    1.00201E+03
                     982460 to 982450  2.92006E-12      mt=  16
                     982460 fission    1.53004E+00
                     982460 to 982470  3.09364E+01      mt= 102
                     982460 to 972460  1.00000E-10      mt= 103
                     982460 to 962430  1.00003E-10      mt= 107
                     982460 tot-cap    3.24664E+01
                     982480 to 972480  2.08062E-13      mt= 103
                     982480 to 972481  3.85534E-13      mt= 103
                     982480 to 982470  5.34976E-12      mt=  16
                     982480 fission    4.02639E+01
                     982480 to 982490  3.09365E+01      mt= 102
                     982480 to 962450  1.00002E-10      mt= 107
                     982480 tot-cap    7.12004E+01
                     982490 to 982480  2.34263E-10      mt=  16
                     982490 fission    1.47039E+03
                     982490 to 982500  4.49379E+02      mt= 102
                     982490 to 972490  1.00000E-10      mt= 103
                     982490 to 962460  1.00002E-10      mt= 107
                     982490 tot-cap    1.91977E+03
                     982500 to 982490  1.07915E-10      mt=  16
                     982500 fission    2.17813E+02
                     982500 to 982510  2.47586E+03      mt= 102
                     982500 to 972500  2.05044E-14      mt= 103
                     982500 to 962470  1.00001E-10      mt= 107
                     982500 tot-cap    2.69368E+03
                     982510 to 982500  4.08851E-10      mt=  16
                     982510 fission    4.59761E+03
                     982510 to 982520  2.36148E+03      mt= 102
                     982510 to 972510  1.64293E-13      mt= 103
                     982510 to 962480  1.00001E-10      mt= 107
                     982510 tot-cap    6.95909E+03
                     982520 to 982510  5.07689E-11      mt=  16
                     982520 fission    2.94193E+01
                     982520 to 982530  1.61298E+01      mt= 102
                     982520 to 972520  8.86653E-15      mt= 103
                     982520 to 962490  1.00001E-10      mt= 107
                     982520 tot-cap    4.55491E+01
                     982530 to 982520  1.30725E-10      mt=  16
                     982530 fission    1.02789E+03
                     982530 to 982540  1.45305E+01      mt= 102
                     982530 to 972530  6.94307E-14      mt= 103
                     982530 to 962500  1.00001E-10      mt= 107
                     982530 tot-cap    1.04243E+03
                     982540 to 982530  7.18641E-11      mt=  16
                     982540 fission    1.61181E+00
                     982540 to 982550  3.61983E+00      mt= 102
                     982540 to 972540  1.79776E-12      mt= 103
                     982540 to 962510  1.04191E-10      mt= 107
                     982540 tot-cap    5.23164E+00
                     992510 to 992500  6.52625E-12      mt=  16
                     992510 to 992501  2.98968E-12      mt=  16
                     992510 to 972480  1.00000E-10      mt= 107
                     992510 to 972481  1.00000E-10      mt= 107
                     992510 fission    8.05280E+01
                     992510 to 992520  3.10517E+01      mt= 102
                     992510 to 982510  1.00000E-10      mt= 103
                     992510 tot-cap    1.11580E+02
                     992520 to 992510  9.07915E-11      mt=  16
                     992520 fission    3.86536E+03
                     992520 to 992530  3.09366E+01      mt= 102
                     992520 to 972490  1.00002E-10      mt= 107
                     992520 tot-cap    3.89629E+03
                     992530 to 992540  2.37568E+01      mt= 102
                     992530 to 992541  7.18644E+02      mt= 102
                     992530 to 992520  2.56924E-11      mt=  16
                     992530 fission    3.86536E+03
                     992530 to 982530  1.00000E-10      mt= 103
                     992530 to 972500  1.00001E-10      mt= 107
                     992530 tot-cap    4.60776E+03
                     992540 to 992530  1.98569E-10      mt=  16
                     992540 fission    1.56691E+03
                     992540 to 992550  2.25680E+01      mt= 102
                     992540 to 982540  1.00000E-10      mt= 103
                     992540 to 972510  1.00001E-10      mt= 107
                     992540 tot-cap    1.58947E+03
                     992541 to 992530  1.98709E-10      mt=  16
                     992541 fission    1.31474E+03
                     992541 to 992550  1.48182E+03      mt= 102
                     992541 to 982540  1.00000E-10      mt= 103
                     992541 to 972510  1.00001E-10      mt= 107
                     992541 tot-cap    2.79656E+03
                     992550 to 992560  6.74038E+01      mt= 102
                     992550 to 992561  1.12324E+00      mt= 102
                     992550 to 992540  2.32798E-11      mt=  16
                     992550 to 992541  3.48095E-11      mt=  16
                     992550 fission    1.15161E+01
                     992550 to 982550  1.00000E-10      mt= 103
                     992550 to 972520  1.00001E-10      mt= 107
                     992550 tot-cap    8.00431E+01
                    1002520 to1002510  4.00005E-12      mt=  16
                    1002520 fission    3.14060E+01
                    1002520 to1002530  3.09366E+01      mt= 102
                    1002520 to 992520  1.00000E-10      mt= 103
                    1002520 to 982490  1.00002E-10      mt= 107
                    1002520 tot-cap    6.23426E+01
                    1002530 to1002520  6.82524E-11      mt=  16
                    1002530 fission    3.22113E+04
                    1002530 to1002540  3.30285E+01      mt= 102
                    1002530 to 992530  1.00000E-10      mt= 103
                    1002530 to 982500  1.00003E-10      mt= 107
                    1002530 tot-cap    3.22443E+04
                    1002550 to1002540  1.49828E-10      mt=  16
                    1002550 fission    2.76588E+03
                    1002550 to1002560  2.09437E+01      mt= 102
                    1002550 to 992550  1.00000E-10      mt= 103
                    1002550 to 982520  1.00002E-10      mt= 107
                    1002550 tot-cap    2.78682E+03
                    1002570 to1002560  4.94130E-10      mt=  16
                    1002570 fission    2.45209E+03
                    1002570 to1002580  3.30285E+01      mt= 102
                    1002570 to 992570  1.20654E-12      mt= 103
                    1002570 to 982540  1.00001E-10      mt= 107
                    1002570 tot-cap    2.48512E+03
 the reaction   80170 to   70170 is not used because   70170 is not in library 1
 the reaction  100210 to   90210 is not used because   90210 is not in library 1
 the reaction  110220 to   90180 is not used because   90180 is not in library 1
 the reaction  110240 to  100240 is not used because  100240 is not in library 1
 the reaction  110240 to   90210 is not used because   90210 is not in library 1
 the reaction  120260 to  110260 is not used because  110260 is not in library 1
 the reaction  120280 to  120290 is not used because  120290 is not in library 1
 the reaction  120280 to  100250 is not used because  100250 is not in library 1
 the reaction  140310 to  130310 is not used because  130310 is not in library 1
 the reaction  140320 to  140330 is not used because  140330 is not in library 1
 the reaction  140320 to  120290 is not used because  120290 is not in library 1
 the reaction  150330 to  140330 is not used because  140330 is not in library 1
 the reaction  160350 to  150350 is not used because  150350 is not in library 1
 the reaction  160360 to  150360 is not used because  150360 is not in library 1
 the reaction  160360 to  140330 is not used because  140330 is not in library 1
 the reaction  180390 to  170390 is not used because  170390 is not in library 1
 the reaction  180400 to  170400 is not used because  170400 is not in library 1
 the reaction  180410 to  170410 is not used because  170410 is not in library 1
 the reaction  180410 to  160380 is not used because  160380 is not in library 1
 the reaction  180420 to  180430 is not used because  180430 is not in library 1
 the reaction  180420 to  170420 is not used because  170420 is not in library 1
 the reaction  180420 to  160390 is not used because  160390 is not in library 1
 the reaction  190420 to  170390 is not used because  170390 is not in library 1
 the reaction  190430 to  170390 is not used because  170390 is not in library 1
 the reaction  190430 to  180430 is not used because  180430 is not in library 1
 the reaction  190430 to  170400 is not used because  170400 is not in library 1
 the reaction  200450 to  190450 is not used because  190450 is not in library 1
 the reaction  200460 to  190460 is not used because  190460 is not in library 1
 the reaction  200460 to  180430 is not used because  180430 is not in library 1
 the reaction  200470 to  190470 is not used because  190470 is not in library 1
 the reaction  200470 to  180440 is not used because  180440 is not in library 1
 the reaction  200480 to  180450 is not used because  180450 is not in library 1
 the reaction  210441 to  210430 is not used because  210430 is not in library 1
 the reaction  210480 to  190450 is not used because  190450 is not in library 1
 the reaction  220440 to  210430 is not used because  210430 is not in library 1
 the reaction  220450 to  210430 is not used because  210430 is not in library 1
 the reaction  220500 to  210501 is not used because  210501 is not in library 1
 the reaction  240480 to  230470 is not used because  230470 is not in library 1
 the reaction  260580 to  250581 is not used because  250581 is not in library 1
 the reaction  260590 to  250590 is not used because  250590 is not in library 1
 the reaction  260590 to  240560 is not used because  240560 is not in library 1
 the reaction  260600 to  240560 is not used because  240560 is not in library 1
 the reaction  260600 to  260610 is not used because  260610 is not in library 1
 the reaction  260600 to  250600 is not used because  250600 is not in library 1
 the reaction  260600 to  240570 is not used because  240570 is not in library 1
 the reaction  270550 to  250521 is not used because  250521 is not in library 1
 the reaction  270550 to  250510 is not used because  250510 is not in library 1
 the reaction  270560 to  250521 is not used because  250521 is not in library 1
 the reaction  280560 to  260520 is not used because  260520 is not in library 1
 the reaction  280560 to  260530 is not used because  260530 is not in library 1
 the reaction  280560 to  260531 is not used because  260531 is not in library 1
 the reaction  280570 to  260530 is not used because  260530 is not in library 1
 the reaction  280620 to  270621 is not used because  270621 is not in library 1
 the reaction  280630 to  270621 is not used because  270621 is not in library 1
 the reaction  280630 to  270630 is not used because  270630 is not in library 1
 the reaction  280640 to  270640 is not used because  270640 is not in library 1
 the reaction  280640 to  260610 is not used because  260610 is not in library 1
 the reaction  280660 to  260630 is not used because  260630 is not in library 1
 the reaction  280660 to  260630 is not used because  260630 is not in library 3
 the reaction  290650 to  270621 is not used because  270621 is not in library 1
 the reaction  290650 to  270621 is not used because  270621 is not in library 3
 the reaction  290670 to  270630 is not used because  270630 is not in library 1
 the reaction  290670 to  270630 is not used because  270630 is not in library 3
 the reaction  290670 to  270640 is not used because  270640 is not in library 1
 the reaction  290670 to  270640 is not used because  270640 is not in library 3
 the reaction  300720 to  300731 is not used because  300731 is not in library 1
 the reaction  300720 to  300731 is not used because  300731 is not in library 3
 the reaction  320760 to  300731 is not used because  300731 is not in library 1
 the reaction  320760 to  300731 is not used because  300731 is not in library 3
 the reaction  320770 to  300731 is not used because  300731 is not in library 1
 the reaction  320770 to  300731 is not used because  300731 is not in library 3
 the reaction  350760 to  350750 is not used because  350750 is not in library 1
 the reaction  350760 to  350750 is not used because  350760 is not in library 3
 the reaction  360760 to  350761 is not used because  350761 is not in library 1
 the reaction  360760 to  340731 is not used because  340731 is not in library 1
 the reaction  360760 to  340731 is not used because  360760 is not in library 3
 the reaction  360760 to  350750 is not used because  350750 is not in library 1
 the reaction  360760 to  350750 is not used because  360760 is not in library 3
 the reaction  370830 to  370841 is not used because  370841 is not in library 1
 the reaction  370830 to  370841 is not used because  370841 is not in library 3
 the reaction  380820 to  380831 is not used because  380831 is not in library 1
 the reaction  380820 to  370810 is not used because  370810 is not in library 1
 the reaction  380820 to  370810 is not used because  380820 is not in library 3
 the reaction  380820 to  370811 is not used because  370811 is not in library 1
 the reaction  380820 to  370821 is not used because  370821 is not in library 1
 the reaction  380830 to  370821 is not used because  370821 is not in library 1
 the reaction  380830 to  370821 is not used because  370821 is not in library 3
 the reaction  380840 to  370841 is not used because  370841 is not in library 1
 the reaction  380840 to  370841 is not used because  370841 is not in library 3
 the reaction  380850 to  370841 is not used because  370841 is not in library 1
 the reaction  380850 to  370841 is not used because  370841 is not in library 3
 the reaction  390860 to  390850 is not used because  390850 is not in library 1
 the reaction  390860 to  390850 is not used because  390860 is not in library 3
 the reaction  390860 to  390851 is not used because  390851 is not in library 1
 the reaction  390860 to  370821 is not used because  370821 is not in library 1
 the reaction  390860 to  370841 is not used because  370841 is not in library 1
 the reaction  390870 to  370841 is not used because  370841 is not in library 1
 the reaction  390870 to  370841 is not used because  370841 is not in library 3
 the reaction  390871 to  370841 is not used because  370841 is not in library 1
 the reaction  390871 to  370841 is not used because  370841 is not in library 3
 the reaction  390880 to  370841 is not used because  370841 is not in library 1
 the reaction  390880 to  370841 is not used because  370841 is not in library 3
 the reaction  400860 to  400871 is not used because  400871 is not in library 1
 the reaction  400860 to  390850 is not used because  390850 is not in library 1
 the reaction  400860 to  390850 is not used because  400860 is not in library 3
 the reaction  400860 to  390851 is not used because  390851 is not in library 1
 the reaction  400860 to  390861 is not used because  390861 is not in library 1
 the reaction  400860 to  380831 is not used because  380831 is not in library 1
 the reaction  410900 to  390861 is not used because  390861 is not in library 1
 the reaction  410900 to  390861 is not used because  390861 is not in library 3
 the reaction  430950 to  430961 is not used because  430961 is not in library 1
 the reaction  430950 to  430961 is not used because  430961 is not in library 3
 the reaction  430951 to  430961 is not used because  430961 is not in library 1
 the reaction  430951 to  430961 is not used because  430961 is not in library 3
 the reaction  430951 to  430940 is not used because  430940 is not in library 1
 the reaction  430951 to  430940 is not used because  430940 is not in library 3
 the reaction  430970 to  430961 is not used because  430961 is not in library 1
 the reaction  430970 to  430961 is not used because  430961 is not in library 3
 the reaction  430971 to  430961 is not used because  430961 is not in library 1
 the reaction  430971 to  430961 is not used because  430961 is not in library 3
 the reaction  440960 to  430961 is not used because  430961 is not in library 1
 the reaction  440960 to  430961 is not used because  430961 is not in library 3
 the reaction  440960 to  430940 is not used because  430940 is not in library 1
 the reaction  440960 to  430940 is not used because  430940 is not in library 3
 the reaction  440960 to  430941 is not used because  430941 is not in library 1
 the reaction  440960 to  430941 is not used because  430941 is not in library 3
 the reaction  440970 to  430961 is not used because  430961 is not in library 1
 the reaction  440970 to  430961 is not used because  430961 is not in library 3
 the reaction  440980 to  430961 is not used because  430961 is not in library 1
 the reaction  440980 to  430961 is not used because  430961 is not in library 3
 the reaction  450990 to  451001 is not used because  451001 is not in library 1
 the reaction  450990 to  451001 is not used because  451001 is not in library 3
 the reaction  450990 to  430961 is not used because  430961 is not in library 1
 the reaction  450990 to  430961 is not used because  430961 is not in library 3
 the reaction  450991 to  451001 is not used because  451001 is not in library 1
 the reaction  450991 to  451001 is not used because  451001 is not in library 3
 the reaction  450991 to  430961 is not used because  430961 is not in library 1
 the reaction  450991 to  430961 is not used because  430961 is not in library 3
 the reaction  451000 to  430961 is not used because  430961 is not in library 1
 the reaction  451011 to  451001 is not used because  451001 is not in library 1
 the reaction  451011 to  451001 is not used because  451001 is not in library 3
 the reaction  461000 to  451001 is not used because  451001 is not in library 1
 the reaction  461010 to  451001 is not used because  451001 is not in library 1
 the reaction  461010 to  451001 is not used because  451001 is not in library 3
 the reaction  461020 to  451001 is not used because  451001 is not in library 1
 the reaction  461020 to  451001 is not used because  451001 is not in library 3
 the reaction  461120 to  461131 is not used because  461131 is not in library 1
 the reaction  461120 to  461131 is not used because  461131 is not in library 3
 the reaction  461120 to  441091 is not used because  441091 is not in library 1
 the reaction  461120 to  441091 is not used because  441091 is not in library 3
 the reaction  481060 to  471040 is not used because  471040 is not in library 1
 the reaction  481060 to  471040 is not used because  471040 is not in library 3
 the reaction  481060 to  471041 is not used because  471041 is not in library 1
 the reaction  481060 to  471041 is not used because  471041 is not in library 3
 the reaction  481140 to  471141 is not used because  471141 is not in library 1
 the reaction  481140 to  471141 is not used because  471141 is not in library 3
 the reaction  481150 to  471141 is not used because  471141 is not in library 1
 the reaction  481150 to  471141 is not used because  471141 is not in library 3
 the reaction  481160 to  461131 is not used because  461131 is not in library 1
 the reaction  481160 to  461131 is not used because  461131 is not in library 3
 the reaction  491150 to  491162 is not used because  491162 is not in library 1
 the reaction  491150 to  491162 is not used because  491162 is not in library 3
 the reaction  501160 to  491162 is not used because  491162 is not in library 1
 the reaction  501160 to  491162 is not used because  491162 is not in library 3
 the reaction  501171 to  491162 is not used because  491162 is not in library 1
 the reaction  501171 to  491162 is not used because  491162 is not in library 3
 the reaction  501180 to  491182 is not used because  491182 is not in library 1
 the reaction  501180 to  491182 is not used because  491182 is not in library 3
 the reaction  501200 to  491202 is not used because  491202 is not in library 1
 the reaction  501200 to  491202 is not used because  491202 is not in library 3
 the reaction  501211 to  491202 is not used because  491202 is not in library 1
 the reaction  501211 to  491202 is not used because  491202 is not in library 3
 the reaction  501230 to  491222 is not used because  491222 is not in library 1
 the reaction  501230 to  491222 is not used because  491222 is not in library 3
 the reaction  511190 to  491162 is not used because  491162 is not in library 1
 the reaction  511190 to  491162 is not used because  491162 is not in library 3
 the reaction  511201 to  491162 is not used because  491162 is not in library 1
 the reaction  511201 to  491162 is not used because  491162 is not in library 3
 the reaction  511201 to  491182 is not used because  491182 is not in library 1
 the reaction  511201 to  491182 is not used because  491182 is not in library 3
 the reaction  511210 to  491182 is not used because  491182 is not in library 1
 the reaction  511210 to  491182 is not used because  491182 is not in library 3
 the reaction  511220 to  491182 is not used because  491182 is not in library 1
 the reaction  511220 to  491182 is not used because  491182 is not in library 3
 the reaction  511220 to  491202 is not used because  491202 is not in library 1
 the reaction  511220 to  491202 is not used because  491202 is not in library 3
 the reaction  511230 to  511242 is not used because  511242 is not in library 1
 the reaction  511230 to  511242 is not used because  511242 is not in library 3
 the reaction  511230 to  491202 is not used because  491202 is not in library 1
 the reaction  511230 to  491202 is not used because  491202 is not in library 3
 the reaction  511240 to  491202 is not used because  491202 is not in library 1
 the reaction  511240 to  491202 is not used because  491202 is not in library 3
 the reaction  511250 to  511262 is not used because  511262 is not in library 1
 the reaction  511250 to  511262 is not used because  511262 is not in library 3
 the reaction  511250 to  511242 is not used because  511242 is not in library 1
 the reaction  511250 to  511242 is not used because  511242 is not in library 3
 the reaction  511250 to  491222 is not used because  491222 is not in library 1
 the reaction  511250 to  491222 is not used because  491222 is not in library 3
 the reaction  511260 to  491222 is not used because  491222 is not in library 1
 the reaction  511260 to  491222 is not used because  491222 is not in library 3
 the reaction  511270 to  511262 is not used because  511262 is not in library 1
 the reaction  511270 to  511262 is not used because  511262 is not in library 3
 the reaction  521191 to  511181 is not used because  511181 is not in library 1
 the reaction  521191 to  511181 is not used because  521191 is not in library 3
 the reaction  521191 to  511170 is not used because  511170 is not in library 1
 the reaction  521191 to  511170 is not used because  521191 is not in library 3
 the reaction  521240 to  511242 is not used because  511242 is not in library 1
 the reaction  521240 to  511242 is not used because  511242 is not in library 3
 the reaction  521250 to  511242 is not used because  511242 is not in library 1
 the reaction  521250 to  511242 is not used because  511242 is not in library 3
 the reaction  521251 to  511242 is not used because  511242 is not in library 1
 the reaction  521251 to  511242 is not used because  511242 is not in library 3
 the reaction  521260 to  511262 is not used because  511262 is not in library 1
 the reaction  521260 to  511262 is not used because  511262 is not in library 3
 the reaction  521260 to  511242 is not used because  511242 is not in library 1
 the reaction  521260 to  511242 is not used because  511242 is not in library 3
 the reaction  521270 to  511262 is not used because  511262 is not in library 1
 the reaction  521270 to  511262 is not used because  511262 is not in library 3
 the reaction  521271 to  511262 is not used because  511262 is not in library 1
 the reaction  521271 to  511262 is not used because  511262 is not in library 3
 the reaction  521280 to  511262 is not used because  511262 is not in library 1
 the reaction  521280 to  511262 is not used because  511262 is not in library 3
 the reaction  521311 to  511311 is not used because  511311 is not in library 1
 the reaction  521311 to  511311 is not used because  511311 is not in library 3
 the reaction  521320 to  511311 is not used because  511311 is not in library 1
 the reaction  521320 to  511311 is not used because  511311 is not in library 3
 the reaction  531260 to  511242 is not used because  511242 is not in library 1
 the reaction  531260 to  511242 is not used because  511242 is not in library 3
 the reaction  531270 to  511242 is not used because  511242 is not in library 1
 the reaction  531270 to  511242 is not used because  511242 is not in library 3
 the reaction  531280 to  511242 is not used because  511242 is not in library 1
 the reaction  531280 to  511242 is not used because  511242 is not in library 3
 the reaction  531280 to  511262 is not used because  511262 is not in library 1
 the reaction  531280 to  511262 is not used because  511262 is not in library 3
 the reaction  531290 to  511262 is not used because  511262 is not in library 1
 the reaction  531290 to  511262 is not used because  511262 is not in library 3
 the reaction  531300 to  511262 is not used because  511262 is not in library 1
 the reaction  531300 to  511262 is not used because  511262 is not in library 3
 the reaction  541220 to  531201 is not used because  531201 is not in library 1
 the reaction  541220 to  531210 is not used because  531210 is not in library 1
 the reaction  541220 to  531210 is not used because  541220 is not in library 3
 the reaction  561280 to  561291 is not used because  561291 is not in library 1
 the reaction  561280 to  551270 is not used because  551270 is not in library 1
 the reaction  561280 to  551270 is not used because  561280 is not in library 3
 the reaction  571350 to  571361 is not used because  571361 is not in library 1
 the reaction  571350 to  571361 is not used because  571361 is not in library 3
 the reaction  571370 to  571361 is not used because  571361 is not in library 1
 the reaction  571370 to  571361 is not used because  571361 is not in library 3
 the reaction  581340 to  581351 is not used because  581351 is not in library 1
 the reaction  581340 to  571321 is not used because  571321 is not in library 1
 the reaction  581340 to  571330 is not used because  571330 is not in library 1
 the reaction  581340 to  571330 is not used because  581340 is not in library 3
 the reaction  581360 to  571361 is not used because  571361 is not in library 1
 the reaction  581371 to  571361 is not used because  571361 is not in library 1
 the reaction  601400 to  591380 is not used because  591380 is not in library 1
 the reaction  601400 to  591380 is not used because  591380 is not in library 3
 the reaction  611510 to  611522 is not used because  611522 is not in library 1
 the reaction  611510 to  611522 is not used because  611522 is not in library 3
 the reaction  621440 to  611420 is not used because  611420 is not in library 1
 the reaction  621440 to  611420 is not used because  611420 is not in library 3
 the reaction  621520 to  611522 is not used because  611522 is not in library 1
 the reaction  621520 to  611522 is not used because  611522 is not in library 3
 the reaction  621530 to  611522 is not used because  611522 is not in library 1
 the reaction  621530 to  611522 is not used because  611522 is not in library 3
 the reaction  621540 to  611522 is not used because  611522 is not in library 1
 the reaction  621540 to  611522 is not used because  611522 is not in library 3
 the reaction  631450 to  621430 is not used because  621430 is not in library 1
 the reaction  631450 to  621430 is not used because  631450 is not in library 3
 the reaction  631450 to  621431 is not used because  621431 is not in library 1
 the reaction  631450 to  621431 is not used because  631450 is not in library 3
 the reaction  631450 to  611410 is not used because  611410 is not in library 1
 the reaction  631450 to  611410 is not used because  631450 is not in library 3
 the reaction  631450 to  611420 is not used because  611420 is not in library 1
 the reaction  631460 to  611420 is not used because  611420 is not in library 1
 the reaction  631510 to  631522 is not used because  631522 is not in library 1
 the reaction  631510 to  631522 is not used because  631522 is not in library 3
 the reaction  631530 to  631522 is not used because  631522 is not in library 1
 the reaction  631530 to  631522 is not used because  631522 is not in library 3
 the reaction  631540 to  611522 is not used because  611522 is not in library 1
 the reaction  631540 to  611522 is not used because  611522 is not in library 3
 the reaction  631550 to  611522 is not used because  611522 is not in library 1
 the reaction  631550 to  611522 is not used because  611522 is not in library 3
 the reaction  631560 to  611522 is not used because  611522 is not in library 1
 the reaction  631560 to  611522 is not used because  611522 is not in library 3
 the reaction  641460 to  621430 is not used because  621430 is not in library 1
 the reaction  641460 to  621430 is not used because  641460 is not in library 3
 the reaction  641460 to  621431 is not used because  621431 is not in library 1
 the reaction  641460 to  621431 is not used because  641460 is not in library 3
 the reaction  641460 to  621420 is not used because  621420 is not in library 1
 the reaction  641520 to  631522 is not used because  631522 is not in library 1
 the reaction  641520 to  631522 is not used because  631522 is not in library 3
 the reaction  641530 to  631522 is not used because  631522 is not in library 1
 the reaction  641530 to  631522 is not used because  631522 is not in library 3
 the reaction  641540 to  631522 is not used because  631522 is not in library 1
 the reaction  641540 to  631522 is not used because  631522 is not in library 3
 the reaction  651510 to  651520 is not used because  651510 is not in library 1
 the reaction  651510 to  651520 is not used because  651520 is not in library 3
 the reaction  651510 to  651521 is not used because  651521 is not in library 3
 the reaction  651510 to  651500 is not used because  651500 is not in library 3
 the reaction  651510 to  651501 is not used because  651501 is not in library 3
 the reaction  651510 to  641500 is not used because  651510 is not in library 1
 the reaction  651510 to  641500 is not used because  641500 is not in library 3
 the reaction  651510 to  631480 is not used because  651510 is not in library 1
 the reaction  651510 to  631480 is not used because  631480 is not in library 3
 the reaction  651520 to  651510 is not used because  651510 is not in library 1
 the reaction  651520 to  651510 is not used because  651520 is not in library 3
 the reaction  651520 to  651511 is not used because  651511 is not in library 1
 the reaction  651530 to  651542 is not used because  651542 is not in library 1
 the reaction  651530 to  651542 is not used because  651542 is not in library 3
 the reaction  651530 to  651521 is not used because  651521 is not in library 1
 the reaction  651530 to  651521 is not used because  651521 is not in library 3
 the reaction  651540 to  631522 is not used because  631522 is not in library 1
 the reaction  651542 to  631500 is not used because  651542 is not in library 1
 the reaction  651542 to  631501 is not used because  651542 is not in library 1
 the reaction  651542 to  651530 is not used because  651542 is not in library 1
 the reaction  651542 to  651530 is not used because  651542 is not in library 3
 the reaction  651542 to  641530 is not used because  651542 is not in library 1
 the reaction  651542 to  641530 is not used because  651542 is not in library 3
 the reaction  651542 to  651550 is not used because  651542 is not in library 1
 the reaction  651542 to  651550 is not used because  651542 is not in library 3
 the reaction  651542 to  641540 is not used because  651542 is not in library 1
 the reaction  651542 to  641540 is not used because  651542 is not in library 3
 the reaction  651542 to  641520 is not used because  651542 is not in library 1
 the reaction  651542 to  641520 is not used because  651542 is not in library 3
 the reaction  651542 to  631510 is not used because  651542 is not in library 1
 the reaction  651542 to  631510 is not used because  651542 is not in library 3
 the reaction  651550 to  651562 is not used because  651562 is not in library 1
 the reaction  651550 to  651562 is not used because  651562 is not in library 3
 the reaction  651550 to  651542 is not used because  651542 is not in library 1
 the reaction  651550 to  651542 is not used because  651542 is not in library 3
 the reaction  651550 to  631522 is not used because  631522 is not in library 1
 the reaction  651550 to  631522 is not used because  631522 is not in library 3
 the reaction  651560 to  631522 is not used because  631522 is not in library 1
 the reaction  651560 to  631522 is not used because  631522 is not in library 3
 the reaction  651561 to  631522 is not used because  631522 is not in library 1
 the reaction  651561 to  631522 is not used because  631522 is not in library 3
 the reaction  651562 to  631520 is not used because  651562 is not in library 1
 the reaction  651562 to  631520 is not used because  651562 is not in library 3
 the reaction  651562 to  631521 is not used because  651562 is not in library 1
 the reaction  651562 to  631521 is not used because  651562 is not in library 3
 the reaction  651562 to  631540 is not used because  651562 is not in library 1
 the reaction  651562 to  631540 is not used because  651562 is not in library 3
 the reaction  651562 to  631541 is not used because  651562 is not in library 3
 the reaction  651562 to  651550 is not used because  651562 is not in library 1
 the reaction  651562 to  651550 is not used because  651562 is not in library 3
 the reaction  651562 to  641550 is not used because  651562 is not in library 1
 the reaction  651562 to  641550 is not used because  651562 is not in library 3
 the reaction  651562 to  651570 is not used because  651562 is not in library 1
 the reaction  651562 to  651570 is not used because  651562 is not in library 3
 the reaction  651562 to  641560 is not used because  651562 is not in library 1
 the reaction  651562 to  641560 is not used because  651562 is not in library 3
 the reaction  651562 to  641540 is not used because  651562 is not in library 1
 the reaction  651562 to  641540 is not used because  651562 is not in library 3
 the reaction  651562 to  631530 is not used because  651562 is not in library 1
 the reaction  651562 to  631530 is not used because  651562 is not in library 3
 the reaction  651570 to  651562 is not used because  651562 is not in library 1
 the reaction  651570 to  651562 is not used because  651562 is not in library 3
 the reaction  661540 to  651542 is not used because  651542 is not in library 1
 the reaction  661540 to  661530 is not used because  661530 is not in library 1
 the reaction  661550 to  651542 is not used because  651542 is not in library 1
 the reaction  661550 to  651542 is not used because  651542 is not in library 3
 the reaction  661560 to  651562 is not used because  651562 is not in library 1
 the reaction  661560 to  651562 is not used because  651562 is not in library 3
 the reaction  661570 to  651562 is not used because  651562 is not in library 1
 the reaction  661570 to  651562 is not used because  651562 is not in library 3
 the reaction  661580 to  651562 is not used because  651562 is not in library 1
 the reaction  661580 to  651562 is not used because  651562 is not in library 3
 the reaction  681600 to  671590 is not used because  671590 is not in library 1
 the reaction  681600 to  671590 is not used because  681600 is not in library 3
 the reaction  681600 to  671591 is not used because  671591 is not in library 1
 the reaction  681600 to  671591 is not used because  681600 is not in library 3
 the reaction  681600 to  671602 is not used because  671602 is not in library 1
 the reaction  681600 to  681590 is not used because  681590 is not in library 1
 the reaction  681610 to  671602 is not used because  671602 is not in library 1
 the reaction  681610 to  671602 is not used because  671602 is not in library 3
 the reaction  681720 to  681730 is not used because  681730 is not in library 1
 the reaction  681720 to  681730 is not used because  681730 is not in library 3
 the reaction  691650 to  691640 is not used because  691640 is not in library 1
 the reaction  691650 to  691640 is not used because  691640 is not in library 3
 the reaction  691650 to  691641 is not used because  691641 is not in library 1
 the reaction  691650 to  691641 is not used because  691641 is not in library 3
 the reaction  701660 to  691640 is not used because  691640 is not in library 1
 the reaction  701660 to  691640 is not used because  691640 is not in library 3
 the reaction  701660 to  691641 is not used because  691641 is not in library 1
 the reaction  701660 to  691641 is not used because  691641 is not in library 3
 the reaction  701660 to  701650 is not used because  701650 is not in library 1
 the reaction  701660 to  701650 is not used because  701650 is not in library 3
 the reaction  701740 to  691740 is not used because  691740 is not in library 1
 the reaction  701750 to  701761 is not used because  701761 is not in library 1
 the reaction  701750 to  691740 is not used because  691740 is not in library 1
 the reaction  701750 to  691750 is not used because  691750 is not in library 1
 the reaction  701750 to  681730 is not used because  681730 is not in library 1
 the reaction  701760 to  701771 is not used because  701771 is not in library 1
 the reaction  701760 to  691750 is not used because  691750 is not in library 1
 the reaction  701760 to  691760 is not used because  691760 is not in library 1
 the reaction  701760 to  691740 is not used because  691740 is not in library 1
 the reaction  701760 to  681740 is not used because  681740 is not in library 1
 the reaction  701760 to  681730 is not used because  681730 is not in library 1
 the reaction  711690 to  711701 is not used because  711701 is not in library 1
 the reaction  711690 to  711701 is not used because  711701 is not in library 3
 the reaction  711690 to  711680 is not used because  711680 is not in library 1
 the reaction  711690 to  711680 is not used because  711680 is not in library 3
 the reaction  711690 to  711681 is not used because  711681 is not in library 1
 the reaction  711690 to  711681 is not used because  711681 is not in library 3
 the reaction  711700 to  711711 is not used because  711711 is not in library 1
 the reaction  711700 to  711711 is not used because  711700 is not in library 3
 the reaction  711700 to  711691 is not used because  711691 is not in library 1
 the reaction  711700 to  711691 is not used because  711700 is not in library 3
 the reaction  711700 to  701691 is not used because  701691 is not in library 1
 the reaction  711700 to  701691 is not used because  711700 is not in library 3
 the reaction  711710 to  711701 is not used because  711701 is not in library 1
 the reaction  711710 to  711701 is not used because  711701 is not in library 3
 the reaction  711760 to  701761 is not used because  701761 is not in library 1
 the reaction  711760 to  691740 is not used because  691740 is not in library 1
 the reaction  711770 to  711780 is not used because  711780 is not in library 1
 the reaction  711770 to  711781 is not used because  711781 is not in library 1
 the reaction  711770 to  701761 is not used because  701761 is not in library 1
 the reaction  711770 to  701771 is not used because  701771 is not in library 1
 the reaction  711770 to  691750 is not used because  691750 is not in library 1
 the reaction  711770 to  691740 is not used because  691740 is not in library 1
 the reaction  711771 to  711780 is not used because  711780 is not in library 1
 the reaction  711771 to  711781 is not used because  711781 is not in library 1
 the reaction  711771 to  701761 is not used because  701761 is not in library 1
 the reaction  711771 to  701771 is not used because  701771 is not in library 1
 the reaction  711771 to  691750 is not used because  691750 is not in library 1
 the reaction  711771 to  691740 is not used because  691740 is not in library 1
 the reaction  721700 to  711691 is not used because  711691 is not in library 1
 the reaction  721700 to  711691 is not used because  721700 is not in library 3
 the reaction  721700 to  711701 is not used because  711701 is not in library 1
 the reaction  721700 to  711681 is not used because  711681 is not in library 1
 the reaction  721700 to  701691 is not used because  701691 is not in library 1
 the reaction  721700 to  701691 is not used because  721700 is not in library 3
 the reaction  721700 to  721690 is not used because  721690 is not in library 1
 the reaction  721710 to  711701 is not used because  711701 is not in library 1
 the reaction  721710 to  711701 is not used because  711701 is not in library 3
 the reaction  721730 to  701691 is not used because  701691 is not in library 1
 the reaction  721730 to  701691 is not used because  721730 is not in library 3
 the reaction  721730 to  711711 is not used because  711711 is not in library 1
 the reaction  721730 to  711711 is not used because  721730 is not in library 3
 the reaction  721770 to  721782 is not used because  721782 is not in library 1
 the reaction  721780 to  721792 is not used because  721792 is not in library 1
 the reaction  721780 to  711780 is not used because  711780 is not in library 1
 the reaction  721780 to  711781 is not used because  711781 is not in library 1
 the reaction  721780 to  701761 is not used because  701761 is not in library 1
 the reaction  721782 to  721790 is not used because  721782 is not in library 1
 the reaction  721782 to  721791 is not used because  721782 is not in library 1
 the reaction  721782 to  721770 is not used because  721782 is not in library 1
 the reaction  721782 to  721771 is not used because  721782 is not in library 1
 the reaction  721782 to  711770 is not used because  721782 is not in library 1
 the reaction  721782 to  711771 is not used because  721782 is not in library 1
 the reaction  721782 to  711760 is not used because  721782 is not in library 1
 the reaction  721782 to  701760 is not used because  721782 is not in library 1
 the reaction  721782 to  701740 is not used because  721782 is not in library 1
 the reaction  721782 to  701750 is not used because  721782 is not in library 1
 the reaction  721790 to  721782 is not used because  721782 is not in library 1
 the reaction  721790 to  711780 is not used because  711780 is not in library 1
 the reaction  721790 to  711781 is not used because  711781 is not in library 1
 the reaction  721790 to  701771 is not used because  701771 is not in library 1
 the reaction  721790 to  701761 is not used because  701761 is not in library 1
 the reaction  721790 to  711790 is not used because  711790 is not in library 1
 the reaction  721792 to  721800 is not used because  721792 is not in library 1
 the reaction  721792 to  721801 is not used because  721792 is not in library 1
 the reaction  721792 to  721780 is not used because  721792 is not in library 1
 the reaction  721792 to  721781 is not used because  721792 is not in library 1
 the reaction  721792 to  711770 is not used because  721792 is not in library 1
 the reaction  721792 to  711771 is not used because  721792 is not in library 1
 the reaction  721792 to  701770 is not used because  721792 is not in library 1
 the reaction  721792 to  701760 is not used because  721792 is not in library 1
 the reaction  721792 to  701750 is not used because  721792 is not in library 1
 the reaction  721800 to  721792 is not used because  721792 is not in library 1
 the reaction  721800 to  701761 is not used because  701761 is not in library 1
 the reaction  721800 to  711780 is not used because  711780 is not in library 1
 the reaction  721800 to  711781 is not used because  711781 is not in library 1
 the reaction  721800 to  701771 is not used because  701771 is not in library 1
 the reaction  721800 to  711790 is not used because  711790 is not in library 1
 the reaction  721800 to  711800 is not used because  711800 is not in library 1
 the reaction  721800 to  701780 is not used because  701780 is not in library 1
 the reaction  721801 to  721792 is not used because  721792 is not in library 1
 the reaction  721801 to  701761 is not used because  701761 is not in library 1
 the reaction  721801 to  711780 is not used because  711780 is not in library 1
 the reaction  721801 to  711781 is not used because  711781 is not in library 1
 the reaction  721801 to  701771 is not used because  701771 is not in library 1
 the reaction  721801 to  711790 is not used because  711790 is not in library 1
 the reaction  721801 to  711800 is not used because  711800 is not in library 1
 the reaction  721801 to  701780 is not used because  701780 is not in library 1
 the reaction  721810 to  721821 is not used because  721821 is not in library 1
 the reaction  721810 to  701771 is not used because  701771 is not in library 1
 the reaction  721810 to  711800 is not used because  711800 is not in library 1
 the reaction  721810 to  711810 is not used because  711810 is not in library 1
 the reaction  721810 to  711790 is not used because  711790 is not in library 1
 the reaction  721810 to  701790 is not used because  701790 is not in library 1
 the reaction  721810 to  701780 is not used because  701780 is not in library 1
 the reaction  721810 to  701800 is not used because  701800 is not in library 1
 the reaction  721820 to  701780 is not used because  701780 is not in library 1
 the reaction  721820 to  711810 is not used because  711810 is not in library 1
 the reaction  721820 to  721830 is not used because  721830 is not in library 1
 the reaction  721820 to  711820 is not used because  711820 is not in library 1
 the reaction  721820 to  711800 is not used because  711800 is not in library 1
 the reaction  721820 to  701800 is not used because  701800 is not in library 1
 the reaction  721820 to  701790 is not used because  701790 is not in library 1
 the reaction  731770 to  731781 is not used because  731781 is not in library 1
 the reaction  731770 to  721772 is not used because  721772 is not in library 1
 the reaction  731770 to  731760 is not used because  731760 is not in library 1
 the reaction  731790 to  731781 is not used because  731781 is not in library 1
 the reaction  731790 to  721782 is not used because  721782 is not in library 1
 the reaction  731790 to  721792 is not used because  721792 is not in library 1
 the reaction  731800 to  721792 is not used because  721792 is not in library 1
 the reaction  731801 to  721792 is not used because  721792 is not in library 1
 the reaction  731801 to  711780 is not used because  711780 is not in library 1
 the reaction  731801 to  711781 is not used because  711781 is not in library 1
 the reaction  731810 to  731822 is not used because  731822 is not in library 1
 the reaction  731810 to  721792 is not used because  721792 is not in library 1
 the reaction  731810 to  711780 is not used because  711780 is not in library 1
 the reaction  731810 to  711781 is not used because  711781 is not in library 1
 the reaction  731810 to  711790 is not used because  711790 is not in library 1
 the reaction  731820 to  711780 is not used because  711780 is not in library 1
 the reaction  731820 to  711781 is not used because  711781 is not in library 1
 the reaction  731820 to  721821 is not used because  721821 is not in library 1
 the reaction  731820 to  711800 is not used because  711800 is not in library 1
 the reaction  731820 to  711790 is not used because  711790 is not in library 1
 the reaction  731830 to  731822 is not used because  731822 is not in library 1
 the reaction  731830 to  721821 is not used because  721821 is not in library 1
 the reaction  731830 to  711790 is not used because  711790 is not in library 1
 the reaction  731830 to  731840 is not used because  731840 is not in library 1
 the reaction  731830 to  721830 is not used because  721830 is not in library 1
 the reaction  731830 to  711810 is not used because  711810 is not in library 1
 the reaction  731830 to  711800 is not used because  711800 is not in library 1
 the reaction  741780 to  741790 is not used because  741790 is not in library 1
 the reaction  741780 to  741791 is not used because  741791 is not in library 1
 the reaction  741780 to  731781 is not used because  731781 is not in library 1
 the reaction  741780 to  741770 is not used because  741770 is not in library 1
 the reaction  741800 to  741790 is not used because  741790 is not in library 1
 the reaction  741800 to  741791 is not used because  741791 is not in library 1
 the reaction  741800 to  731781 is not used because  731781 is not in library 1
 the reaction  741800 to  721782 is not used because  721782 is not in library 1
 the reaction  741800 to  721772 is not used because  721772 is not in library 1
 the reaction  741810 to  721772 is not used because  721772 is not in library 1
 the reaction  741810 to  721792 is not used because  721792 is not in library 1
 the reaction  741810 to  721782 is not used because  721782 is not in library 1
 the reaction  741820 to  721782 is not used because  721782 is not in library 1
 the reaction  741820 to  731822 is not used because  731822 is not in library 1
 the reaction  741820 to  721792 is not used because  721792 is not in library 1
 the reaction  741830 to  721792 is not used because  721792 is not in library 1
 the reaction  741830 to  731822 is not used because  731822 is not in library 1
 the reaction  741840 to  731822 is not used because  731822 is not in library 1
 the reaction  741840 to  721821 is not used because  721821 is not in library 1
 the reaction  741840 to  731840 is not used because  731840 is not in library 1
 the reaction  741850 to  721821 is not used because  721821 is not in library 1
 the reaction  741850 to  731840 is not used because  731840 is not in library 1
 the reaction  741850 to  731850 is not used because  731850 is not in library 1
 the reaction  741850 to  721830 is not used because  721830 is not in library 1
 the reaction  741860 to  721821 is not used because  721821 is not in library 1
 the reaction  741860 to  731850 is not used because  731850 is not in library 1
 the reaction  741860 to  721840 is not used because  721840 is not in library 1
 the reaction  741860 to  721830 is not used because  721830 is not in library 1
 the reaction  741860 to  721850 is not used because  721850 is not in library 1
 the reaction  741870 to  721830 is not used because  721830 is not in library 1
 the reaction  741870 to  731860 is not used because  731860 is not in library 1
 the reaction  741870 to  731870 is not used because  731870 is not in library 1
 the reaction  741870 to  721850 is not used because  721850 is not in library 1
 the reaction  741870 to  721840 is not used because  721840 is not in library 1
 the reaction  741870 to  721860 is not used because  721860 is not in library 1
 the reaction  741880 to  721840 is not used because  721840 is not in library 1
 the reaction  741880 to  731870 is not used because  731870 is not in library 1
 the reaction  741880 to  731880 is not used because  731880 is not in library 1
 the reaction  741880 to  721860 is not used because  721860 is not in library 1
 the reaction  741880 to  721850 is not used because  721850 is not in library 1
 the reaction  751810 to  741790 is not used because  741790 is not in library 1
 the reaction  751810 to  741791 is not used because  741791 is not in library 1
 the reaction  751810 to  731781 is not used because  731781 is not in library 1
 the reaction  751810 to  751800 is not used because  751800 is not in library 1
 the reaction  751820 to  731781 is not used because  731781 is not in library 1
 the reaction  751821 to  731781 is not used because  731781 is not in library 1
 the reaction  751840 to  731822 is not used because  731822 is not in library 1
 the reaction  751841 to  731822 is not used because  731822 is not in library 1
 the reaction  751850 to  731822 is not used because  731822 is not in library 1
 the reaction  751860 to  731822 is not used because  731822 is not in library 1
 the reaction  751860 to  731840 is not used because  731840 is not in library 1
 the reaction  751861 to  731822 is not used because  731822 is not in library 1
 the reaction  751861 to  731840 is not used because  731840 is not in library 1
 the reaction  751870 to  731850 is not used because  731850 is not in library 1
 the reaction  751870 to  731840 is not used because  731840 is not in library 1
 the reaction  751880 to  731840 is not used because  731840 is not in library 1
 the reaction  751880 to  731860 is not used because  731860 is not in library 1
 the reaction  751880 to  731850 is not used because  731850 is not in library 1
 the reaction  751880 to  731870 is not used because  731870 is not in library 1
 the reaction  751890 to  751900 is not used because  751900 is not in library 1
 the reaction  751890 to  751901 is not used because  751901 is not in library 1
 the reaction  751890 to  731850 is not used because  731850 is not in library 1
 the reaction  751890 to  731870 is not used because  731870 is not in library 1
 the reaction  751890 to  731860 is not used because  731860 is not in library 1
 the reaction  751890 to  731880 is not used because  731880 is not in library 1
 the reaction  761820 to  761831 is not used because  761831 is not in library 1
 the reaction  761820 to  761810 is not used because  761810 is not in library 1
 the reaction  761820 to  761811 is not used because  761811 is not in library 1
 the reaction  761820 to  741790 is not used because  741790 is not in library 1
 the reaction  761820 to  741791 is not used because  741791 is not in library 1
 the reaction  761830 to  741790 is not used because  741790 is not in library 1
 the reaction  761830 to  741791 is not used because  741791 is not in library 1
 the reaction  761840 to  761831 is not used because  761831 is not in library 1
 the reaction  761900 to  751900 is not used because  751900 is not in library 1
 the reaction  761900 to  751901 is not used because  751901 is not in library 1
 the reaction  761910 to  761921 is not used because  761921 is not in library 1
 the reaction  761910 to  751900 is not used because  751900 is not in library 1
 the reaction  761910 to  751901 is not used because  751901 is not in library 1
 the reaction  761910 to  751910 is not used because  751910 is not in library 1
 the reaction  761911 to  761921 is not used because  761921 is not in library 1
 the reaction  761911 to  751900 is not used because  751900 is not in library 1
 the reaction  761911 to  751901 is not used because  751901 is not in library 1
 the reaction  761911 to  751910 is not used because  751910 is not in library 1
 the reaction  761920 to  751900 is not used because  751900 is not in library 1
 the reaction  761920 to  751910 is not used because  751910 is not in library 1
 the reaction  761920 to  751920 is not used because  751920 is not in library 1
 the reaction  761920 to  741900 is not used because  741900 is not in library 1
 the reaction  761930 to  761921 is not used because  761921 is not in library 1
 the reaction  761930 to  751920 is not used because  751920 is not in library 1
 the reaction  761930 to  751930 is not used because  751930 is not in library 1
 the reaction  761930 to  751910 is not used because  751910 is not in library 1
 the reaction  761930 to  741910 is not used because  741910 is not in library 1
 the reaction  761930 to  741900 is not used because  741900 is not in library 1
 the reaction  761930 to  741920 is not used because  741920 is not in library 1
 the reaction  761940 to  741900 is not used because  741900 is not in library 1
 the reaction  761940 to  751930 is not used because  751930 is not in library 1
 the reaction  761940 to  761950 is not used because  761950 is not in library 1
 the reaction  761940 to  751940 is not used because  751940 is not in library 1
 the reaction  761940 to  751920 is not used because  751920 is not in library 1
 the reaction  761940 to  741920 is not used because  741920 is not in library 1
 the reaction  761940 to  741910 is not used because  741910 is not in library 1
 the reaction  771850 to  771861 is not used because  771861 is not in library 1
 the reaction  771850 to  761831 is not used because  761831 is not in library 1
 the reaction  771850 to  771840 is not used because  771840 is not in library 1
 the reaction  771860 to  771870 is not used because  771870 is not in library 1
 the reaction  771880 to  771870 is not used because  771870 is not in library 1
 the reaction  771890 to  771901 is not used because  771901 is not in library 1
 the reaction  771890 to  771902 is not used because  771902 is not in library 1
 the reaction  771910 to  771922 is not used because  771922 is not in library 1
 the reaction  771910 to  771901 is not used because  771901 is not in library 1
 the reaction  771910 to  771902 is not used because  771902 is not in library 1
 the reaction  771920 to  771912 is not used because  771912 is not in library 1
 the reaction  771920 to  761921 is not used because  761921 is not in library 1
 the reaction  771920 to  751900 is not used because  751900 is not in library 1
 the reaction  771920 to  751901 is not used because  751901 is not in library 1
 the reaction  771922 to  771930 is not used because  771922 is not in library 1
 the reaction  771922 to  771931 is not used because  771922 is not in library 1
 the reaction  771922 to  771910 is not used because  771922 is not in library 1
 the reaction  771922 to  771911 is not used because  771922 is not in library 1
 the reaction  771922 to  751880 is not used because  771922 is not in library 1
 the reaction  771922 to  751881 is not used because  771922 is not in library 1
 the reaction  771922 to  761910 is not used because  771922 is not in library 1
 the reaction  771922 to  761911 is not used because  771922 is not in library 1
 the reaction  771922 to  761920 is not used because  771922 is not in library 1
 the reaction  771922 to  761900 is not used because  771922 is not in library 1
 the reaction  771922 to  751890 is not used because  771922 is not in library 1
 the reaction  771930 to  771922 is not used because  771922 is not in library 1
 the reaction  771930 to  761921 is not used because  761921 is not in library 1
 the reaction  771930 to  751900 is not used because  751900 is not in library 1
 the reaction  771930 to  751901 is not used because  751901 is not in library 1
 the reaction  771930 to  751910 is not used because  751910 is not in library 1
 the reaction  771931 to  771922 is not used because  771922 is not in library 1
 the reaction  771931 to  761921 is not used because  761921 is not in library 1
 the reaction  771931 to  751900 is not used because  751900 is not in library 1
 the reaction  771931 to  751901 is not used because  751901 is not in library 1
 the reaction  771931 to  751910 is not used because  751910 is not in library 1
 the reaction  771940 to  771950 is not used because  771950 is not in library 1
 the reaction  771940 to  771951 is not used because  771951 is not in library 1
 the reaction  771940 to  751900 is not used because  751900 is not in library 1
 the reaction  771940 to  751901 is not used because  751901 is not in library 1
 the reaction  771940 to  751920 is not used because  751920 is not in library 1
 the reaction  771940 to  751910 is not used because  751910 is not in library 1
 the reaction  771940 to  751930 is not used because  751930 is not in library 1
 the reaction  771941 to  771950 is not used because  771950 is not in library 1
 the reaction  771941 to  771951 is not used because  771951 is not in library 1
 the reaction  771941 to  751900 is not used because  751900 is not in library 1
 the reaction  771941 to  751901 is not used because  751901 is not in library 1
 the reaction  771941 to  751920 is not used because  751920 is not in library 1
 the reaction  771941 to  751910 is not used because  751910 is not in library 1
 the reaction  771941 to  751930 is not used because  751930 is not in library 1
 the reaction  771961 to  771970 is not used because  771970 is not in library 1
 the reaction  771961 to  771971 is not used because  771971 is not in library 1
 the reaction  771961 to  771950 is not used because  771950 is not in library 1
 the reaction  771961 to  771951 is not used because  771951 is not in library 1
 the reaction  771961 to  751920 is not used because  751920 is not in library 1
 the reaction  771961 to  761950 is not used because  761950 is not in library 1
 the reaction  771961 to  761960 is not used because  761960 is not in library 1
 the reaction  771961 to  751940 is not used because  751940 is not in library 1
 the reaction  771961 to  751930 is not used because  751930 is not in library 1
 the reaction  771961 to  751950 is not used because  751950 is not in library 1
 the reaction  781880 to  771861 is not used because  771861 is not in library 1
 the reaction  781880 to  781870 is not used because  781870 is not in library 1
 the reaction  781880 to  771870 is not used because  771870 is not in library 1
 the reaction  781890 to  771870 is not used because  771870 is not in library 1
 the reaction  781900 to  771901 is not used because  771901 is not in library 1
 the reaction  781900 to  771902 is not used because  771902 is not in library 1
 the reaction  781910 to  771901 is not used because  771901 is not in library 1
 the reaction  781910 to  771902 is not used because  771902 is not in library 1
 the reaction  781910 to  771912 is not used because  771912 is not in library 1
 the reaction  781920 to  771912 is not used because  771912 is not in library 1
 the reaction  781920 to  771922 is not used because  771922 is not in library 1
 the reaction  781930 to  771922 is not used because  771922 is not in library 1
 the reaction  781931 to  771922 is not used because  771922 is not in library 1
 the reaction  781940 to  771922 is not used because  771922 is not in library 1
 the reaction  781940 to  761921 is not used because  761921 is not in library 1
 the reaction  781950 to  771950 is not used because  771950 is not in library 1
 the reaction  781950 to  771951 is not used because  771951 is not in library 1
 the reaction  781950 to  761921 is not used because  761921 is not in library 1
 the reaction  781951 to  771950 is not used because  771950 is not in library 1
 the reaction  781951 to  771951 is not used because  771951 is not in library 1
 the reaction  781951 to  761921 is not used because  761921 is not in library 1
 the reaction  781960 to  761921 is not used because  761921 is not in library 1
 the reaction  781960 to  771950 is not used because  771950 is not in library 1
 the reaction  781960 to  771951 is not used because  771951 is not in library 1
 the reaction  781970 to  771970 is not used because  771970 is not in library 1
 the reaction  781970 to  771971 is not used because  771971 is not in library 1
 the reaction  781970 to  771950 is not used because  771950 is not in library 1
 the reaction  781970 to  771951 is not used because  771951 is not in library 1
 the reaction  781970 to  761950 is not used because  761950 is not in library 1
 the reaction  781980 to  771970 is not used because  771970 is not in library 1
 the reaction  781980 to  771971 is not used because  771971 is not in library 1
 the reaction  781980 to  771980 is not used because  771980 is not in library 1
 the reaction  781980 to  761960 is not used because  761960 is not in library 1
 the reaction  781980 to  761950 is not used because  761950 is not in library 1
 the reaction  782000 to  761960 is not used because  761960 is not in library 1
 the reaction  782000 to  782010 is not used because  782010 is not in library 1
 the reaction  782000 to  772000 is not used because  772000 is not in library 1
 the reaction  782000 to  771990 is not used because  771990 is not in library 1
 the reaction  782000 to  761970 is not used because  761970 is not in library 1
 the reaction  791930 to  791941 is not used because  791941 is not in library 1
 the reaction  791930 to  791942 is not used because  791942 is not in library 1
 the reaction  791930 to  791920 is not used because  791920 is not in library 1
 the reaction  791930 to  791921 is not used because  791921 is not in library 1
 the reaction  791930 to  771912 is not used because  771912 is not in library 1
 the reaction  791930 to  771901 is not used because  771901 is not in library 1
 the reaction  791930 to  771902 is not used because  771902 is not in library 1
 the reaction  791940 to  791931 is not used because  791931 is not in library 1
 the reaction  791940 to  771901 is not used because  771901 is not in library 1
 the reaction  791940 to  771902 is not used because  771902 is not in library 1
 the reaction  791940 to  771922 is not used because  771922 is not in library 1
 the reaction  791940 to  771912 is not used because  771912 is not in library 1
 the reaction  791950 to  791961 is not used because  791961 is not in library 1
 the reaction  791950 to  791962 is not used because  791962 is not in library 1
 the reaction  791950 to  791941 is not used because  791941 is not in library 1
 the reaction  791950 to  791942 is not used because  791942 is not in library 1
 the reaction  791950 to  771912 is not used because  771912 is not in library 1
 the reaction  791950 to  771922 is not used because  771922 is not in library 1
 the reaction  791960 to  771922 is not used because  771922 is not in library 1
 the reaction  791970 to  791961 is not used because  791961 is not in library 1
 the reaction  791970 to  791962 is not used because  791962 is not in library 1
 the reaction  791970 to  771950 is not used because  771950 is not in library 1
 the reaction  791970 to  771951 is not used because  771951 is not in library 1
 the reaction  791980 to  771950 is not used because  771950 is not in library 1
 the reaction  791980 to  771951 is not used because  771951 is not in library 1
 the reaction  791981 to  771950 is not used because  771950 is not in library 1
 the reaction  791981 to  771951 is not used because  771951 is not in library 1
 the reaction  791990 to  771950 is not used because  771950 is not in library 1
 the reaction  791990 to  771951 is not used because  771951 is not in library 1
 the reaction  791990 to  771970 is not used because  771970 is not in library 1
 the reaction  791990 to  771971 is not used because  771971 is not in library 1
 the reaction  792001 to  771970 is not used because  771970 is not in library 1
 the reaction  792001 to  771971 is not used because  771971 is not in library 1
 the reaction  792001 to  792010 is not used because  792010 is not in library 1
 the reaction  792001 to  771980 is not used because  771980 is not in library 1
 the reaction  792001 to  771990 is not used because  771990 is not in library 1
 the reaction  801930 to  791920 is not used because  791920 is not in library 1
 the reaction  801930 to  791921 is not used because  791921 is not in library 1
 the reaction  801930 to  791931 is not used because  791931 is not in library 1
 the reaction  801930 to  791910 is not used because  791910 is not in library 1
 the reaction  801930 to  791911 is not used because  791911 is not in library 1
 the reaction  801930 to  801920 is not used because  801920 is not in library 1
 the reaction  801931 to  791920 is not used because  791920 is not in library 1
 the reaction  801931 to  791921 is not used because  791921 is not in library 1
 the reaction  801931 to  791931 is not used because  791931 is not in library 1
 the reaction  801931 to  791910 is not used because  791910 is not in library 1
 the reaction  801931 to  791911 is not used because  791911 is not in library 1
 the reaction  801931 to  801920 is not used because  801920 is not in library 1
 the reaction  801940 to  791931 is not used because  791931 is not in library 1
 the reaction  801940 to  791941 is not used because  791941 is not in library 1
 the reaction  801940 to  791942 is not used because  791942 is not in library 1
 the reaction  801940 to  791920 is not used because  791920 is not in library 1
 the reaction  801940 to  791921 is not used because  791921 is not in library 1
 the reaction  801950 to  791941 is not used because  791941 is not in library 1
 the reaction  801950 to  791942 is not used because  791942 is not in library 1
 the reaction  801950 to  791931 is not used because  791931 is not in library 1
 the reaction  801951 to  791941 is not used because  791941 is not in library 1
 the reaction  801951 to  791942 is not used because  791942 is not in library 1
 the reaction  801951 to  791931 is not used because  791931 is not in library 1
 the reaction  801960 to  791961 is not used because  791961 is not in library 1
 the reaction  801960 to  791962 is not used because  791962 is not in library 1
 the reaction  801960 to  791942 is not used because  791942 is not in library 1
 the reaction  801970 to  791961 is not used because  791961 is not in library 1
 the reaction  801970 to  791962 is not used because  791962 is not in library 1
 the reaction  801971 to  791961 is not used because  791961 is not in library 1
 the reaction  801971 to  791962 is not used because  791962 is not in library 1
 the reaction  801980 to  791961 is not used because  791961 is not in library 1
 the reaction  802010 to  792010 is not used because  792010 is not in library 1
 the reaction  802020 to  792010 is not used because  792010 is not in library 1
 the reaction  802020 to  792020 is not used because  792020 is not in library 1
 the reaction  802030 to  792020 is not used because  792020 is not in library 1
 the reaction  802030 to  792030 is not used because  792030 is not in library 1
 the reaction  802030 to  792010 is not used because  792010 is not in library 1
 the reaction  802030 to  782010 is not used because  782010 is not in library 1
 the reaction  802030 to  782020 is not used because  782020 is not in library 1
 the reaction  802040 to  792030 is not used because  792030 is not in library 1
 the reaction  802040 to  792040 is not used because  792040 is not in library 1
 the reaction  802040 to  792020 is not used because  792020 is not in library 1
 the reaction  802040 to  782010 is not used because  782010 is not in library 1
 the reaction  812000 to  791961 is not used because  791961 is not in library 1
 the reaction  812000 to  791962 is not used because  791962 is not in library 1
 the reaction  812000 to  811990 is not used because  811990 is not in library 1
 the reaction  812030 to  792010 is not used because  792010 is not in library 1
 the reaction  812030 to  792010 is not used because  792010 is not in library 2
 the reaction  812040 to  792020 is not used because  792020 is not in library 1
 the reaction  812040 to  792010 is not used because  792010 is not in library 1
 the reaction  812050 to  812061 is not used because  812061 is not in library 1
 the reaction  812050 to  812061 is not used because  812061 is not in library 2
 the reaction  812050 to  792010 is not used because  792010 is not in library 1
 the reaction  812050 to  792010 is not used because  792010 is not in library 2
 the reaction  812050 to  792030 is not used because  792030 is not in library 1
 the reaction  812050 to  792030 is not used because  792030 is not in library 2
 the reaction  812050 to  792020 is not used because  792020 is not in library 1
 the reaction  812050 to  792020 is not used because  792020 is not in library 2
 the reaction  822000 to  822010 is not used because  822010 is not in library 1
 the reaction  822000 to  822011 is not used because  822011 is not in library 1
 the reaction  822000 to  821990 is not used because  821990 is not in library 1
 the reaction  822000 to  821991 is not used because  821991 is not in library 1
 the reaction  822000 to  811990 is not used because  811990 is not in library 1
 the reaction  822020 to  822031 is not used because  822031 is not in library 1
 the reaction  822020 to  822010 is not used because  822010 is not in library 1
 the reaction  822020 to  822011 is not used because  822011 is not in library 1
 the reaction  822030 to  822041 is not used because  822041 is not in library 1
 the reaction  822030 to  822041 is not used because  822041 is not in library 2
 the reaction  822030 to  822021 is not used because  822021 is not in library 1
 the reaction  822030 to  822021 is not used because  822021 is not in library 2
 the reaction  822040 to  822031 is not used because  822031 is not in library 1
 the reaction  822040 to  822031 is not used because  822031 is not in library 2
 the reaction  822050 to  822041 is not used because  822041 is not in library 1
 the reaction  822050 to  822041 is not used because  822041 is not in library 2
 the reaction  822060 to  812061 is not used because  812061 is not in library 1
 the reaction  822060 to  812061 is not used because  812061 is not in library 2
 the reaction  822070 to  812071 is not used because  812071 is not in library 1
 the reaction  822070 to  812071 is not used because  812071 is not in library 2
 the reaction  822080 to  812071 is not used because  812071 is not in library 1
 the reaction  822080 to  812071 is not used because  812071 is not in library 2
 the reaction  822080 to  812061 is not used because  812061 is not in library 1
 the reaction  822080 to  812061 is not used because  812061 is not in library 2
 the reaction  822090 to  812071 is not used because  812071 is not in library 1
 the reaction  822090 to  812071 is not used because  812071 is not in library 2
 the reaction  822090 to  802070 is not used because  802070 is not in library 1
 the reaction  822090 to  802070 is not used because  802070 is not in library 2
 the reaction  822100 to  802080 is not used because  802080 is not in library 1
 the reaction  822100 to  802080 is not used because  802080 is not in library 2
 the reaction  822100 to  802070 is not used because  802070 is not in library 1
 the reaction  822100 to  802070 is not used because  802070 is not in library 2
 the reaction  832030 to  822020 is not used because  832030 is not in library 1
 the reaction  832030 to  822030 is not used because  832030 is not in library 1
 the reaction  832030 to  822030 is not used because  832030 is not in library 2
 the reaction  832030 to  812010 is not used because  832030 is not in library 1
 the reaction  832030 to  812000 is not used because  832030 is not in library 1
 the reaction  832050 to  822041 is not used because  822041 is not in library 1
 the reaction  832050 to  822031 is not used because  822031 is not in library 1
 the reaction  832050 to  832040 is not used because  832040 is not in library 1
 the reaction  832060 to  832071 is not used because  832071 is not in library 1
 the reaction  832060 to  832071 is not used because  832071 is not in library 2
 the reaction  832060 to  822041 is not used because  822041 is not in library 1
 the reaction  832060 to  822041 is not used because  822041 is not in library 2
 the reaction  832070 to  832081 is not used because  832081 is not in library 1
 the reaction  832070 to  832081 is not used because  832081 is not in library 2
 the reaction  832080 to  832071 is not used because  832071 is not in library 1
 the reaction  832080 to  832071 is not used because  832071 is not in library 2
 the reaction  832080 to  812061 is not used because  812061 is not in library 1
 the reaction  832080 to  812061 is not used because  812061 is not in library 2
 the reaction  832090 to  832081 is not used because  832081 is not in library 1
 the reaction  832090 to  832081 is not used because  832081 is not in library 2
 the reaction  832090 to  812071 is not used because  812071 is not in library 1
 the reaction  832090 to  812071 is not used because  812071 is not in library 2
 the reaction  832090 to  812061 is not used because  812061 is not in library 1
 the reaction  832090 to  812061 is not used because  812061 is not in library 2
 the reaction  832100 to  812061 is not used because  812061 is not in library 1
 the reaction  832100 to  812061 is not used because  812061 is not in library 2
 the reaction  832100 to  812071 is not used because  812071 is not in library 1
 the reaction  832100 to  812071 is not used because  812071 is not in library 2
 the reaction  832101 to  812061 is not used because  812061 is not in library 1
 the reaction  832101 to  812061 is not used because  812061 is not in library 2
 the reaction  832101 to  812071 is not used because  812071 is not in library 1
 the reaction  832101 to  812071 is not used because  812071 is not in library 2
 the reaction  842060 to  842071 is not used because  842071 is not in library 1
 the reaction  842060 to  822021 is not used because  822021 is not in library 1
 the reaction  842060 to  822041 is not used because  822041 is not in library 1
 the reaction  842060 to  822031 is not used because  822031 is not in library 1
 the reaction  842060 to  822032 is not used because  822032 is not in library 1
 the reaction  842060 to  842050 is not used because  842050 is not in library 1
 the reaction  842060 to  832040 is not used because  832040 is not in library 1
 the reaction  842070 to  822031 is not used because  822031 is not in library 1
 the reaction  842070 to  822031 is not used because  822031 is not in library 2
 the reaction  842070 to  822032 is not used because  822032 is not in library 1
 the reaction  842070 to  822032 is not used because  822032 is not in library 2
 the reaction  842070 to  832071 is not used because  832071 is not in library 1
 the reaction  842070 to  832071 is not used because  832071 is not in library 2
 the reaction  842070 to  822041 is not used because  822041 is not in library 1
 the reaction  842070 to  822041 is not used because  822041 is not in library 2
 the reaction  842080 to  842071 is not used because  842071 is not in library 1
 the reaction  842080 to  842071 is not used because  842071 is not in library 2
 the reaction  842080 to  822041 is not used because  822041 is not in library 1
 the reaction  842080 to  822041 is not used because  822041 is not in library 2
 the reaction  842080 to  832071 is not used because  832071 is not in library 1
 the reaction  842080 to  832071 is not used because  832071 is not in library 2
 the reaction  842080 to  832081 is not used because  832081 is not in library 1
 the reaction  842080 to  832081 is not used because  832081 is not in library 2
 the reaction  842090 to  832081 is not used because  832081 is not in library 1
 the reaction  842090 to  832081 is not used because  832081 is not in library 2
 the reaction  842090 to  832071 is not used because  832071 is not in library 1
 the reaction  842090 to  832071 is not used because  832071 is not in library 2
 the reaction  842100 to  832081 is not used because  832081 is not in library 1
 the reaction  842100 to  832081 is not used because  832081 is not in library 2
 the reaction  862110 to  842080 is not used because  862110 is not in library 1
 the reaction  862110 to  842080 is not used because  862110 is not in library 2
 the reaction  862220 to  862210 is not used because  862210 is not in library 2
 the reaction  862220 to  862230 is not used because  862230 is not in library 2
 the reaction  862220 to  852220 is not used because  852220 is not in library 2
 the reaction  862220 to  842190 is not used because  842190 is not in library 2
 the reaction  882240 to  872240 is not used because  872240 is not in library 2
 the reaction  882240 to  862210 is not used because  862210 is not in library 2
 the reaction  882250 to  872250 is not used because  872250 is not in library 2
 the reaction  882260 to  872260 is not used because  872260 is not in library 2
 the reaction  882260 to  862230 is not used because  862230 is not in library 2
 the reaction  882280 to  882290 is not used because  882290 is not in library 2
 the reaction  882280 to  872280 is not used because  872280 is not in library 2
 the reaction  882280 to  862250 is not used because  862250 is not in library 2
 the reaction  892270 to  872240 is not used because  872240 is not in library 2
 the reaction  902290 to  892290 is not used because  892290 is not in library 2
 the reaction  902300 to  892300 is not used because  892300 is not in library 2
 the reaction  902310 to  892310 is not used because  892310 is not in library 2
 the reaction  902320 to  892320 is not used because  892320 is not in library 2
 the reaction  902320 to  882290 is not used because  882290 is not in library 2
 the reaction  902340 to  902350 is not used because  902350 is not in library 2
 the reaction  902340 to  892340 is not used because  892340 is not in library 2
 the reaction  902340 to  882310 is not used because  882310 is not in library 2
 the reaction  912280 to  912270 is not used because  912270 is not in library 2
 the reaction  912320 to  892290 is not used because  892290 is not in library 2
 the reaction  912330 to  892300 is not used because  892300 is not in library 2
 the reaction  922300 to  922290 is not used because  922290 is not in library 2
 the reaction  922360 to  912360 is not used because  912360 is not in library 2
 the reaction  922370 to  912370 is not used because  912370 is not in library 2
 the reaction  922380 to  902350 is not used because  902350 is not in library 2
 the reaction  932340 to  932330 is not used because  932330 is not in library 2
 the reaction  932390 to  912360 is not used because  912360 is not in library 2
 the reaction  942360 to  942350 is not used because  942350 is not in library 2
 the reaction  942420 to  932420 is not used because  932420 is not in library 2
 the reaction  942420 to  932421 is not used because  932421 is not in library 2
 the reaction  942440 to  932440 is not used because  932440 is not in library 2
 the reaction  942460 to  932460 is not used because  932460 is not in library 2
 the reaction  942460 to  922430 is not used because  922430 is not in library 2
 the reaction  962400 to  962390 is not used because  962390 is not in library 2
 the reaction  962490 to  952490 is not used because  952490 is not in library 2
 the reaction  962500 to  952500 is not used because  952500 is not in library 2
 the reaction  972450 to  972440 is not used because  972440 is not in library 2
 the reaction  982460 to  982450 is not used because  982450 is not in library 2
 the reaction  982460 to  982470 is not used because  982470 is not in library 2
 the reaction  982480 to  982470 is not used because  982470 is not in library 2
 the reaction  982520 to  972520 is not used because  972520 is not in library 2
 the reaction  982530 to  972530 is not used because  972530 is not in library 2
 the reaction  982540 to  972540 is not used because  972540 is not in library 2
 the reaction  992510 to  992500 is not used because  992500 is not in library 2
 the reaction  992510 to  992501 is not used because  992501 is not in library 2
 the reaction  992550 to  992560 is not used because  992560 is not in library 2
 the reaction  992550 to  992561 is not used because  992561 is not in library 2
 the reaction  992550 to  972520 is not used because  972520 is not in library 2
 the reaction 1002520 to  992520 is not used because 1002520 is not in library 2
 the reaction 1002520 to  982490 is not used because 1002520 is not in library 2
 the reaction 1002530 to  992530 is not used because 1002530 is not in library 2
 the reaction 1002530 to  982500 is not used because 1002530 is not in library 2
 the reaction 1002550 to  992550 is not used because 1002550 is not in library 2
 the reaction 1002550 to  982520 is not used because 1002550 is not in library 2
 the reaction 1002570 to  982540 is not used because 1002570 is not in library 2
0substitute nubar value  0.720 used for nuclide 862220  genneu value is  3.62759E-06
0substitute nubar value  1.266 used for nuclide 882230  genneu value is  7.14305E-01
0substitute nubar value  1.266 used for nuclide 882240  genneu value is  1.83577E-03
0substitute nubar value  1.266 used for nuclide 882250  genneu value is  1.01984E+01
0substitute nubar value  1.266 used for nuclide 882260  genneu value is  5.09844E-05
0substitute nubar value  1.266 used for nuclide 882280  genneu value is  2.03965E+00
0substitute nubar value  1.540 used for nuclide 892250  genneu value is  2.23176E-03
0substitute nubar value  1.540 used for nuclide 892260  genneu value is  8.30697E+02
0substitute nubar value  1.540 used for nuclide 892270  genneu value is  3.59824E-04
0substitute nubar value  1.813 used for nuclide 902270  genneu value is  5.82117E+02
0substitute nubar value  1.813 used for nuclide 902280  genneu value is  4.37914E-01
0substitute nubar value  1.813 used for nuclide 902290  genneu value is  9.07837E+01
0substitute nubar value  1.813 used for nuclide 902300  genneu value is  7.30983E-04
0substitute nubar value  1.813 used for nuclide 902310  genneu value is  1.45983E+02
0substitute nubar value  1.813 used for nuclide 902320  genneu value is  6.77871E-06
0substitute nubar value  1.813 used for nuclide 902340  genneu value is  1.45985E-02
0substitute nubar value  2.086 used for nuclide 912280  genneu value is  2.01576E+03
0substitute nubar value  2.086 used for nuclide 912290  genneu value is  5.03942E+00
0substitute nubar value  2.086 used for nuclide 912300  genneu value is  2.60273E+03
0substitute nubar value  2.086 used for nuclide 912310  genneu value is  4.99963E-02
0substitute nubar value  2.086 used for nuclide 912320  genneu value is  1.55484E+03
0substitute nubar value  2.086 used for nuclide 912330  genneu value is  1.67998E-01
0substitute nubar value  2.359 used for nuclide 922300  genneu value is  4.85483E+01
0substitute nubar value  2.359 used for nuclide 922310  genneu value is  9.46460E+02
0substitute nubar value  2.359 used for nuclide 922320  genneu value is  1.42931E+02
0substitute nubar value  2.359 used for nuclide 922330  genneu value is  1.04631E+03
0substitute nubar value  2.359 used for nuclide 922340  genneu value is  8.57683E-01
0substitute nubar value  2.359 used for nuclide 922350  genneu value is  1.07810E+03
0substitute nubar value  2.359 used for nuclide 922360  genneu value is  1.42685E-01
0substitute nubar value  2.359 used for nuclide 922370  genneu value is  3.95487E+00
0substitute nubar value  2.359 used for nuclide 922380  genneu value is  2.65557E-05
0substitute nubar value  2.359 used for nuclide 922400  genneu value is  1.47187E-07
0substitute nubar value  2.632 used for nuclide 932340  genneu value is  1.98066E+03
0substitute nubar value  2.632 used for nuclide 932350  genneu value is  1.05989E+01
0substitute nubar value  2.632 used for nuclide 932360  genneu value is  1.08453E+04
0substitute nubar value  2.632 used for nuclide 932370  genneu value is  4.08933E-02
0substitute nubar value  2.632 used for nuclide 932380  genneu value is  4.23403E+03
0substitute nubar value  2.632 used for nuclide 932390  genneu value is  2.12000E+00
0substitute nubar value  2.906 used for nuclide 942360  genneu value is  3.76074E+02
0substitute nubar value  2.906 used for nuclide 942370  genneu value is  1.06088E+04
0substitute nubar value  2.906 used for nuclide 942380  genneu value is  3.84383E+01
0substitute nubar value  2.906 used for nuclide 942390  genneu value is  2.22229E+03
0substitute nubar value  2.906 used for nuclide 942400  genneu value is  1.51790E+00
0substitute nubar value  2.906 used for nuclide 942410  genneu value is  2.61579E+03
0substitute nubar value  2.906 used for nuclide 942420  genneu value is  1.11519E-01
0substitute nubar value  2.906 used for nuclide 942440  genneu value is  2.05810E-01
0substitute nubar value  2.906 used for nuclide 942460  genneu value is  8.19632E-04
0substitute nubar value  2.906 used for nuclide 942470  genneu value is  9.45377E-06
0substitute nubar value  3.179 used for nuclide 952400  genneu value is  7.24411E+03
0substitute nubar value  3.179 used for nuclide 952410  genneu value is  1.42386E+01
0substitute nubar value  3.179 used for nuclide 952420  genneu value is  6.89269E+03
0substitute nubar value  3.179 used for nuclide 952421  genneu value is  1.86316E+04
0substitute nubar value  3.179 used for nuclide 952430  genneu value is  5.31458E-01
0substitute nubar value  3.452 used for nuclide 962400  genneu value is  5.83745E+01
0substitute nubar value  3.452 used for nuclide 962410  genneu value is  7.23022E+03
0substitute nubar value  3.452 used for nuclide 962420  genneu value is  1.39513E+01
0substitute nubar value  3.452 used for nuclide 962430  genneu value is  1.94286E+03
0substitute nubar value  3.452 used for nuclide 962440  genneu value is  2.83006E+00
0substitute nubar value  3.452 used for nuclide 962450  genneu value is  5.29391E+03
0substitute nubar value  3.452 used for nuclide 962460  genneu value is  4.50630E-01
0substitute nubar value  3.452 used for nuclide 962470  genneu value is  4.05970E+02
0substitute nubar value  3.452 used for nuclide 962480  genneu value is  1.22079E+00
0substitute nubar value  3.452 used for nuclide 962490  genneu value is  4.20025E+00
0substitute nubar value  3.452 used for nuclide 962500  genneu value is  5.88936E-03
0substitute nubar value  3.725 used for nuclide 972450  genneu value is  5.39949E+01
0substitute nubar value  3.725 used for nuclide 972460  genneu value is  9.25421E+03
0substitute nubar value  3.725 used for nuclide 972470  genneu value is  1.04990E+01
0substitute nubar value  3.725 used for nuclide 972480  genneu value is  2.14477E+03
0substitute nubar value  3.725 used for nuclide 972481  genneu value is  2.14477E+03
0substitute nubar value  3.725 used for nuclide 972490  genneu value is  2.61731E+01
0substitute nubar value  3.725 used for nuclide 972500  genneu value is  2.72762E+03
0substitute nubar value  3.998 used for nuclide 982460  genneu value is  6.11746E+00
0substitute nubar value  3.998 used for nuclide 982480  genneu value is  1.60985E+02
0substitute nubar value  3.998 used for nuclide 982490  genneu value is  5.87899E+03
0substitute nubar value  3.998 used for nuclide 982500  genneu value is  8.70871E+02
0substitute nubar value  3.998 used for nuclide 982510  genneu value is  1.83824E+04
0substitute nubar value  3.998 used for nuclide 982520  genneu value is  1.17626E+02
0substitute nubar value  3.998 used for nuclide 982530  genneu value is  4.10977E+03
0substitute nubar value  3.998 used for nuclide 982540  genneu value is  6.44440E+00
0substitute nubar value  4.271 used for nuclide 992510  genneu value is  3.43969E+02
0substitute nubar value  4.271 used for nuclide 992520  genneu value is  1.65106E+04
0substitute nubar value  4.271 used for nuclide 992530  genneu value is  1.65106E+04
0substitute nubar value  4.271 used for nuclide 992540  genneu value is  6.69292E+03
0substitute nubar value  4.271 used for nuclide 992541  genneu value is  5.61581E+03
0substitute nubar value  4.271 used for nuclide 992550  genneu value is  4.91899E+01
0the fission product transitions for  862110 were not used.  library fissile nuclides are  
   922350   922380
0the fission product transitions for  862220 were not used.
0the fission product transitions for  882230 were not used.
0the fission product transitions for  882240 were not used.
0the fission product transitions for  882250 were not used.
0the fission product transitions for  882260 were not used.
0the fission product transitions for  882280 were not used.
0the fission product transitions for  892250 were not used.
0the fission product transitions for  892260 were not used.
0the fission product transitions for  892270 were not used.
0the fission product transitions for  902270 were not used.
0the fission product transitions for  902280 were not used.
0the fission product transitions for  902290 were not used.
0the fission product transitions for  902300 were not used.
0the fission product transitions for  902310 were not used.
0the fission product transitions for  902320 were not used.
0the fission product transitions for  902340 were not used.
0the fission product transitions for  912280 were not used.
0the fission product transitions for  912290 were not used.
0the fission product transitions for  912300 were not used.
0the fission product transitions for  912310 were not used.
0the fission product transitions for  912320 were not used.
0the fission product transitions for  912330 were not used.
0the fission product transitions for  922300 were not used.
0the fission product transitions for  922310 were not used.
0the fission product transitions for  922320 were not used.
0the fission product transitions for  922330 were not used.
0the fission product transitions for  922340 were not used.
0the fission product transitions for  922360 were not used.
0the fission product transitions for  922370 were not used.
0the fission product transitions for  922400 were not used.
0the fission product transitions for  932340 were not used.
0the fission product transitions for  932350 were not used.
0the fission product transitions for  932360 were not used.
0the fission product transitions for  932370 were not used.
0the fission product transitions for  932380 were not used.
0the fission product transitions for  932390 were not used.
0the fission product transitions for  942360 were not used.
0the fission product transitions for  942370 were not used.
0the fission product transitions for  942380 were not used.
0the fission product transitions for  942390 were not used.
0the fission product transitions for  942400 were not used.
0the fission product transitions for  942410 were not used.
0the fission product transitions for  942420 were not used.
0the fission product transitions for  942440 were not used.
0the fission product transitions for  942460 were not used.
0the fission product transitions for  942470 were not used.
0the fission product transitions for  952400 were not used.
0the fission product transitions for  952410 were not used.
0the fission product transitions for  952420 were not used.
0the fission product transitions for  952421 were not used.
0the fission product transitions for  952430 were not used.
0the fission product transitions for  962400 were not used.
0the fission product transitions for  962410 were not used.
0the fission product transitions for  962420 were not used.
0the fission product transitions for  962430 were not used.
0the fission product transitions for  962440 were not used.
0the fission product transitions for  962450 were not used.
0the fission product transitions for  962460 were not used.
0the fission product transitions for  962470 were not used.
0the fission product transitions for  962480 were not used.
0the fission product transitions for  962490 were not used.
0the fission product transitions for  962500 were not used.
0the fission product transitions for  972450 were not used.
0the fission product transitions for  972460 were not used.
0the fission product transitions for  972470 were not used.
0the fission product transitions for  972480 were not used.
0the fission product transitions for  972481 were not used.
0the fission product transitions for  972490 were not used.
0the fission product transitions for  972500 were not used.
0the fission product transitions for  982460 were not used.
0the fission product transitions for  982480 were not used.
0the fission product transitions for  982490 were not used.
0the fission product transitions for  982500 were not used.
0the fission product transitions for  982510 were not used.
0the fission product transitions for  982520 were not used.
0the fission product transitions for  982530 were not used.
0the fission product transitions for  982540 were not used.
0the fission product transitions for  992510 were not used.
0the fission product transitions for  992520 were not used.
0the fission product transitions for  992530 were not used.
0the fission product transitions for  992540 were not used.
0the fission product transitions for  992541 were not used.
0the fission product transitions for  992550 were not used.
0the fission product transitions for 1002520 were not used.
0the fission product transitions for 1002530 were not used.
0the fission product transitions for 1002550 were not used.
0the fission product transitions for 1002570 were not used.
1
0 * normal termination *  
    module couple used 0.437629 seconds cpu time for the current pass.

    module couple is finished. completion code    0. total cpu time used 6.1e-006 seconds.



    module origens will be called on Thu Jan 15 08:59:04 2026.
    sequence specification record:=origens
Input Data:

      ' Границы энергий для формирования моноэнергетических источников
      bounds{
             gamma=[1.00E+04 4.00E+04 6.00E+04 9.00E+04 1.10E+05 2.90E+05 3.10E+05 4.90E+05 5.10E+05 6.90E+05 7.10E+05
                    8.90E+05 9.10E+05 1.09E+06 1.91E+06 2.09E+06 3.91E+06 4.09E+06 7.91E+06 8.09E+06 1.191E+07]
            }
      solver {type=CRAM}
      
      case (irrad) {
          lib{file="ft33f001" pos=1}
      
      
      % Мощность в МВт
      
          time = { units=HOURS
                   t = [ 10000.0 10013.86638889 10013.88305556 10015.97916667 10016.02694444 10016.05944444 10016.08722222 10016.13722222 10016.16027778 10017.41555556 10017.66527778 10017.69666667 10017.80916667 10018.94666667 10023.98166667 10037.66 10037.73138889 10037.84722222 10037.91 10038.07861111 10038.28277778 10038.28583333 10038.2975 10038.45388889 10038.49166667 10038.51111111 10038.52138889 10038.85111111 10039.26194444 10039.28194444 10039.29055556 10039.30861111 10039.4175 10039.4375 10039.43972222 10039.50166667 10039.50888889 10039.56222222 10039.5725 10039.58666667 10039.67861111 10039.71611111 10039.84277778 10040.01777778 10040.06055556 10040.06916667 10040.08638889 10041.61305556 10041.9725 10042.02277778 10042.03444444 10042.07944444 10042.11388889 10042.21166667 10042.22527778 10042.24194444 10042.32638889 10042.36888889 10042.38027778 10042.41472222 10042.48 10042.49666667 10042.52944444 10042.54277778 10042.57861111 10045.2375 10045.40277778 10045.56111111 10045.59416667 10061.92 10062.46777778 10062.49555556 10062.49916667 10062.53527778 10062.62416667 10062.69388889 10062.69944444 10062.74416667 10062.75138889 10062.81472222 10062.82583333 10062.84138889 10062.94055556 10063.01388889 10063.01694444 10063.04444444 10063.04916667 10063.08416667 10063.10611111 10063.11888889 10063.20388889 10063.22055556 10063.23722222 10063.70388889 10063.82055556 10063.84638889 10063.8475 10063.88388889 10063.94305556 10063.96833333 10063.97611111 10064.0025 10064.00638889 10064.03916667 10064.04305556 10064.06805556 10064.07305556 10064.09666667 10064.10277778 10064.11333333 10064.19166667 10064.2875 10064.30694444 10064.31777778 10064.375 10065.75833333 10066.00027778 10066.06 10066.13777778 10066.18 10066.1925 10066.32166667 10066.32805556 10066.33972222 10066.44055556 10066.47138889 10066.48861111 10066.49888889 10066.53888889 10067.88888889 10067.90555556 10068.37166667 10068.3775 10068.62944444 10068.66805556 10068.67277778 10068.70055556 10068.98083333 10069.01888889 10069.07972222 10069.11388889 10071.02666667 10071.03305556 10071.6475 10071.68583333 10071.69 10071.71638889 10072.10444444 10072.1425 10072.19194444 10072.2225 10085.88194444 10086.00611111 10086.06527778 10086.11972222 10086.36972222 10086.46972222 10086.55027778 10086.55138889 10086.60777778 10086.60916667 10086.69583333 10086.70527778 10086.71861111 10086.78416667 10086.8575 10086.86444444 10086.89 10086.89472222 10086.92361111 10086.93583333 10086.94611111 10087.00333333 10087.33666667 10087.53138889 10087.56222222 10087.58027778 10087.59083333 10087.62888889 10096.56222222 10096.72888889 10109.6119444 10109.6286111 10109.6786111 10109.6952778 10109.7786111 10110.0619444 10110.0786111 10110.4158333 10110.4461111 10110.8461111 10110.9127778 10110.9391667 10110.9588889 10111.2255556 10111.2922222 10111.3211111 10111.3480556 10112.2313889 10112.2980556 10112.3302778 10112.35 10114.0 10114.1080556 10114.1247222 10114.13 10114.1319444 10114.1516667 10120.085 10120.1016667 10120.4347222 10120.5511111 10120.6555556 10120.7158333 10120.7705556 10120.8255556 10120.8380556 10120.9191667 10132.9688889 10133.0022222 10133.1355556 10133.3522222 10133.3836111 10133.4208333 10133.4333333 10134.6197222 10135.3363889 10135.5911111 10135.6061111 10135.6308333 10135.645 10135.7280556 10135.8780556 10135.9947222 10136.0947222 10136.1925 10136.2202778 10136.2563889 10136.2713889 10136.300277800001 10137.6002778 10137.6336111 10137.8502778 10137.9938889 10138.0286111 10138.0622222 10138.0713889 10138.0875 10158.8161111 10158.8494444 10159.7825]
                 }
      
          power = [ 0.0 2.9391715705591876e-12 1.9061875870847357e-12 7.545892614944903e-12 9.404035059134268e-11 3.6502912009279064e-11 8.700837778477637e-11 3.0243280902534366e-11 8.879233492422085e-11 4.30197763011969e-12 2.8913197111921394e-10 7.231598302253895e-10 1.9625344915091405e-10 6.467318845604138e-12 1.396039065583095e-10 4.340120790436449e-12 1.940229376818689e-10 1.419764892857329e-11 1.7378843630459034e-10 1.162834561103001e-11 1.9226299758425197e-10 5.602176215018546e-10 1.7683115470003158e-10 1.1243344720577622e-11 2.0707813215693698e-10 8.838812937765274e-10 1.8620520573927263e-10 3.891793698975269e-12 2.6792555471642672e-12 1.1500330009888606e-10 4.1195735413564056e-10 9.724153123054209e-11 7.948003154592877e-12 1.1694341486040288e-10 3.115146056572694e-10 8.637373784861136e-11 3.83074585521117e-10 1.0510438652945493e-10 4.69025182760991e-10 8.41959981267874e-11 9.803704197876965e-12 6.087874908700381e-11 9.569994637288765e-12 1.2800510544070435e-10 9.165082183736325e-10 9.664365293663699e-11 1.1028009297689057e-11 2.8056425212531505e-12 3.4589628236810077e-12 8.805501571459509e-11 2.8578469081924053e-11 9.381574177771291e-11 2.2431100904629425e-11 1.144831666361869e-10 4.384314688723502e-10 9.530074577592101e-11 1.2094263896607498e-11 2.2808043111637353e-10 4.031331293125426e-10 1.4400849696061318e-10 5.4571666684270684e-11 3.297496321561738e-10 8.182179826132642e-10 1.0987116301112829e-10 6.97591343630245e-12 4.445017385743113e-12 1.932933693407533e-10 1.6484962718803223e-09 1.735993860647903e-10 3.139708060948337e-12 6.255688529715639e-12 2.2597236019290076e-10 6.221764750826368e-10 2.458824723341429e-10 1.9721423657438787e-11 1.9442348134359485e-10 6.886247615135722e-10 2.2386735978187136e-10 7.344238204968521e-10 1.8900202135278518e-10 8.481415143703379e-10 1.7486260455757503e-10 2.1866591201622422e-11 2.5160881241766824e-10 5.954639450565146e-10 3.221447974559205e-10 6.18529829307092e-10 3.169564208086974e-10 1.242093925529882e-09 1.934453092435498e-10 8.546163158653237e-12 5.036276504671763e-12 3.95733633821024e-12 3.382209948873859e-12 6.5172374988578635e-12 1.4004514657648396e-10 3.6028702311142004e-10 1.4784012007344787e-10 1.5862816713632733e-11 1.4115288491826476e-10 4.5507643757698575e-10 1.851083530053218e-10 4.0684249668798375e-10 1.6279746727515066e-10 3.96849072721371e-10 1.7757855395319156e-10 4.147288253215448e-10 1.8902785323058007e-10 4.466473112077588e-10 1.0736101216559627e-10 1.557590875935026e-11 1.560030357805616e-10 7.409826239098767e-10 1.236020709681095e-10 5.895239444605393e-12 3.051204100039469e-12 6.7159538991534195e-12 2.18630385519132e-10 1.9792702987674485e-11 1.5627076256231131e-10 5.218819248235204e-11 2.0822860832777098e-10 6.904428614295078e-10 1.6874754527441896e-10 1.6678194854800275e-11 2.2616340563519387e-10 9.813216200210278e-10 1.9846975092498773e-10 9.926137406929759e-12 2.9522700469332274e-12 1.0178544459268184e-12 4.786382564162632e-12 5.7283204886722943e-11 8.57771130844287e-12 2.074752207801825e-10 5.800461181667447e-10 2.1155394395290727e-10 8.410781778078066e-12 2.078083563724138e-10 1.8004264150321345e-09 1.7033463729953014e-10 4.002038680377574e-12 5.785458235200676e-11 5.511421041936156e-12 2.083298710157872e-10 5.731902338961162e-10 2.0652696903519138e-10 7.0669527724998844e-12 2.072790773806237e-10 1.444206703635365e-09 9.670166589989291e-11 3.09370761027642e-12 4.805225528069162e-12 1.5828849703551188e-10 2.212623113863847e-11 1.6171869116738443e-10 2.821395188731258e-11 2.124120480841804e-10 3.7514749031264204e-10 1.58598925710939e-10 3.769579555806562e-10 1.760642514943033e-10 4.332666282613688e-10 1.1091006015410963e-10 3.596684679276015e-11 2.1085123067127878e-10 4.355815243924492e-10 2.06061114314603e-10 4.0534963300250495e-10 2.295627673595559e-10 6.871946711770246e-10 1.3028564291920738e-10 5.349471860522814e-12 3.55665774275008e-12 7.82311625876684e-12 2.2541878236345646e-10 1.0148122602014758e-09 1.9801392463469285e-10 1.0177202747892948e-11 3.5038566881939154e-12 3.8500929483279e-10 3.871714015631998e-12 2.533814436407867e-10 4.5895273138478034e-10 2.5397564732931137e-10 8.126143553380472e-11 1.6014739341003437e-11 7.105507020069363e-15 4.184498491813339e-12 9.573843730082803e-11 3.425796549541513e-12 5.1872425177933234e-11 3.248845237813573e-10 8.993463676283845e-11 3.2855154796372473e-12 3.734467447210886e-11 3.386897259028166e-10 1.003024515244864e-10 3.0806577171883993e-12 3.3959807228721446e-11 2.423433009902936e-10 9.420504529055062e-11 3.0526256892347165e-12 9.402785940604387e-12 2.0734001085479606e-10 6.548569364156726e-10 5.801354818405844e-10 1.3003666249797692e-10 3.0086160971311804e-12 1.6676925707105305e-12 1.4304067976201609e-11 2.7897891243646205e-10 1.9800334729454255e-11 2.1790121178127563e-11 1.432376320048241e-10 1.1788562424270168e-09 1.2678934142373494e-10 4.9626445364764134e-12 3.0744818309928503e-12 4.388236100704796e-12 3.132339771928543e-12 2.2543635558962254e-11 5.533728457356125e-10 2.0680360442357892e-09 2.003796927250425e-10 4.31432210524277e-12 3.0012214041515937e-12 4.097497835418652e-12 1.2931518920997314e-10 1.2818819229366574e-09 1.0985638631354655e-10 4.677946531823574e-12 2.6580375209815425e-12 2.590930272930413e-12 3.3323297003499806e-12 1.1079709400755094e-11 2.292052333648215e-10 2.170433503628202e-09 1.9557907162429844e-10 1.3059451574256341e-11 3.1356856817134934e-12 2.3223435708716543e-12 3.1156551097354373e-12 5.3631954219440905e-12 1.1509362023297495e-10 8.940820155403844e-10 9.648431149946047e-11 1.180545200935215e-11 2.9049045115400198e-12 1.8926897772554497e-12 3.3025882800393077e-12]
      
          print {
                 cutoffs=[gram-atoms=1e-3 grams=1e-3 curies=1e-3 watts=1e-3 g-watts=1e-3 m3_air=1e6 m3_water=1e4]
                 rel_cutoff=yes
                 nuc{
                     sublibs=["lt" "ac" "fp"] units=["gram-atoms"] total=yes
                    }
                 gamma{
                             summary=yes
                             spectra=yes
                             principal_step=NONE %step index to calculate
                                                 %(NONE to suppress)
                             principal_cutoff=2  %principal emitter cutoff
                                                 %in percent
                             unbinned_warning=no %print warning
                                                 %when line not binned
                       }
                 }
      
              
         mat {
      % МатEриалы 14028 = Si, 13027=Al 28058=Ni, 92235=U235, 92238=U238
      % Материалы 26056=Fe      24052=Cr     28058=Ni      42098=Mo
      % Гомогенизированые концентрации материалов в ТВС ОМ-1
               iso {
                   92235  =  7.283383E-04
                   92238  =  6.272993E-04
                   14028  =  1.496062E-03
                   13027  =  1.183173E-02
                   28058  =  1.139777E-04
                   64156  =  2.298259E-04
                   64158  =  1.530338E-04
                   1001   =  2.543850E-02
                   7014   =  1.521925E-05
                   5010   =  7.751423E-06
                   5011   =  3.100569E-05
                   40090  =  1.254912E-02
                   41093  =  1.244975E-04
                   26056  =  1.035015E-05
                   26056  =  1.833456E-06
                   72180  =  3.252905E-06
                   7014   =  3.322714E-06
                   }
      % КонцEнтрация
               units=ATOMS-PER-BARN-CM
      % Объем  участка ТВС
               volume=260.124
             }
      
      
      
           save=yes
      	 gamma=yes
      }
      case (decay) {
          time  {
                 units=HOURS
                 start=0    
                 t = [1.8 3.2 5.6 10.0 17.9 31.8 56.7 101.0 179.7 320.0 ]
                }
          gamma  {sublib=ALL brem_medium=UO2}
      
          print {
                 cutoffs=[gram-atoms=1e-3 grams=1e-3 curies=1e-3 watts=1e-3 g-watts=1e-3 m3_air=1e6 m3_water=1e4]
                 rel_cutoff=yes
                 nuc{
                     sublibs=["lt" "ac" "fp"] units=["gram-atoms"] total=yes
                    }
                 gamma{
                             summary=yes
                             spectra=yes
                             principal_step=NONE %step index to calculate
                                                 %(NONE to suppress)
                             principal_cutoff=2  %principal emitter cutoff
                                                 %in percent
                             unbinned_warning=no %print warning
                                                 %when line not binned
                       }
                 }
           save=yes
      }
end

1






        ************************************************************************************************************************
        ************************************************************************************************************************
        ************************************************************************************************************************
        *****                                                                                                              *****
        *****                                       program verification information                                       *****
        *****                                                                                                              *****
        *****                                   code system:  SCALE    version:  6.2                                       *****
        *****                                                                                                              *****
        ************************************************************************************************************************
        ************************************************************************************************************************
        *****                                                                                                              *****
        *****                                                                                                              *****
        *****              program:  origen.exe                                                                            *****
        *****                                                                                                              *****
        *****        creation date:   unknown                                                                              *****
        *****                                                                                                              *****
        *****              library:  C:\SCALE-6.2.4\bin                                                                    *****
        *****                                                                                                              *****
        *****                                                                                                              *****
        *****            prod code:  origen.exe                                                                            *****
        *****                                                                                                              *****
        *****              version:  6.2.4                                                                                 *****
        *****                                                                                                              *****
        *****              jobname:  79063                                                                                 *****
        *****                                                                                                              *****
        *****         machine name:  LAPTOP-C4ILMA1D                                                                       *****
        *****                                                                                                              *****
        *****    date of execution:  15_jan_2026                                                                           *****
        *****                                                                                                              *****
        *****    time of execution:  08:59:04.23                                                                           *****
        *****                                                                                                              *****
        *****                                                                                                              *****
        ************************************************************************************************************************
        ************************************************************************************************************************
        ************************************************************************************************************************

*************************************************************************************************************************
********************                                                                                 ********************
********************                                                                                 ********************
********************                    USER INPUT SUMMARY                                           ********************
********************                                                                                 ********************
********************                                                                                 ********************
*************************************************************************************************************************
.
.
=========================================================================================================================
=   Case "irrad" (#1/2)                                                                                                 =
-------------------------------------------------------------------------------------------------------------------------
###   Library settings                                                                                                ###
.
                                Library file name:     C:/Users/79063/AppData/Local/Temp/scale.79063.180/ft33f001
                             Library set position:              1
                 Fission product reaction removal:             no
-------------------------------------------------------------------------------------------------------------------------
###   Global settings                                                                                                 ###
.
                                           Solver:           CRAM
                                             Mode:        forward
                             Fixed fission energy:             no
-------------------------------------------------------------------------------------------------------------------------
###   Concentrations output options                                                                                   ###
.
                            High-precision output:             no
                                  Relative cutoff:            yes
                         Step for applying cutoff:       integral
.
                      light els.   actinides  fis.prods.       total
                       nuc    el   nuc    el   nuc    el   nuc    el             cutoff
gram-atoms             **          **          **          **                 1.000E-03
grams                                                                         1.000E-03
curies                                                                        1.000E-03
watts                                                                         1.000E-03
gamma watts                                                                   1.000E-03
m3 air                                                                        1.000E+06
m3 water                                                                      1.000E+04
grams ppm                                                                     1.000E-06
atoms ppm                                                                     1.000E-06
atoms/barn-cm                                                                 1.000E-06
becquerels                                                                    1.000E-06
-------------------------------------------------------------------------------------------------------------------------
###   Additional output options                                                                                       ###
.
                                      Print k-inf:             no
           Nuclides for absorption fraction print:           none
                              Print fission rates:             no
            Step for sorting absorption fractions:            251
-------------------------------------------------------------------------------------------------------------------------
###   Gamma calculation                                                                                               ###
.
                          Number of energy groups:             20
                        Nuclides for gamma source:            all
                             Print gamma activity:            yes
                              Print gamma spectra:            yes
                              Gamma/X-ray library:            yes
                Spontaneous fission/(a,n) library:            yes
                           Bremsstrahlung library:            UO2
       Split near-boundary lines into both groups:             no
          Scale line intensity to conserve energy:             no
         Adjust total energy for missing nuclides:             no
                    Expand continuous gamma areas:            yes
                  Warn about unbinned gamma lines:             no
                             Print gamma emitters:             no
=========================================================================================================================
=   Case "decay" (#2/2)                                                                                                 =
-------------------------------------------------------------------------------------------------------------------------
###   Library settings                                                                                                ###
.
                                Library file name:     C:/Users/79063/AppData/Local/Temp/scale.79063.180/ft33f001
                             Library set position:              1
                 Fission product reaction removal:             no
-------------------------------------------------------------------------------------------------------------------------
###   Global settings                                                                                                 ###
.
                                           Solver:           CRAM
                                             Mode:        forward
                             Fixed fission energy:             no
-------------------------------------------------------------------------------------------------------------------------
###   Concentrations output options                                                                                   ###
.
                            High-precision output:             no
                                  Relative cutoff:            yes
                         Step for applying cutoff:       integral
.
                      light els.   actinides  fis.prods.       total
                       nuc    el   nuc    el   nuc    el   nuc    el             cutoff
gram-atoms             **          **          **          **                 1.000E-03
grams                                                                         1.000E-03
curies                                                                        1.000E-03
watts                                                                         1.000E-03
gamma watts                                                                   1.000E-03
m3 air                                                                        1.000E+06
m3 water                                                                      1.000E+04
grams ppm                                                                     1.000E-06
atoms ppm                                                                     1.000E-06
atoms/barn-cm                                                                 1.000E-06
becquerels                                                                    1.000E-06
-------------------------------------------------------------------------------------------------------------------------
###   Additional output options                                                                                       ###
.
                                      Print k-inf:             no
           Nuclides for absorption fraction print:           none
                              Print fission rates:             no
            Step for sorting absorption fractions:             10
-------------------------------------------------------------------------------------------------------------------------
###   Gamma calculation                                                                                               ###
.
                          Number of energy groups:             20
                        Nuclides for gamma source:            all
                             Print gamma activity:            yes
                              Print gamma spectra:            yes
                              Gamma/X-ray library:            yes
                Spontaneous fission/(a,n) library:            yes
                           Bremsstrahlung library:            UO2
       Split near-boundary lines into both groups:             no
          Scale line intensity to conserve energy:             no
         Adjust total energy for missing nuclides:             no
                    Expand continuous gamma areas:            yes
                  Warn about unbinned gamma lines:             no
                             Print gamma emitters:             no
=========================================================================================================================
###   Blending information                                                                                            ###
.
  --- no blending requested in this job ---
=========================================================================================================================
.
.
=========================================================================================================================
=   History overview for case 'irrad' (#1/2)                                                                            =
-------------------------------------------------------------------------------------------------------------------------
   step          t0          t1          dt           t        flux     fluence       power      energy
    (-)        (hr)        (hr)         (s)         (s)   (n/cm2-s)     (n/cm2)        (MW)       (MWd)
      1  0.0000E+00  1.0000E+04  3.6000E+07  3.6000E+07  0.0000E+00  0.0000E+00  0.0000E+00  0.0000E+00
      2  1.0000E+04  1.0014E+04  4.9919E+04  3.6050E+07  1.0836E+03  5.4090E+07  2.9392E-12  1.6982E-12
      3  1.0014E+04  1.0014E+04  6.0000E+01  3.6050E+07  7.0274E+02  5.4132E+07  1.9062E-12  1.6995E-12
      4  1.0014E+04  1.0016E+04  7.5460E+03  3.6058E+07  2.7819E+03  7.5125E+07  7.5459E-12  2.3585E-12
      5  1.0016E+04  1.0016E+04  1.7200E+02  3.6058E+07  3.4669E+04  8.1088E+07  9.4040E-11  2.5457E-12
      6  1.0016E+04  1.0016E+04  1.1700E+02  3.6058E+07  1.3457E+04  8.2662E+07  3.6503E-11  2.5952E-12
      7  1.0016E+04  1.0016E+04  1.0000E+02  3.6058E+07  3.2077E+04  8.5870E+07  8.7008E-11  2.6959E-12
      8  1.0016E+04  1.0016E+04  1.8000E+02  3.6058E+07  1.1150E+04  8.7877E+07  3.0243E-11  2.7589E-12
      9  1.0016E+04  1.0016E+04  8.3000E+01  3.6058E+07  3.2734E+04  9.0594E+07  8.8792E-11  2.8442E-12
     10  1.0016E+04  1.0017E+04  4.5190E+03  3.6063E+07  1.5860E+03  9.7761E+07  4.3020E-12  3.0692E-12
     11  1.0017E+04  1.0018E+04  8.9900E+02  3.6064E+07  1.0659E+05  1.9359E+08  2.8913E-10  6.0776E-12
     12  1.0018E+04  1.0018E+04  1.1300E+02  3.6064E+07  2.6660E+05  2.2371E+08  7.2316E-10  7.0234E-12
     13  1.0018E+04  1.0018E+04  4.0500E+02  3.6064E+07  7.2351E+04  2.5302E+08  1.9625E-10  7.9434E-12
     14  1.0018E+04  1.0019E+04  4.0950E+03  3.6068E+07  2.3843E+03  2.6278E+08  6.4673E-12  8.2499E-12
     15  1.0019E+04  1.0024E+04  1.8126E+04  3.6086E+07  5.1467E+04  1.1957E+09  1.3960E-10  3.7538E-11
     16  1.0024E+04  1.0038E+04  4.9242E+04  3.6136E+07  1.6000E+03  1.2745E+09  4.3401E-12  4.0011E-11
     17  1.0038E+04  1.0038E+04  2.5700E+02  3.6136E+07  7.1529E+04  1.2928E+09  1.9402E-10  4.0588E-11
     18  1.0038E+04  1.0038E+04  4.1700E+02  3.6136E+07  5.2341E+03  1.2950E+09  1.4198E-11  4.0657E-11
     19  1.0038E+04  1.0038E+04  2.2600E+02  3.6136E+07  6.4069E+04  1.3095E+09  1.7379E-10  4.1111E-11
     20  1.0038E+04  1.0038E+04  6.0700E+02  3.6137E+07  4.2869E+03  1.3121E+09  1.1628E-11  4.1193E-11
     21  1.0038E+04  1.0038E+04  7.3500E+02  3.6138E+07  7.0880E+04  1.3642E+09  1.9226E-10  4.2829E-11
     22  1.0038E+04  1.0038E+04  1.1000E+01  3.6138E+07  2.0653E+05  1.3665E+09  5.6022E-10  4.2900E-11
     23  1.0038E+04  1.0038E+04  4.2000E+01  3.6138E+07  6.5191E+04  1.3692E+09  1.7683E-10  4.2986E-11
     24  1.0038E+04  1.0038E+04  5.6300E+02  3.6138E+07  4.1450E+03  1.3715E+09  1.1243E-11  4.3059E-11
     25  1.0038E+04  1.0038E+04  1.3600E+02  3.6139E+07  7.6342E+04  1.3819E+09  2.0708E-10  4.3385E-11
     26  1.0038E+04  1.0039E+04  7.0000E+01  3.6139E+07  3.2585E+05  1.4047E+09  8.8388E-10  4.4101E-11
     27  1.0039E+04  1.0039E+04  3.7000E+01  3.6139E+07  6.8647E+04  1.4073E+09  1.8621E-10  4.4181E-11
     28  1.0039E+04  1.0039E+04  1.1870E+03  3.6140E+07  1.4348E+03  1.4090E+09  3.8918E-12  4.4235E-11
     29  1.0039E+04  1.0039E+04  1.4790E+03  3.6141E+07  9.8774E+02  1.4104E+09  2.6793E-12  4.4280E-11
     30  1.0039E+04  1.0039E+04  7.2000E+01  3.6141E+07  4.2397E+04  1.4135E+09  1.1500E-10  4.4376E-11
     31  1.0039E+04  1.0039E+04  3.1000E+01  3.6141E+07  1.5187E+05  1.4182E+09  4.1196E-10  4.4524E-11
     32  1.0039E+04  1.0039E+04  6.5000E+01  3.6142E+07  3.5849E+04  1.4205E+09  9.7242E-11  4.4597E-11
     33  1.0039E+04  1.0039E+04  3.9200E+02  3.6142E+07  2.9301E+03  1.4217E+09  7.9480E-12  4.4633E-11
     34  1.0039E+04  1.0039E+04  7.2000E+01  3.6142E+07  4.3113E+04  1.4248E+09  1.1694E-10  4.4731E-11
     35  1.0039E+04  1.0039E+04  8.0000E+00  3.6142E+07  1.1484E+05  1.4257E+09  3.1151E-10  4.4760E-11
     36  1.0039E+04  1.0040E+04  2.2300E+02  3.6142E+07  3.1843E+04  1.4328E+09  8.6374E-11  4.4982E-11
     37  1.0040E+04  1.0040E+04  2.6000E+01  3.6142E+07  1.4123E+05  1.4365E+09  3.8307E-10  4.5098E-11
     38  1.0040E+04  1.0040E+04  1.9200E+02  3.6142E+07  3.8748E+04  1.4439E+09  1.0510E-10  4.5331E-11
     39  1.0040E+04  1.0040E+04  3.7000E+01  3.6142E+07  1.7291E+05  1.4503E+09  4.6903E-10  4.5532E-11
     40  1.0040E+04  1.0040E+04  5.1000E+01  3.6143E+07  3.1040E+04  1.4519E+09  8.4196E-11  4.5582E-11
     41  1.0040E+04  1.0040E+04  3.3100E+02  3.6143E+07  3.6143E+03  1.4531E+09  9.8037E-12  4.5619E-11
     42  1.0040E+04  1.0040E+04  1.3500E+02  3.6143E+07  2.2444E+04  1.4561E+09  6.0879E-11  4.5715E-11
     43  1.0040E+04  1.0040E+04  4.5600E+02  3.6143E+07  3.5281E+03  1.4577E+09  9.5700E-12  4.5765E-11
     44  1.0040E+04  1.0040E+04  6.3000E+02  3.6144E+07  4.7191E+04  1.4875E+09  1.2801E-10  4.6698E-11
     45  1.0040E+04  1.0040E+04  1.5400E+02  3.6144E+07  3.3788E+05  1.5395E+09  9.1651E-10  4.8332E-11
     46  1.0040E+04  1.0040E+04  3.1000E+01  3.6144E+07  3.5629E+04  1.5406E+09  9.6644E-11  4.8367E-11
     47  1.0040E+04  1.0040E+04  6.2000E+01  3.6144E+07  4.0656E+03  1.5408E+09  1.1028E-11  4.8375E-11
     48  1.0040E+04  1.0042E+04  5.4960E+03  3.6150E+07  1.0343E+03  1.5465E+09  2.8056E-12  4.8553E-11
     49  1.0042E+04  1.0042E+04  1.2940E+03  3.6151E+07  1.2752E+03  1.5482E+09  3.4590E-12  4.8605E-11
     50  1.0042E+04  1.0042E+04  1.8100E+02  3.6151E+07  3.2463E+04  1.5541E+09  8.8055E-11  4.8789E-11
     51  1.0042E+04  1.0042E+04  4.2000E+01  3.6151E+07  1.0536E+04  1.5545E+09  2.8578E-11  4.8803E-11
     52  1.0042E+04  1.0042E+04  1.6200E+02  3.6151E+07  3.4586E+04  1.5601E+09  9.3816E-11  4.8979E-11
     53  1.0042E+04  1.0042E+04  1.2400E+02  3.6152E+07  8.2695E+03  1.5611E+09  2.2431E-11  4.9011E-11
     54  1.0042E+04  1.0042E+04  3.5200E+02  3.6152E+07  4.2206E+04  1.5760E+09  1.1448E-10  4.9478E-11
     55  1.0042E+04  1.0042E+04  4.9000E+01  3.6152E+07  1.6163E+05  1.5839E+09  4.3843E-10  4.9726E-11
     56  1.0042E+04  1.0042E+04  6.0000E+01  3.6152E+07  3.5134E+04  1.5860E+09  9.5301E-11  4.9793E-11
     57  1.0042E+04  1.0042E+04  3.0400E+02  3.6152E+07  4.4587E+03  1.5874E+09  1.2094E-11  4.9835E-11
     58  1.0042E+04  1.0042E+04  1.5300E+02  3.6153E+07  8.4085E+04  1.6002E+09  2.2808E-10  5.0239E-11
     59  1.0042E+04  1.0042E+04  4.1000E+01  3.6153E+07  1.4862E+05  1.6063E+09  4.0313E-10  5.0430E-11
     60  1.0042E+04  1.0042E+04  1.2400E+02  3.6153E+07  5.3090E+04  1.6129E+09  1.4401E-10  5.0637E-11
     61  1.0042E+04  1.0042E+04  2.3500E+02  3.6153E+07  2.0118E+04  1.6176E+09  5.4572E-11  5.0785E-11
     62  1.0042E+04  1.0042E+04  6.0000E+01  3.6153E+07  1.2157E+05  1.6249E+09  3.2975E-10  5.1014E-11
     63  1.0042E+04  1.0043E+04  1.1800E+02  3.6153E+07  3.0165E+05  1.6605E+09  8.1822E-10  5.2132E-11
     64  1.0043E+04  1.0043E+04  4.8000E+01  3.6153E+07  4.0505E+04  1.6625E+09  1.0987E-10  5.2193E-11
     65  1.0043E+04  1.0043E+04  1.2900E+02  3.6153E+07  2.5718E+03  1.6628E+09  6.9759E-12  5.2203E-11
     66  1.0043E+04  1.0045E+04  9.5720E+03  3.6163E+07  1.6387E+03  1.6785E+09  4.4450E-12  5.2696E-11
     67  1.0045E+04  1.0045E+04  5.9500E+02  3.6163E+07  7.1260E+04  1.7209E+09  1.9329E-10  5.4027E-11
     68  1.0045E+04  1.0046E+04  5.7000E+02  3.6164E+07  6.0774E+05  2.0673E+09  1.6485E-09  6.4902E-11
     69  1.0046E+04  1.0046E+04  1.1900E+02  3.6164E+07  6.3999E+04  2.0749E+09  1.7360E-10  6.5142E-11
     70  1.0046E+04  1.0062E+04  5.8773E+04  3.6223E+07  1.1575E+03  2.1429E+09  3.1397E-12  6.7277E-11
     71  1.0062E+04  1.0062E+04  1.9720E+03  3.6225E+07  2.3062E+03  2.1475E+09  6.2557E-12  6.7420E-11
     72  1.0062E+04  1.0062E+04  1.0000E+02  3.6225E+07  8.3307E+04  2.1558E+09  2.2597E-10  6.7682E-11
     73  1.0062E+04  1.0062E+04  1.3000E+01  3.6225E+07  2.2937E+05  2.1588E+09  6.2218E-10  6.7775E-11
     74  1.0062E+04  1.0063E+04  1.3000E+02  3.6225E+07  9.0648E+04  2.1706E+09  2.4588E-10  6.8145E-11
     75  1.0063E+04  1.0063E+04  3.2000E+02  3.6225E+07  7.2705E+03  2.1729E+09  1.9721E-11  6.8218E-11
     76  1.0063E+04  1.0063E+04  2.5100E+02  3.6226E+07  7.1677E+04  2.1909E+09  1.9442E-10  6.8783E-11
     77  1.0063E+04  1.0063E+04  2.0000E+01  3.6226E+07  2.5387E+05  2.1960E+09  6.8862E-10  6.8942E-11
     78  1.0063E+04  1.0063E+04  1.6100E+02  3.6226E+07  8.2531E+04  2.2093E+09  2.2387E-10  6.9360E-11
     79  1.0063E+04  1.0063E+04  2.6000E+01  3.6226E+07  2.7075E+05  2.2163E+09  7.3442E-10  6.9581E-11
     80  1.0063E+04  1.0063E+04  2.2800E+02  3.6226E+07  6.9678E+04  2.2322E+09  1.8900E-10  7.0079E-11
     81  1.0063E+04  1.0063E+04  4.0000E+01  3.6226E+07  3.1268E+05  2.2447E+09  8.4814E-10  7.0472E-11
     82  1.0063E+04  1.0063E+04  5.6000E+01  3.6226E+07  6.4465E+04  2.2483E+09  1.7486E-10  7.0585E-11
     83  1.0063E+04  1.0063E+04  3.5700E+02  3.6227E+07  8.0614E+03  2.2512E+09  2.1867E-11  7.0676E-11
     84  1.0063E+04  1.0063E+04  2.6400E+02  3.6227E+07  9.2759E+04  2.2757E+09  2.5161E-10  7.1445E-11
     85  1.0063E+04  1.0063E+04  1.1000E+01  3.6227E+07  2.1952E+05  2.2781E+09  5.9546E-10  7.1520E-11
     86  1.0063E+04  1.0063E+04  9.9000E+01  3.6227E+07  1.1876E+05  2.2899E+09  3.2214E-10  7.1889E-11
     87  1.0063E+04  1.0063E+04  1.7000E+01  3.6227E+07  2.2803E+05  2.2937E+09  6.1853E-10  7.2011E-11
     88  1.0063E+04  1.0063E+04  1.2600E+02  3.6227E+07  1.1685E+05  2.3085E+09  3.1696E-10  7.2473E-11
     89  1.0063E+04  1.0063E+04  7.9000E+01  3.6227E+07  4.5791E+05  2.3446E+09  1.2421E-09  7.3609E-11
     90  1.0063E+04  1.0063E+04  4.6000E+01  3.6227E+07  7.1316E+04  2.3479E+09  1.9345E-10  7.3712E-11
     91  1.0063E+04  1.0063E+04  3.0600E+02  3.6228E+07  3.1506E+03  2.3489E+09  8.5462E-12  7.3742E-11
     92  1.0063E+04  1.0063E+04  6.0000E+01  3.6228E+07  1.8567E+03  2.3490E+09  5.0363E-12  7.3746E-11
     93  1.0063E+04  1.0063E+04  6.0000E+01  3.6228E+07  1.4589E+03  2.3491E+09  3.9573E-12  7.3749E-11
     94  1.0063E+04  1.0064E+04  1.6800E+03  3.6229E+07  1.2469E+03  2.3512E+09  3.3822E-12  7.3814E-11
     95  1.0064E+04  1.0064E+04  4.2000E+02  3.6230E+07  2.4027E+03  2.3522E+09  6.5172E-12  7.3846E-11
     96  1.0064E+04  1.0064E+04  9.3000E+01  3.6230E+07  5.1629E+04  2.3570E+09  1.4005E-10  7.3997E-11
     97  1.0064E+04  1.0064E+04  4.0000E+00  3.6230E+07  1.3282E+05  2.3575E+09  3.6029E-10  7.4013E-11
     98  1.0064E+04  1.0064E+04  1.3100E+02  3.6230E+07  5.4503E+04  2.3646E+09  1.4784E-10  7.4238E-11
     99  1.0064E+04  1.0064E+04  2.1300E+02  3.6230E+07  5.8480E+03  2.3659E+09  1.5863E-11  7.4277E-11
    100  1.0064E+04  1.0064E+04  9.1000E+01  3.6230E+07  5.2038E+04  2.3706E+09  1.4115E-10  7.4425E-11
    101  1.0064E+04  1.0064E+04  2.8000E+01  3.6230E+07  1.6777E+05  2.3753E+09  4.5508E-10  7.4573E-11
    102  1.0064E+04  1.0064E+04  9.5000E+01  3.6230E+07  6.8242E+04  2.3818E+09  1.8511E-10  7.4776E-11
    103  1.0064E+04  1.0064E+04  1.4000E+01  3.6230E+07  1.4999E+05  2.3839E+09  4.0684E-10  7.4842E-11
    104  1.0064E+04  1.0064E+04  1.1800E+02  3.6231E+07  6.0017E+04  2.3910E+09  1.6280E-10  7.5065E-11
    105  1.0064E+04  1.0064E+04  1.4000E+01  3.6231E+07  1.4630E+05  2.3930E+09  3.9685E-10  7.5129E-11
    106  1.0064E+04  1.0064E+04  9.0000E+01  3.6231E+07  6.5466E+04  2.3989E+09  1.7758E-10  7.5314E-11
    107  1.0064E+04  1.0064E+04  1.8000E+01  3.6231E+07  1.5289E+05  2.4017E+09  4.1473E-10  7.5400E-11
    108  1.0064E+04  1.0064E+04  8.5000E+01  3.6231E+07  6.9687E+04  2.4076E+09  1.8903E-10  7.5586E-11
    109  1.0064E+04  1.0064E+04  2.2000E+01  3.6231E+07  1.6466E+05  2.4112E+09  4.4665E-10  7.5700E-11
    110  1.0064E+04  1.0064E+04  3.8000E+01  3.6231E+07  3.9580E+04  2.4127E+09  1.0736E-10  7.5747E-11
    111  1.0064E+04  1.0064E+04  2.8200E+02  3.6231E+07  5.7422E+03  2.4144E+09  1.5576E-11  7.5798E-11
    112  1.0064E+04  1.0064E+04  3.4500E+02  3.6231E+07  5.7512E+04  2.4342E+09  1.5600E-10  7.6421E-11
    113  1.0064E+04  1.0064E+04  7.0000E+01  3.6232E+07  2.7317E+05  2.4533E+09  7.4098E-10  7.7021E-11
    114  1.0064E+04  1.0064E+04  3.9000E+01  3.6232E+07  4.5567E+04  2.4551E+09  1.2360E-10  7.7077E-11
    115  1.0064E+04  1.0064E+04  2.0600E+02  3.6232E+07  2.1734E+03  2.4555E+09  5.8952E-12  7.7091E-11
    116  1.0064E+04  1.0066E+04  4.9800E+03  3.6237E+07  1.1249E+03  2.4611E+09  3.0512E-12  7.7267E-11
    117  1.0066E+04  1.0066E+04  8.7100E+02  3.6238E+07  2.4759E+03  2.4633E+09  6.7160E-12  7.7335E-11
    118  1.0066E+04  1.0066E+04  2.1500E+02  3.6238E+07  8.0601E+04  2.4806E+09  2.1863E-10  7.7879E-11
    119  1.0066E+04  1.0066E+04  2.8000E+02  3.6238E+07  7.2968E+03  2.4827E+09  1.9793E-11  7.7943E-11
    120  1.0066E+04  1.0066E+04  1.5200E+02  3.6238E+07  5.7611E+04  2.4914E+09  1.5627E-10  7.8218E-11
    121  1.0066E+04  1.0066E+04  4.5000E+01  3.6238E+07  1.9240E+04  2.4923E+09  5.2188E-11  7.8245E-11
    122  1.0066E+04  1.0066E+04  4.6500E+02  3.6239E+07  7.6766E+04  2.5280E+09  2.0823E-10  7.9366E-11
    123  1.0066E+04  1.0066E+04  2.3000E+01  3.6239E+07  2.5454E+05  2.5338E+09  6.9044E-10  7.9550E-11
    124  1.0066E+04  1.0066E+04  4.2000E+01  3.6239E+07  6.2211E+04  2.5365E+09  1.6875E-10  7.9632E-11
    125  1.0066E+04  1.0066E+04  3.6300E+02  3.6239E+07  6.1486E+03  2.5387E+09  1.6678E-11  7.9702E-11
    126  1.0066E+04  1.0066E+04  1.1100E+02  3.6239E+07  8.3378E+04  2.5479E+09  2.2616E-10  7.9992E-11
    127  1.0066E+04  1.0066E+04  6.2000E+01  3.6239E+07  3.6178E+05  2.5704E+09  9.8132E-10  8.0696E-11
    128  1.0066E+04  1.0066E+04  3.7000E+01  3.6239E+07  7.3168E+04  2.5731E+09  1.9847E-10  8.0781E-11
    129  1.0066E+04  1.0067E+04  1.4400E+02  3.6240E+07  3.6594E+03  2.5736E+09  9.9261E-12  8.0798E-11
    130  1.0067E+04  1.0068E+04  4.8600E+03  3.6244E+07  1.0884E+03  2.5789E+09  2.9523E-12  8.0964E-11
    131  1.0068E+04  1.0068E+04  6.0000E+01  3.6244E+07  3.7524E+02  2.5789E+09  1.0179E-12  8.0965E-11
    132  1.0068E+04  1.0068E+04  1.6780E+03  3.6246E+07  1.7646E+03  2.5819E+09  4.7864E-12  8.1058E-11
    133  1.0068E+04  1.0068E+04  2.1000E+01  3.6246E+07  2.1118E+04  2.5823E+09  5.7283E-11  8.1072E-11
    134  1.0068E+04  1.0069E+04  9.0700E+02  3.6247E+07  3.1623E+03  2.5852E+09  8.5777E-12  8.1162E-11
    135  1.0069E+04  1.0069E+04  1.3900E+02  3.6247E+07  7.6488E+04  2.5958E+09  2.0748E-10  8.1495E-11
    136  1.0069E+04  1.0069E+04  1.7000E+01  3.6247E+07  2.1384E+05  2.5995E+09  5.8005E-10  8.1610E-11
    137  1.0069E+04  1.0069E+04  1.0000E+02  3.6247E+07  7.7992E+04  2.6073E+09  2.1155E-10  8.1854E-11
    138  1.0069E+04  1.0069E+04  1.0090E+03  3.6248E+07  3.1007E+03  2.6104E+09  8.4108E-12  8.1953E-11
    139  1.0069E+04  1.0069E+04  1.3700E+02  3.6248E+07  7.6611E+04  2.6209E+09  2.0781E-10  8.2282E-11
    140  1.0069E+04  1.0069E+04  2.1900E+02  3.6249E+07  6.6375E+05  2.7662E+09  1.8004E-09  8.6846E-11
    141  1.0069E+04  1.0069E+04  1.2300E+02  3.6249E+07  6.2796E+04  2.7740E+09  1.7033E-10  8.7088E-11
    142  1.0069E+04  1.0071E+04  6.8860E+03  3.6256E+07  1.4754E+03  2.7841E+09  4.0020E-12  8.7407E-11
    143  1.0071E+04  1.0071E+04  2.3000E+01  3.6256E+07  2.1329E+04  2.7846E+09  5.7855E-11  8.7423E-11
    144  1.0071E+04  1.0072E+04  2.2120E+03  3.6258E+07  2.0319E+03  2.7891E+09  5.5114E-12  8.7564E-11
    145  1.0072E+04  1.0072E+04  1.3800E+02  3.6258E+07  7.6803E+04  2.7997E+09  2.0833E-10  8.7896E-11
    146  1.0072E+04  1.0072E+04  1.5000E+01  3.6258E+07  2.1131E+05  2.8029E+09  5.7319E-10  8.7996E-11
    147  1.0072E+04  1.0072E+04  9.5000E+01  3.6258E+07  7.6139E+04  2.8101E+09  2.0653E-10  8.8223E-11
    148  1.0072E+04  1.0072E+04  1.3970E+03  3.6260E+07  2.6053E+03  2.8138E+09  7.0670E-12  8.8337E-11
    149  1.0072E+04  1.0072E+04  1.3700E+02  3.6260E+07  7.6416E+04  2.8242E+09  2.0728E-10  8.8666E-11
    150  1.0072E+04  1.0072E+04  1.7800E+02  3.6260E+07  5.3242E+05  2.9190E+09  1.4442E-09  9.1641E-11
    151  1.0072E+04  1.0072E+04  1.1000E+02  3.6260E+07  3.5650E+04  2.9229E+09  9.6702E-11  9.1764E-11
    152  1.0072E+04  1.0086E+04  4.9174E+04  3.6309E+07  1.1405E+03  2.9790E+09  3.0937E-12  9.3525E-11
    153  1.0086E+04  1.0086E+04  4.4700E+02  3.6310E+07  1.7715E+03  2.9798E+09  4.8052E-12  9.3550E-11
    154  1.0086E+04  1.0086E+04  2.1300E+02  3.6310E+07  5.8355E+04  2.9922E+09  1.5829E-10  9.3940E-11
    155  1.0086E+04  1.0086E+04  1.9600E+02  3.6310E+07  8.1571E+03  2.9938E+09  2.2126E-11  9.3990E-11
    156  1.0086E+04  1.0086E+04  9.0000E+02  3.6311E+07  5.9620E+04  3.0475E+09  1.6172E-10  9.5675E-11
    157  1.0086E+04  1.0086E+04  3.6000E+02  3.6311E+07  1.0401E+04  3.0512E+09  2.8214E-11  9.5793E-11
    158  1.0086E+04  1.0087E+04  2.9000E+02  3.6312E+07  7.8308E+04  3.0739E+09  2.1241E-10  9.6506E-11
    159  1.0087E+04  1.0087E+04  4.0000E+00  3.6312E+07  1.3830E+05  3.0745E+09  3.7515E-10  9.6523E-11
    160  1.0087E+04  1.0087E+04  2.0300E+02  3.6312E+07  5.8469E+04  3.0864E+09  1.5860E-10  9.6896E-11
    161  1.0087E+04  1.0087E+04  5.0000E+00  3.6312E+07  1.3897E+05  3.0870E+09  3.7696E-10  9.6917E-11
    162  1.0087E+04  1.0087E+04  3.1200E+02  3.6312E+07  6.4908E+04  3.1073E+09  1.7606E-10  9.7553E-11
    163  1.0087E+04  1.0087E+04  3.4000E+01  3.6312E+07  1.5973E+05  3.1127E+09  4.3327E-10  9.7724E-11
    164  1.0087E+04  1.0087E+04  4.8000E+01  3.6312E+07  4.0888E+04  3.1147E+09  1.1091E-10  9.7785E-11
    165  1.0087E+04  1.0087E+04  2.3600E+02  3.6312E+07  1.3260E+04  3.1178E+09  3.5967E-11  9.7884E-11
    166  1.0087E+04  1.0087E+04  2.6400E+02  3.6313E+07  7.7733E+04  3.1383E+09  2.1085E-10  9.8528E-11
    167  1.0087E+04  1.0087E+04  2.5000E+01  3.6313E+07  1.6058E+05  3.1424E+09  4.3558E-10  9.8654E-11
    168  1.0087E+04  1.0087E+04  9.2000E+01  3.6313E+07  7.5967E+04  3.1493E+09  2.0606E-10  9.8873E-11
    169  1.0087E+04  1.0087E+04  1.7000E+01  3.6313E+07  1.4944E+05  3.1519E+09  4.0535E-10  9.8953E-11
    170  1.0087E+04  1.0087E+04  1.0400E+02  3.6313E+07  8.4631E+04  3.1607E+09  2.2956E-10  9.9229E-11
    171  1.0087E+04  1.0087E+04  4.4000E+01  3.6313E+07  2.5334E+05  3.1718E+09  6.8719E-10  9.9579E-11
    172  1.0087E+04  1.0087E+04  3.7000E+01  3.6313E+07  4.8031E+04  3.1736E+09  1.3029E-10  9.9635E-11
    173  1.0087E+04  1.0087E+04  2.0600E+02  3.6313E+07  1.9721E+03  3.1740E+09  5.3495E-12  9.9648E-11
    174  1.0087E+04  1.0087E+04  1.2000E+03  3.6314E+07  1.3112E+03  3.1756E+09  3.5567E-12  9.9697E-11
    175  1.0087E+04  1.0088E+04  7.0100E+02  3.6315E+07  2.8841E+03  3.1776E+09  7.8231E-12  9.9761E-11
    176  1.0088E+04  1.0088E+04  1.1100E+02  3.6315E+07  8.3103E+04  3.1868E+09  2.2542E-10  1.0005E-10
    177  1.0088E+04  1.0088E+04  6.5000E+01  3.6315E+07  3.7412E+05  3.2112E+09  1.0148E-09  1.0081E-10
    178  1.0088E+04  1.0088E+04  3.8000E+01  3.6315E+07  7.3000E+04  3.2139E+09  1.9801E-10  1.0090E-10
    179  1.0088E+04  1.0088E+04  1.3700E+02  3.6315E+07  3.7519E+03  3.2144E+09  1.0177E-11  1.0092E-10
    180  1.0088E+04  1.0097E+04  3.2160E+04  3.6348E+07  1.2917E+03  3.2560E+09  3.5039E-12  1.0222E-10
    181  1.0097E+04  1.0097E+04  6.0000E+02  3.6348E+07  1.4194E+05  3.3412E+09  3.8501E-10  1.0489E-10
    182  1.0097E+04  1.0110E+04  4.6379E+04  3.6395E+07  1.4274E+03  3.4074E+09  3.8717E-12  1.0697E-10
    183  1.0110E+04  1.0110E+04  6.0000E+01  3.6395E+07  9.3412E+04  3.4130E+09  2.5338E-10  1.0715E-10
    184  1.0110E+04  1.0110E+04  1.8000E+02  3.6395E+07  1.6920E+05  3.4434E+09  4.5895E-10  1.0811E-10
    185  1.0110E+04  1.0110E+04  6.0000E+01  3.6395E+07  9.3631E+04  3.4490E+09  2.5398E-10  1.0828E-10
    186  1.0110E+04  1.0110E+04  3.0000E+02  3.6395E+07  2.9958E+04  3.4580E+09  8.1261E-11  1.0856E-10
    187  1.0110E+04  1.0110E+04  1.0200E+03  3.6396E+07  5.9040E+03  3.4640E+09  1.6015E-11  1.0875E-10
    188  1.0110E+04  1.0110E+04  6.0000E+01  3.6396E+07  2.6195E+00  3.4640E+09  7.1055E-15  1.0875E-10
    189  1.0110E+04  1.0110E+04  1.2140E+03  3.6397E+07  1.5427E+03  3.4659E+09  4.1845E-12  1.0881E-10
    190  1.0110E+04  1.0110E+04  1.0900E+02  3.6398E+07  3.5295E+04  3.4698E+09  9.5738E-11  1.0893E-10
    191  1.0110E+04  1.0111E+04  1.4400E+03  3.6399E+07  1.2630E+03  3.4716E+09  3.4258E-12  1.0899E-10
    192  1.0111E+04  1.0111E+04  2.4000E+02  3.6399E+07  1.9123E+04  3.4762E+09  5.1872E-11  1.0913E-10
    193  1.0111E+04  1.0111E+04  9.5000E+01  3.6399E+07  1.1977E+05  3.4875E+09  3.2488E-10  1.0949E-10
    194  1.0111E+04  1.0111E+04  7.1000E+01  3.6399E+07  3.3155E+04  3.4899E+09  8.9935E-11  1.0956E-10
    195  1.0111E+04  1.0111E+04  9.6000E+02  3.6400E+07  1.2112E+03  3.4911E+09  3.2855E-12  1.0960E-10
    196  1.0111E+04  1.0111E+04  2.4000E+02  3.6401E+07  1.3768E+04  3.4944E+09  3.7345E-11  1.0971E-10
    197  1.0111E+04  1.0111E+04  1.0400E+02  3.6401E+07  1.2486E+05  3.5074E+09  3.3869E-10  1.1011E-10
    198  1.0111E+04  1.0111E+04  9.7000E+01  3.6401E+07  3.6978E+04  3.5109E+09  1.0030E-10  1.1023E-10
    199  1.0111E+04  1.0112E+04  3.1800E+03  3.6404E+07  1.1357E+03  3.5146E+09  3.0807E-12  1.1034E-10
    200  1.0112E+04  1.0112E+04  2.4000E+02  3.6404E+07  1.2520E+04  3.5176E+09  3.3960E-11  1.1043E-10
    201  1.0112E+04  1.0112E+04  1.1600E+02  3.6404E+07  8.9343E+04  3.5279E+09  2.4234E-10  1.1076E-10
    202  1.0112E+04  1.0112E+04  7.1000E+01  3.6404E+07  3.4730E+04  3.5304E+09  9.4205E-11  1.1084E-10
    203  1.0112E+04  1.0114E+04  5.9400E+03  3.6410E+07  1.1254E+03  3.5371E+09  3.0526E-12  1.1105E-10
    204  1.0114E+04  1.0114E+04  3.8900E+02  3.6411E+07  3.4664E+03  3.5384E+09  9.4028E-12  1.1109E-10
    205  1.0114E+04  1.0114E+04  6.0000E+01  3.6411E+07  7.6438E+04  3.5430E+09  2.0734E-10  1.1123E-10
    206  1.0114E+04  1.0114E+04  1.9000E+01  3.6411E+07  2.4142E+05  3.5476E+09  6.5486E-10  1.1138E-10
    207  1.0114E+04  1.0114E+04  6.9998E+00  3.6411E+07  2.1387E+05  3.5491E+09  5.8014E-10  1.1142E-10
    208  1.0114E+04  1.0114E+04  7.1000E+01  3.6411E+07  4.7940E+04  3.5525E+09  1.3004E-10  1.1153E-10
    209  1.0114E+04  1.0120E+04  2.1360E+04  3.6432E+07  1.1092E+03  3.5762E+09  3.0086E-12  1.1227E-10
    210  1.0120E+04  1.0120E+04  6.0000E+01  3.6432E+07  6.1481E+02  3.5762E+09  1.6677E-12  1.1227E-10
    211  1.0120E+04  1.0120E+04  1.1990E+03  3.6434E+07  5.2734E+03  3.5825E+09  1.4304E-11  1.1247E-10
    212  1.0120E+04  1.0121E+04  4.1900E+02  3.6434E+07  1.0285E+05  3.6256E+09  2.7898E-10  1.1383E-10
    213  1.0121E+04  1.0121E+04  3.7600E+02  3.6434E+07  7.2996E+03  3.6284E+09  1.9800E-11  1.1391E-10
    214  1.0121E+04  1.0121E+04  2.1700E+02  3.6435E+07  8.0332E+03  3.6301E+09  2.1790E-11  1.1397E-10
    215  1.0121E+04  1.0121E+04  1.9700E+02  3.6435E+07  5.2806E+04  3.6405E+09  1.4324E-10  1.1429E-10
    216  1.0121E+04  1.0121E+04  1.9800E+02  3.6435E+07  4.3460E+05  3.7266E+09  1.1789E-09  1.1700E-10
    217  1.0121E+04  1.0121E+04  4.5000E+01  3.6435E+07  4.6742E+04  3.7287E+09  1.2679E-10  1.1706E-10
    218  1.0121E+04  1.0121E+04  2.9200E+02  3.6435E+07  1.8295E+03  3.7292E+09  4.9626E-12  1.1708E-10
    219  1.0121E+04  1.0133E+04  4.3379E+04  3.6479E+07  1.1334E+03  3.7784E+09  3.0745E-12  1.1862E-10
    220  1.0133E+04  1.0133E+04  1.2000E+02  3.6479E+07  1.6178E+03  3.7786E+09  4.3882E-12  1.1863E-10
    221  1.0133E+04  1.0133E+04  4.8000E+02  3.6479E+07  1.1548E+03  3.7791E+09  3.1323E-12  1.1865E-10
    222  1.0133E+04  1.0133E+04  7.8000E+02  3.6480E+07  8.3110E+03  3.7856E+09  2.2544E-11  1.1885E-10
    223  1.0133E+04  1.0133E+04  1.1300E+02  3.6480E+07  2.0401E+05  3.8087E+09  5.5337E-10  1.1957E-10
    224  1.0133E+04  1.0133E+04  1.3400E+02  3.6480E+07  7.6241E+05  3.9108E+09  2.0680E-09  1.2278E-10
    225  1.0133E+04  1.0133E+04  4.5000E+01  3.6480E+07  7.3872E+04  3.9142E+09  2.0038E-10  1.2288E-10
    226  1.0133E+04  1.0135E+04  4.2710E+03  3.6485E+07  1.5905E+03  3.9209E+09  4.3143E-12  1.2310E-10
    227  1.0135E+04  1.0135E+04  2.5800E+03  3.6487E+07  1.1064E+03  3.9238E+09  3.0012E-12  1.2319E-10
    228  1.0135E+04  1.0136E+04  9.1700E+02  3.6488E+07  1.5106E+03  3.9252E+09  4.0975E-12  1.2323E-10
    229  1.0136E+04  1.0136E+04  5.4000E+01  3.6488E+07  4.7674E+04  3.9278E+09  1.2932E-10  1.2331E-10
    230  1.0136E+04  1.0136E+04  8.9000E+01  3.6488E+07  4.7258E+05  3.9698E+09  1.2819E-09  1.2463E-10
    231  1.0136E+04  1.0136E+04  5.1000E+01  3.6488E+07  4.0500E+04  3.9719E+09  1.0986E-10  1.2470E-10
    232  1.0136E+04  1.0136E+04  2.9900E+02  3.6489E+07  1.7246E+03  3.9724E+09  4.6779E-12  1.2471E-10
    233  1.0136E+04  1.0136E+04  5.4000E+02  3.6489E+07  9.7992E+02  3.9729E+09  2.6580E-12  1.2473E-10
    234  1.0136E+04  1.0136E+04  4.2000E+02  3.6490E+07  9.5518E+02  3.9733E+09  2.5909E-12  1.2474E-10
    235  1.0136E+04  1.0136E+04  3.6000E+02  3.6490E+07  1.2285E+03  3.9738E+09  3.3323E-12  1.2476E-10
    236  1.0136E+04  1.0136E+04  3.5200E+02  3.6490E+07  4.0847E+03  3.9752E+09  1.1080E-11  1.2480E-10
    237  1.0136E+04  1.0136E+04  1.0000E+02  3.6490E+07  8.4499E+04  3.9837E+09  2.2921E-10  1.2507E-10
    238  1.0136E+04  1.0136E+04  1.3000E+02  3.6491E+07  8.0016E+05  4.0877E+09  2.1704E-09  1.2833E-10
    239  1.0136E+04  1.0136E+04  5.4000E+01  3.6491E+07  7.2103E+04  4.0916E+09  1.9558E-10  1.2845E-10
    240  1.0136E+04  1.0136E+04  1.0400E+02  3.6491E+07  4.8145E+03  4.0921E+09  1.3059E-11  1.2847E-10
    241  1.0136E+04  1.0138E+04  4.6800E+03  3.6495E+07  1.1560E+03  4.0975E+09  3.1357E-12  1.2864E-10
    242  1.0138E+04  1.0138E+04  1.2000E+02  3.6495E+07  8.5616E+02  4.0976E+09  2.3223E-12  1.2864E-10
    243  1.0138E+04  1.0138E+04  7.8000E+02  3.6496E+07  1.1486E+03  4.0985E+09  3.1157E-12  1.2867E-10
    244  1.0138E+04  1.0138E+04  5.1700E+02  3.6497E+07  1.9772E+03  4.0995E+09  5.3632E-12  1.2870E-10
    245  1.0138E+04  1.0138E+04  1.2500E+02  3.6497E+07  4.2431E+04  4.1048E+09  1.1509E-10  1.2887E-10
    246  1.0138E+04  1.0138E+04  1.2100E+02  3.6497E+07  3.2961E+05  4.1447E+09  8.9408E-10  1.3012E-10
    247  1.0138E+04  1.0138E+04  3.3000E+01  3.6497E+07  3.5570E+04  4.1459E+09  9.6484E-11  1.3016E-10
    248  1.0138E+04  1.0138E+04  5.8000E+01  3.6497E+07  4.3522E+03  4.1461E+09  1.1805E-11  1.3017E-10
    249  1.0138E+04  1.0159E+04  7.4623E+04  3.6572E+07  1.0709E+03  4.2260E+09  2.9049E-12  1.3268E-10
    250  1.0159E+04  1.0159E+04  1.2000E+02  3.6572E+07  6.9776E+02  4.2261E+09  1.8927E-12  1.3268E-10
    251  1.0159E+04  1.0160E+04  3.3590E+03  3.6575E+07  1.2175E+03  4.2302E+09  3.3026E-12  1.3281E-10
          
              step - step index within this case
                t0 - time at beginning-of-step in input units
                t1 - time at end-of-step in input units
                dt - length of step in seconds
                 t - end-of-step cumulative time in seconds
              flux - flux in neutrons/cm^2-sec (CALCULATED)
           fluence - cumulative end-of-step fluence in neutrons/cm^2 (CALCULATED)
             power - power in mega-watts (INPUT)     
            energy - cumulative end-of-step energy released in mega-watt-days (INPUT)     
=========================================================================================================================
.
.
.
.
.
*************************************************************************************************************************
********************                                                                                 ********************
********************                                                                                 ********************
********************                    Library information                                          ********************
********************                                                                                 ********************
********************                                                                                 ********************
*************************************************************************************************************************
.
.
=========================================================================================================================
=   Library summary for case 'irrad' (#1/2)                                                                             =
-------------------------------------------------------------------------------------------------------------------------
filename: C:/Users/79063/AppData/Local/Temp/scale.79063.180/ft33f001 cross-section data taken from position number: 1
library title delimited by {}: 
{}
date library was produced: 0/0/0
total number of nuclides in library: 2237
number of light-element nuclides: 910
number of actinide nuclides: 176
number of fission product nuclides: 1151
number of nonzero off-diagonal matrix elements: 17833
=========================================================================================================================
.
.
*************************************************************************************************************************
********************                                                                                 ********************
********************                                                                                 ********************
********************                    Concentration tables                                         ********************
********************                                                                                 ********************
********************                                                                                 ********************
*************************************************************************************************************************
.
.
=========================================================================================================================
=   Nuclide concentrations in gram-atoms, light elements for case 'irrad' (#1/2)                                        =
-------------------------------------------------------------------------------------------------------------------------
  (relative cutoff; integral of concentrations over time >   1.00E-03 % of integral of all concentrations over time)
.
                   0.000hr  ********hr  ********hr  ********hr  ********hr  ********hr  ********hr  ********hr  ********hr  ********hr  ********hr  ********hr  ********hr  ********hr  ********hr  ********hr  ********hr  ********hr  ********hr  ********hr  ********hr  ********hr  ********hr  ********hr  ********hr  ********hr  ********hr  ********hr  ********hr  ********hr  ********hr  ********hr  ********hr  ********hr  ********hr  ********hr  ********hr  ********hr  ********hr  ********hr  ********hr  ********hr  ********hr  ********hr  ********hr  ********hr  ********hr  ********hr  ********hr  ********hr  ********hr  ********hr  ********hr  ********hr  ********hr  ********hr  ********hr  ********hr  ********hr  ********hr  ********hr  ********hr  ********hr  ********hr  ********hr  ********hr  ********hr  ********hr  ********hr  ********hr  ********hr  ********hr  ********hr  ********hr  ********hr  ********hr  ********hr  ********hr  ********hr  ********hr  ********hr  ********hr  ********hr  ********hr  ********hr  ********hr  ********hr  ********hr  ********hr  ********hr  ********hr  ********hr  ********hr  ********hr  ********hr  ********hr  ********hr  ********hr  ********hr  ********hr  ********hr  ********hr  ********hr  ********hr  ********hr  ********hr  ********hr  ********hr  ********hr  ********hr  ********hr  ********hr  ********hr  ********hr  ********hr  ********hr  ********hr  ********hr  ********hr  ********hr  ********hr  ********hr  ********hr  ********hr  ********hr  ********hr  ********hr  ********hr  ********hr  ********hr  ********hr  ********hr  ********hr  ********hr  ********hr  ********hr  ********hr  ********hr  ********hr  ********hr  ********hr  ********hr  ********hr  ********hr  ********hr  ********hr  ********hr  ********hr  ********hr  ********hr  ********hr  ********hr  ********hr  ********hr  ********hr  ********hr  ********hr  ********hr  ********hr  ********hr  ********hr  ********hr  ********hr  ********hr  ********hr  ********hr  ********hr  ********hr  ********hr  ********hr  ********hr  ********hr  ********hr  ********hr  ********hr  ********hr  ********hr  ********hr  ********hr  ********hr  ********hr  ********hr  ********hr  ********hr  ********hr  ********hr  ********hr  ********hr  ********hr  ********hr  ********hr  ********hr  ********hr  ********hr  ********hr  ********hr  ********hr  ********hr  ********hr  ********hr  ********hr  ********hr  ********hr  ********hr  ********hr  ********hr  ********hr  ********hr  ********hr  ********hr  ********hr  ********hr  ********hr  ********hr  ********hr  ********hr  ********hr  ********hr  ********hr  ********hr  ********hr  ********hr  ********hr  ********hr  ********hr  ********hr  ********hr  ********hr  ********hr  ********hr  ********hr  ********hr  ********hr  ********hr  ********hr  ********hr  ********hr  ********hr  ********hr  ********hr  ********hr  ********hr  ********hr  ********hr  ********hr  ********hr  ********hr  ********hr  ********hr  ********hr  ********hr  ********hr  
  h-1          1.0988E+01  1.0988E+01  1.0988E+01  1.0988E+01  1.0988E+01  1.0988E+01  1.0988E+01  1.0988E+01  1.0988E+01  1.0988E+01  1.0988E+01  1.0988E+01  1.0988E+01  1.0988E+01  1.0988E+01  1.0988E+01  1.0988E+01  1.0988E+01  1.0988E+01  1.0988E+01  1.0988E+01  1.0988E+01  1.0988E+01  1.0988E+01  1.0988E+01  1.0988E+01  1.0988E+01  1.0988E+01  1.0988E+01  1.0988E+01  1.0988E+01  1.0988E+01  1.0988E+01  1.0988E+01  1.0988E+01  1.0988E+01  1.0988E+01  1.0988E+01  1.0988E+01  1.0988E+01  1.0988E+01  1.0988E+01  1.0988E+01  1.0988E+01  1.0988E+01  1.0988E+01  1.0988E+01  1.0988E+01  1.0988E+01  1.0988E+01  1.0988E+01  1.0988E+01  1.0988E+01  1.0988E+01  1.0988E+01  1.0988E+01  1.0988E+01  1.0988E+01  1.0988E+01  1.0988E+01  1.0988E+01  1.0988E+01  1.0988E+01  1.0988E+01  1.0988E+01  1.0988E+01  1.0988E+01  1.0988E+01  1.0988E+01  1.0988E+01  1.0988E+01  1.0988E+01  1.0988E+01  1.0988E+01  1.0988E+01  1.0988E+01  1.0988E+01  1.0988E+01  1.0988E+01  1.0988E+01  1.0988E+01  1.0988E+01  1.0988E+01  1.0988E+01  1.0988E+01  1.0988E+01  1.0988E+01  1.0988E+01  1.0988E+01  1.0988E+01  1.0988E+01  1.0988E+01  1.0988E+01  1.0988E+01  1.0988E+01  1.0988E+01  1.0988E+01  1.0988E+01  1.0988E+01  1.0988E+01  1.0988E+01  1.0988E+01  1.0988E+01  1.0988E+01  1.0988E+01  1.0988E+01  1.0988E+01  1.0988E+01  1.0988E+01  1.0988E+01  1.0988E+01  1.0988E+01  1.0988E+01  1.0988E+01  1.0988E+01  1.0988E+01  1.0988E+01  1.0988E+01  1.0988E+01  1.0988E+01  1.0988E+01  1.0988E+01  1.0988E+01  1.0988E+01  1.0988E+01  1.0988E+01  1.0988E+01  1.0988E+01  1.0988E+01  1.0988E+01  1.0988E+01  1.0988E+01  1.0988E+01  1.0988E+01  1.0988E+01  1.0988E+01  1.0988E+01  1.0988E+01  1.0988E+01  1.0988E+01  1.0988E+01  1.0988E+01  1.0988E+01  1.0988E+01  1.0988E+01  1.0988E+01  1.0988E+01  1.0988E+01  1.0988E+01  1.0988E+01  1.0988E+01  1.0988E+01  1.0988E+01  1.0988E+01  1.0988E+01  1.0988E+01  1.0988E+01  1.0988E+01  1.0988E+01  1.0988E+01  1.0988E+01  1.0988E+01  1.0988E+01  1.0988E+01  1.0988E+01  1.0988E+01  1.0988E+01  1.0988E+01  1.0988E+01  1.0988E+01  1.0988E+01  1.0988E+01  1.0988E+01  1.0988E+01  1.0988E+01  1.0988E+01  1.0988E+01  1.0988E+01  1.0988E+01  1.0988E+01  1.0988E+01  1.0988E+01  1.0988E+01  1.0988E+01  1.0988E+01  1.0988E+01  1.0988E+01  1.0988E+01  1.0988E+01  1.0988E+01  1.0988E+01  1.0988E+01  1.0988E+01  1.0988E+01  1.0988E+01  1.0988E+01  1.0988E+01  1.0988E+01  1.0988E+01  1.0988E+01  1.0988E+01  1.0988E+01  1.0988E+01  1.0988E+01  1.0988E+01  1.0988E+01  1.0988E+01  1.0988E+01  1.0988E+01  1.0988E+01  1.0988E+01  1.0988E+01  1.0988E+01  1.0988E+01  1.0988E+01  1.0988E+01  1.0988E+01  1.0988E+01  1.0988E+01  1.0988E+01  1.0988E+01  1.0988E+01  1.0988E+01  1.0988E+01  1.0988E+01  1.0988E+01  1.0988E+01  1.0988E+01  1.0988E+01  1.0988E+01  1.0988E+01  1.0988E+01  1.0988E+01  1.0988E+01  1.0988E+01  1.0988E+01  1.0988E+01  1.0988E+01  1.0988E+01  1.0988E+01  1.0988E+01  1.0988E+01  1.0988E+01  1.0988E+01  1.0988E+01  1.0988E+01  1.0988E+01  1.0988E+01  1.0988E+01  1.0988E+01  1.0988E+01  1.0988E+01
  b-10         3.3482E-03  3.3482E-03  3.3482E-03  3.3482E-03  3.3482E-03  3.3482E-03  3.3482E-03  3.3482E-03  3.3482E-03  3.3482E-03  3.3482E-03  3.3482E-03  3.3482E-03  3.3482E-03  3.3482E-03  3.3482E-03  3.3482E-03  3.3482E-03  3.3482E-03  3.3482E-03  3.3482E-03  3.3482E-03  3.3482E-03  3.3482E-03  3.3482E-03  3.3482E-03  3.3482E-03  3.3482E-03  3.3482E-03  3.3482E-03  3.3482E-03  3.3482E-03  3.3482E-03  3.3482E-03  3.3482E-03  3.3482E-03  3.3482E-03  3.3482E-03  3.3482E-03  3.3482E-03  3.3482E-03  3.3482E-03  3.3482E-03  3.3482E-03  3.3482E-03  3.3482E-03  3.3482E-03  3.3482E-03  3.3482E-03  3.3482E-03  3.3482E-03  3.3482E-03  3.3482E-03  3.3482E-03  3.3482E-03  3.3482E-03  3.3482E-03  3.3482E-03  3.3482E-03  3.3482E-03  3.3482E-03  3.3482E-03  3.3482E-03  3.3482E-03  3.3482E-03  3.3482E-03  3.3482E-03  3.3482E-03  3.3482E-03  3.3482E-03  3.3482E-03  3.3482E-03  3.3482E-03  3.3482E-03  3.3482E-03  3.3482E-03  3.3482E-03  3.3482E-03  3.3482E-03  3.3482E-03  3.3482E-03  3.3482E-03  3.3482E-03  3.3482E-03  3.3482E-03  3.3482E-03  3.3482E-03  3.3482E-03  3.3482E-03  3.3482E-03  3.3482E-03  3.3482E-03  3.3482E-03  3.3482E-03  3.3482E-03  3.3482E-03  3.3482E-03  3.3482E-03  3.3482E-03  3.3482E-03  3.3482E-03  3.3482E-03  3.3482E-03  3.3482E-03  3.3482E-03  3.3482E-03  3.3482E-03  3.3482E-03  3.3482E-03  3.3482E-03  3.3482E-03  3.3482E-03  3.3482E-03  3.3482E-03  3.3482E-03  3.3482E-03  3.3482E-03  3.3482E-03  3.3482E-03  3.3482E-03  3.3482E-03  3.3482E-03  3.3482E-03  3.3482E-03  3.3482E-03  3.3482E-03  3.3482E-03  3.3482E-03  3.3482E-03  3.3482E-03  3.3482E-03  3.3482E-03  3.3482E-03  3.3482E-03  3.3482E-03  3.3482E-03  3.3482E-03  3.3482E-03  3.3482E-03  3.3482E-03  3.3482E-03  3.3482E-03  3.3482E-03  3.3482E-03  3.3482E-03  3.3482E-03  3.3482E-03  3.3482E-03  3.3482E-03  3.3482E-03  3.3482E-03  3.3482E-03  3.3482E-03  3.3482E-03  3.3482E-03  3.3482E-03  3.3482E-03  3.3482E-03  3.3482E-03  3.3482E-03  3.3482E-03  3.3482E-03  3.3482E-03  3.3482E-03  3.3482E-03  3.3482E-03  3.3482E-03  3.3482E-03  3.3482E-03  3.3482E-03  3.3482E-03  3.3482E-03  3.3482E-03  3.3482E-03  3.3482E-03  3.3482E-03  3.3482E-03  3.3482E-03  3.3482E-03  3.3482E-03  3.3482E-03  3.3482E-03  3.3482E-03  3.3482E-03  3.3482E-03  3.3482E-03  3.3482E-03  3.3482E-03  3.3482E-03  3.3482E-03  3.3482E-03  3.3482E-03  3.3482E-03  3.3482E-03  3.3482E-03  3.3482E-03  3.3482E-03  3.3482E-03  3.3482E-03  3.3482E-03  3.3482E-03  3.3482E-03  3.3482E-03  3.3482E-03  3.3482E-03  3.3482E-03  3.3482E-03  3.3482E-03  3.3482E-03  3.3482E-03  3.3482E-03  3.3482E-03  3.3482E-03  3.3482E-03  3.3482E-03  3.3482E-03  3.3482E-03  3.3482E-03  3.3482E-03  3.3482E-03  3.3482E-03  3.3482E-03  3.3482E-03  3.3482E-03  3.3482E-03  3.3482E-03  3.3482E-03  3.3482E-03  3.3482E-03  3.3482E-03  3.3482E-03  3.3482E-03  3.3482E-03  3.3482E-03  3.3482E-03  3.3482E-03  3.3482E-03  3.3482E-03  3.3482E-03  3.3482E-03  3.3482E-03  3.3482E-03  3.3482E-03  3.3482E-03  3.3482E-03  3.3482E-03  3.3482E-03  3.3482E-03  3.3482E-03  3.3482E-03  3.3482E-03  3.3482E-03
  b-11         1.3393E-02  1.3393E-02  1.3393E-02  1.3393E-02  1.3393E-02  1.3393E-02  1.3393E-02  1.3393E-02  1.3393E-02  1.3393E-02  1.3393E-02  1.3393E-02  1.3393E-02  1.3393E-02  1.3393E-02  1.3393E-02  1.3393E-02  1.3393E-02  1.3393E-02  1.3393E-02  1.3393E-02  1.3393E-02  1.3393E-02  1.3393E-02  1.3393E-02  1.3393E-02  1.3393E-02  1.3393E-02  1.3393E-02  1.3393E-02  1.3393E-02  1.3393E-02  1.3393E-02  1.3393E-02  1.3393E-02  1.3393E-02  1.3393E-02  1.3393E-02  1.3393E-02  1.3393E-02  1.3393E-02  1.3393E-02  1.3393E-02  1.3393E-02  1.3393E-02  1.3393E-02  1.3393E-02  1.3393E-02  1.3393E-02  1.3393E-02  1.3393E-02  1.3393E-02  1.3393E-02  1.3393E-02  1.3393E-02  1.3393E-02  1.3393E-02  1.3393E-02  1.3393E-02  1.3393E-02  1.3393E-02  1.3393E-02  1.3393E-02  1.3393E-02  1.3393E-02  1.3393E-02  1.3393E-02  1.3393E-02  1.3393E-02  1.3393E-02  1.3393E-02  1.3393E-02  1.3393E-02  1.3393E-02  1.3393E-02  1.3393E-02  1.3393E-02  1.3393E-02  1.3393E-02  1.3393E-02  1.3393E-02  1.3393E-02  1.3393E-02  1.3393E-02  1.3393E-02  1.3393E-02  1.3393E-02  1.3393E-02  1.3393E-02  1.3393E-02  1.3393E-02  1.3393E-02  1.3393E-02  1.3393E-02  1.3393E-02  1.3393E-02  1.3393E-02  1.3393E-02  1.3393E-02  1.3393E-02  1.3393E-02  1.3393E-02  1.3393E-02  1.3393E-02  1.3393E-02  1.3393E-02  1.3393E-02  1.3393E-02  1.3393E-02  1.3393E-02  1.3393E-02  1.3393E-02  1.3393E-02  1.3393E-02  1.3393E-02  1.3393E-02  1.3393E-02  1.3393E-02  1.3393E-02  1.3393E-02  1.3393E-02  1.3393E-02  1.3393E-02  1.3393E-02  1.3393E-02  1.3393E-02  1.3393E-02  1.3393E-02  1.3393E-02  1.3393E-02  1.3393E-02  1.3393E-02  1.3393E-02  1.3393E-02  1.3393E-02  1.3393E-02  1.3393E-02  1.3393E-02  1.3393E-02  1.3393E-02  1.3393E-02  1.3393E-02  1.3393E-02  1.3393E-02  1.3393E-02  1.3393E-02  1.3393E-02  1.3393E-02  1.3393E-02  1.3393E-02  1.3393E-02  1.3393E-02  1.3393E-02  1.3393E-02  1.3393E-02  1.3393E-02  1.3393E-02  1.3393E-02  1.3393E-02  1.3393E-02  1.3393E-02  1.3393E-02  1.3393E-02  1.3393E-02  1.3393E-02  1.3393E-02  1.3393E-02  1.3393E-02  1.3393E-02  1.3393E-02  1.3393E-02  1.3393E-02  1.3393E-02  1.3393E-02  1.3393E-02  1.3393E-02  1.3393E-02  1.3393E-02  1.3393E-02  1.3393E-02  1.3393E-02  1.3393E-02  1.3393E-02  1.3393E-02  1.3393E-02  1.3393E-02  1.3393E-02  1.3393E-02  1.3393E-02  1.3393E-02  1.3393E-02  1.3393E-02  1.3393E-02  1.3393E-02  1.3393E-02  1.3393E-02  1.3393E-02  1.3393E-02  1.3393E-02  1.3393E-02  1.3393E-02  1.3393E-02  1.3393E-02  1.3393E-02  1.3393E-02  1.3393E-02  1.3393E-02  1.3393E-02  1.3393E-02  1.3393E-02  1.3393E-02  1.3393E-02  1.3393E-02  1.3393E-02  1.3393E-02  1.3393E-02  1.3393E-02  1.3393E-02  1.3393E-02  1.3393E-02  1.3393E-02  1.3393E-02  1.3393E-02  1.3393E-02  1.3393E-02  1.3393E-02  1.3393E-02  1.3393E-02  1.3393E-02  1.3393E-02  1.3393E-02  1.3393E-02  1.3393E-02  1.3393E-02  1.3393E-02  1.3393E-02  1.3393E-02  1.3393E-02  1.3393E-02  1.3393E-02  1.3393E-02  1.3393E-02  1.3393E-02  1.3393E-02  1.3393E-02  1.3393E-02  1.3393E-02  1.3393E-02  1.3393E-02  1.3393E-02  1.3393E-02  1.3393E-02
  n-14         8.0091E-03  8.0091E-03  8.0091E-03  8.0091E-03  8.0091E-03  8.0091E-03  8.0091E-03  8.0091E-03  8.0091E-03  8.0091E-03  8.0091E-03  8.0091E-03  8.0091E-03  8.0091E-03  8.0091E-03  8.0091E-03  8.0091E-03  8.0091E-03  8.0091E-03  8.0091E-03  8.0091E-03  8.0091E-03  8.0091E-03  8.0091E-03  8.0091E-03  8.0091E-03  8.0091E-03  8.0091E-03  8.0091E-03  8.0091E-03  8.0091E-03  8.0091E-03  8.0091E-03  8.0091E-03  8.0091E-03  8.0091E-03  8.0091E-03  8.0091E-03  8.0091E-03  8.0091E-03  8.0091E-03  8.0091E-03  8.0091E-03  8.0091E-03  8.0091E-03  8.0091E-03  8.0091E-03  8.0091E-03  8.0091E-03  8.0091E-03  8.0091E-03  8.0091E-03  8.0091E-03  8.0091E-03  8.0091E-03  8.0091E-03  8.0091E-03  8.0091E-03  8.0091E-03  8.0091E-03  8.0091E-03  8.0091E-03  8.0091E-03  8.0091E-03  8.0091E-03  8.0091E-03  8.0091E-03  8.0091E-03  8.0091E-03  8.0091E-03  8.0091E-03  8.0091E-03  8.0091E-03  8.0091E-03  8.0091E-03  8.0091E-03  8.0091E-03  8.0091E-03  8.0091E-03  8.0091E-03  8.0091E-03  8.0091E-03  8.0091E-03  8.0091E-03  8.0091E-03  8.0091E-03  8.0091E-03  8.0091E-03  8.0091E-03  8.0091E-03  8.0091E-03  8.0091E-03  8.0091E-03  8.0091E-03  8.0091E-03  8.0091E-03  8.0091E-03  8.0091E-03  8.0091E-03  8.0091E-03  8.0091E-03  8.0091E-03  8.0091E-03  8.0091E-03  8.0091E-03  8.0091E-03  8.0091E-03  8.0091E-03  8.0091E-03  8.0091E-03  8.0091E-03  8.0091E-03  8.0091E-03  8.0091E-03  8.0091E-03  8.0091E-03  8.0091E-03  8.0091E-03  8.0091E-03  8.0091E-03  8.0091E-03  8.0091E-03  8.0091E-03  8.0091E-03  8.0091E-03  8.0091E-03  8.0091E-03  8.0091E-03  8.0091E-03  8.0091E-03  8.0091E-03  8.0091E-03  8.0091E-03  8.0091E-03  8.0091E-03  8.0091E-03  8.0091E-03  8.0091E-03  8.0091E-03  8.0091E-03  8.0091E-03  8.0091E-03  8.0091E-03  8.0091E-03  8.0091E-03  8.0091E-03  8.0091E-03  8.0091E-03  8.0091E-03  8.0091E-03  8.0091E-03  8.0091E-03  8.0091E-03  8.0091E-03  8.0091E-03  8.0091E-03  8.0091E-03  8.0091E-03  8.0091E-03  8.0091E-03  8.0091E-03  8.0091E-03  8.0091E-03  8.0091E-03  8.0091E-03  8.0091E-03  8.0091E-03  8.0091E-03  8.0091E-03  8.0091E-03  8.0091E-03  8.0091E-03  8.0091E-03  8.0091E-03  8.0091E-03  8.0091E-03  8.0091E-03  8.0091E-03  8.0091E-03  8.0091E-03  8.0091E-03  8.0091E-03  8.0091E-03  8.0091E-03  8.0091E-03  8.0091E-03  8.0091E-03  8.0091E-03  8.0091E-03  8.0091E-03  8.0091E-03  8.0091E-03  8.0091E-03  8.0091E-03  8.0091E-03  8.0091E-03  8.0091E-03  8.0091E-03  8.0091E-03  8.0091E-03  8.0091E-03  8.0091E-03  8.0091E-03  8.0091E-03  8.0091E-03  8.0091E-03  8.0091E-03  8.0091E-03  8.0091E-03  8.0091E-03  8.0091E-03  8.0091E-03  8.0091E-03  8.0091E-03  8.0091E-03  8.0091E-03  8.0091E-03  8.0091E-03  8.0091E-03  8.0091E-03  8.0091E-03  8.0091E-03  8.0091E-03  8.0091E-03  8.0091E-03  8.0091E-03  8.0091E-03  8.0091E-03  8.0091E-03  8.0091E-03  8.0091E-03  8.0091E-03  8.0091E-03  8.0091E-03  8.0091E-03  8.0091E-03  8.0091E-03  8.0091E-03  8.0091E-03  8.0091E-03  8.0091E-03  8.0091E-03  8.0091E-03  8.0091E-03  8.0091E-03  8.0091E-03  8.0091E-03  8.0091E-03  8.0091E-03  8.0091E-03  8.0091E-03  8.0091E-03
  al-27        5.1107E+00  5.1107E+00  5.1107E+00  5.1107E+00  5.1107E+00  5.1107E+00  5.1107E+00  5.1107E+00  5.1107E+00  5.1107E+00  5.1107E+00  5.1107E+00  5.1107E+00  5.1107E+00  5.1107E+00  5.1107E+00  5.1107E+00  5.1107E+00  5.1107E+00  5.1107E+00  5.1107E+00  5.1107E+00  5.1107E+00  5.1107E+00  5.1107E+00  5.1107E+00  5.1107E+00  5.1107E+00  5.1107E+00  5.1107E+00  5.1107E+00  5.1107E+00  5.1107E+00  5.1107E+00  5.1107E+00  5.1107E+00  5.1107E+00  5.1107E+00  5.1107E+00  5.1107E+00  5.1107E+00  5.1107E+00  5.1107E+00  5.1107E+00  5.1107E+00  5.1107E+00  5.1107E+00  5.1107E+00  5.1107E+00  5.1107E+00  5.1107E+00  5.1107E+00  5.1107E+00  5.1107E+00  5.1107E+00  5.1107E+00  5.1107E+00  5.1107E+00  5.1107E+00  5.1107E+00  5.1107E+00  5.1107E+00  5.1107E+00  5.1107E+00  5.1107E+00  5.1107E+00  5.1107E+00  5.1107E+00  5.1107E+00  5.1107E+00  5.1107E+00  5.1107E+00  5.1107E+00  5.1107E+00  5.1107E+00  5.1107E+00  5.1107E+00  5.1107E+00  5.1107E+00  5.1107E+00  5.1107E+00  5.1107E+00  5.1107E+00  5.1107E+00  5.1107E+00  5.1107E+00  5.1107E+00  5.1107E+00  5.1107E+00  5.1107E+00  5.1107E+00  5.1107E+00  5.1107E+00  5.1107E+00  5.1107E+00  5.1107E+00  5.1107E+00  5.1107E+00  5.1107E+00  5.1107E+00  5.1107E+00  5.1107E+00  5.1107E+00  5.1107E+00  5.1107E+00  5.1107E+00  5.1107E+00  5.1107E+00  5.1107E+00  5.1107E+00  5.1107E+00  5.1107E+00  5.1107E+00  5.1107E+00  5.1107E+00  5.1107E+00  5.1107E+00  5.1107E+00  5.1107E+00  5.1107E+00  5.1107E+00  5.1107E+00  5.1107E+00  5.1107E+00  5.1107E+00  5.1107E+00  5.1107E+00  5.1107E+00  5.1107E+00  5.1107E+00  5.1107E+00  5.1107E+00  5.1107E+00  5.1107E+00  5.1107E+00  5.1107E+00  5.1107E+00  5.1107E+00  5.1107E+00  5.1107E+00  5.1107E+00  5.1107E+00  5.1107E+00  5.1107E+00  5.1107E+00  5.1107E+00  5.1107E+00  5.1107E+00  5.1107E+00  5.1107E+00  5.1107E+00  5.1107E+00  5.1107E+00  5.1107E+00  5.1107E+00  5.1107E+00  5.1107E+00  5.1107E+00  5.1107E+00  5.1107E+00  5.1107E+00  5.1107E+00  5.1107E+00  5.1107E+00  5.1107E+00  5.1107E+00  5.1107E+00  5.1107E+00  5.1107E+00  5.1107E+00  5.1107E+00  5.1107E+00  5.1107E+00  5.1107E+00  5.1107E+00  5.1107E+00  5.1107E+00  5.1107E+00  5.1107E+00  5.1107E+00  5.1107E+00  5.1107E+00  5.1107E+00  5.1107E+00  5.1107E+00  5.1107E+00  5.1107E+00  5.1107E+00  5.1107E+00  5.1107E+00  5.1107E+00  5.1107E+00  5.1107E+00  5.1107E+00  5.1107E+00  5.1107E+00  5.1107E+00  5.1107E+00  5.1107E+00  5.1107E+00  5.1107E+00  5.1107E+00  5.1107E+00  5.1107E+00  5.1107E+00  5.1107E+00  5.1107E+00  5.1107E+00  5.1107E+00  5.1107E+00  5.1107E+00  5.1107E+00  5.1107E+00  5.1107E+00  5.1107E+00  5.1107E+00  5.1107E+00  5.1107E+00  5.1107E+00  5.1107E+00  5.1107E+00  5.1107E+00  5.1107E+00  5.1107E+00  5.1107E+00  5.1107E+00  5.1107E+00  5.1107E+00  5.1107E+00  5.1107E+00  5.1107E+00  5.1107E+00  5.1107E+00  5.1107E+00  5.1107E+00  5.1107E+00  5.1107E+00  5.1107E+00  5.1107E+00  5.1107E+00  5.1107E+00  5.1107E+00  5.1107E+00  5.1107E+00  5.1107E+00  5.1107E+00  5.1107E+00  5.1107E+00  5.1107E+00  5.1107E+00  5.1107E+00  5.1107E+00
  si-28        6.4622E-01  6.4622E-01  6.4622E-01  6.4622E-01  6.4622E-01  6.4622E-01  6.4622E-01  6.4622E-01  6.4622E-01  6.4622E-01  6.4622E-01  6.4622E-01  6.4622E-01  6.4622E-01  6.4622E-01  6.4622E-01  6.4622E-01  6.4622E-01  6.4622E-01  6.4622E-01  6.4622E-01  6.4622E-01  6.4622E-01  6.4622E-01  6.4622E-01  6.4622E-01  6.4622E-01  6.4622E-01  6.4622E-01  6.4622E-01  6.4622E-01  6.4622E-01  6.4622E-01  6.4622E-01  6.4622E-01  6.4622E-01  6.4622E-01  6.4622E-01  6.4622E-01  6.4622E-01  6.4622E-01  6.4622E-01  6.4622E-01  6.4622E-01  6.4622E-01  6.4622E-01  6.4622E-01  6.4622E-01  6.4622E-01  6.4622E-01  6.4622E-01  6.4622E-01  6.4622E-01  6.4622E-01  6.4622E-01  6.4622E-01  6.4622E-01  6.4622E-01  6.4622E-01  6.4622E-01  6.4622E-01  6.4622E-01  6.4622E-01  6.4622E-01  6.4622E-01  6.4622E-01  6.4622E-01  6.4622E-01  6.4622E-01  6.4622E-01  6.4622E-01  6.4622E-01  6.4622E-01  6.4622E-01  6.4622E-01  6.4622E-01  6.4622E-01  6.4622E-01  6.4622E-01  6.4622E-01  6.4622E-01  6.4622E-01  6.4622E-01  6.4622E-01  6.4622E-01  6.4622E-01  6.4622E-01  6.4622E-01  6.4622E-01  6.4622E-01  6.4622E-01  6.4622E-01  6.4622E-01  6.4622E-01  6.4622E-01  6.4622E-01  6.4622E-01  6.4622E-01  6.4622E-01  6.4622E-01  6.4622E-01  6.4622E-01  6.4622E-01  6.4622E-01  6.4622E-01  6.4622E-01  6.4622E-01  6.4622E-01  6.4622E-01  6.4622E-01  6.4622E-01  6.4622E-01  6.4622E-01  6.4622E-01  6.4622E-01  6.4622E-01  6.4622E-01  6.4622E-01  6.4622E-01  6.4622E-01  6.4622E-01  6.4622E-01  6.4622E-01  6.4622E-01  6.4622E-01  6.4622E-01  6.4622E-01  6.4622E-01  6.4622E-01  6.4622E-01  6.4622E-01  6.4622E-01  6.4622E-01  6.4622E-01  6.4622E-01  6.4622E-01  6.4622E-01  6.4622E-01  6.4622E-01  6.4622E-01  6.4622E-01  6.4622E-01  6.4622E-01  6.4622E-01  6.4622E-01  6.4622E-01  6.4622E-01  6.4622E-01  6.4622E-01  6.4622E-01  6.4622E-01  6.4622E-01  6.4622E-01  6.4622E-01  6.4622E-01  6.4622E-01  6.4622E-01  6.4622E-01  6.4622E-01  6.4622E-01  6.4622E-01  6.4622E-01  6.4622E-01  6.4622E-01  6.4622E-01  6.4622E-01  6.4622E-01  6.4622E-01  6.4622E-01  6.4622E-01  6.4622E-01  6.4622E-01  6.4622E-01  6.4622E-01  6.4622E-01  6.4622E-01  6.4622E-01  6.4622E-01  6.4622E-01  6.4622E-01  6.4622E-01  6.4622E-01  6.4622E-01  6.4622E-01  6.4622E-01  6.4622E-01  6.4622E-01  6.4622E-01  6.4622E-01  6.4622E-01  6.4622E-01  6.4622E-01  6.4622E-01  6.4622E-01  6.4622E-01  6.4622E-01  6.4622E-01  6.4622E-01  6.4622E-01  6.4622E-01  6.4622E-01  6.4622E-01  6.4622E-01  6.4622E-01  6.4622E-01  6.4622E-01  6.4622E-01  6.4622E-01  6.4622E-01  6.4622E-01  6.4622E-01  6.4622E-01  6.4622E-01  6.4622E-01  6.4622E-01  6.4622E-01  6.4622E-01  6.4622E-01  6.4622E-01  6.4622E-01  6.4622E-01  6.4622E-01  6.4622E-01  6.4622E-01  6.4622E-01  6.4622E-01  6.4622E-01  6.4622E-01  6.4622E-01  6.4622E-01  6.4622E-01  6.4622E-01  6.4622E-01  6.4622E-01  6.4622E-01  6.4622E-01  6.4622E-01  6.4622E-01  6.4622E-01  6.4622E-01  6.4622E-01  6.4622E-01  6.4622E-01  6.4622E-01  6.4622E-01  6.4622E-01  6.4622E-01  6.4622E-01  6.4622E-01  6.4622E-01  6.4622E-01  6.4622E-01
  fe-56        5.2627E-03  5.2627E-03  5.2627E-03  5.2627E-03  5.2627E-03  5.2627E-03  5.2627E-03  5.2627E-03  5.2627E-03  5.2627E-03  5.2627E-03  5.2627E-03  5.2627E-03  5.2627E-03  5.2627E-03  5.2627E-03  5.2627E-03  5.2627E-03  5.2627E-03  5.2627E-03  5.2627E-03  5.2627E-03  5.2627E-03  5.2627E-03  5.2627E-03  5.2627E-03  5.2627E-03  5.2627E-03  5.2627E-03  5.2627E-03  5.2627E-03  5.2627E-03  5.2627E-03  5.2627E-03  5.2627E-03  5.2627E-03  5.2627E-03  5.2627E-03  5.2627E-03  5.2627E-03  5.2627E-03  5.2627E-03  5.2627E-03  5.2627E-03  5.2627E-03  5.2627E-03  5.2627E-03  5.2627E-03  5.2627E-03  5.2627E-03  5.2627E-03  5.2627E-03  5.2627E-03  5.2627E-03  5.2627E-03  5.2627E-03  5.2627E-03  5.2627E-03  5.2627E-03  5.2627E-03  5.2627E-03  5.2627E-03  5.2627E-03  5.2627E-03  5.2627E-03  5.2627E-03  5.2627E-03  5.2627E-03  5.2627E-03  5.2627E-03  5.2627E-03  5.2627E-03  5.2627E-03  5.2627E-03  5.2627E-03  5.2627E-03  5.2627E-03  5.2627E-03  5.2627E-03  5.2627E-03  5.2627E-03  5.2627E-03  5.2627E-03  5.2627E-03  5.2627E-03  5.2627E-03  5.2627E-03  5.2627E-03  5.2627E-03  5.2627E-03  5.2627E-03  5.2627E-03  5.2627E-03  5.2627E-03  5.2627E-03  5.2627E-03  5.2627E-03  5.2627E-03  5.2627E-03  5.2627E-03  5.2627E-03  5.2627E-03  5.2627E-03  5.2627E-03  5.2627E-03  5.2627E-03  5.2627E-03  5.2627E-03  5.2627E-03  5.2627E-03  5.2627E-03  5.2627E-03  5.2627E-03  5.2627E-03  5.2627E-03  5.2627E-03  5.2627E-03  5.2627E-03  5.2627E-03  5.2627E-03  5.2627E-03  5.2627E-03  5.2627E-03  5.2627E-03  5.2627E-03  5.2627E-03  5.2627E-03  5.2627E-03  5.2627E-03  5.2627E-03  5.2627E-03  5.2627E-03  5.2627E-03  5.2627E-03  5.2627E-03  5.2627E-03  5.2627E-03  5.2627E-03  5.2627E-03  5.2627E-03  5.2627E-03  5.2627E-03  5.2627E-03  5.2627E-03  5.2627E-03  5.2627E-03  5.2627E-03  5.2627E-03  5.2627E-03  5.2627E-03  5.2627E-03  5.2627E-03  5.2627E-03  5.2627E-03  5.2627E-03  5.2627E-03  5.2627E-03  5.2627E-03  5.2627E-03  5.2627E-03  5.2627E-03  5.2627E-03  5.2627E-03  5.2627E-03  5.2627E-03  5.2627E-03  5.2627E-03  5.2627E-03  5.2627E-03  5.2627E-03  5.2627E-03  5.2627E-03  5.2627E-03  5.2627E-03  5.2627E-03  5.2627E-03  5.2627E-03  5.2627E-03  5.2627E-03  5.2627E-03  5.2627E-03  5.2627E-03  5.2627E-03  5.2627E-03  5.2627E-03  5.2627E-03  5.2627E-03  5.2627E-03  5.2627E-03  5.2627E-03  5.2627E-03  5.2627E-03  5.2627E-03  5.2627E-03  5.2627E-03  5.2627E-03  5.2627E-03  5.2627E-03  5.2627E-03  5.2627E-03  5.2627E-03  5.2627E-03  5.2627E-03  5.2627E-03  5.2627E-03  5.2627E-03  5.2627E-03  5.2627E-03  5.2627E-03  5.2627E-03  5.2627E-03  5.2627E-03  5.2627E-03  5.2627E-03  5.2627E-03  5.2627E-03  5.2627E-03  5.2627E-03  5.2627E-03  5.2627E-03  5.2627E-03  5.2627E-03  5.2627E-03  5.2627E-03  5.2627E-03  5.2627E-03  5.2627E-03  5.2627E-03  5.2627E-03  5.2627E-03  5.2627E-03  5.2627E-03  5.2627E-03  5.2627E-03  5.2627E-03  5.2627E-03  5.2627E-03  5.2627E-03  5.2627E-03  5.2627E-03  5.2627E-03  5.2627E-03  5.2627E-03  5.2627E-03  5.2627E-03  5.2627E-03  5.2627E-03  5.2627E-03  5.2627E-03  5.2627E-03  5.2627E-03  5.2627E-03
  ni-58        4.9232E-02  4.9232E-02  4.9232E-02  4.9232E-02  4.9232E-02  4.9232E-02  4.9232E-02  4.9232E-02  4.9232E-02  4.9232E-02  4.9232E-02  4.9232E-02  4.9232E-02  4.9232E-02  4.9232E-02  4.9232E-02  4.9232E-02  4.9232E-02  4.9232E-02  4.9232E-02  4.9232E-02  4.9232E-02  4.9232E-02  4.9232E-02  4.9232E-02  4.9232E-02  4.9232E-02  4.9232E-02  4.9232E-02  4.9232E-02  4.9232E-02  4.9232E-02  4.9232E-02  4.9232E-02  4.9232E-02  4.9232E-02  4.9232E-02  4.9232E-02  4.9232E-02  4.9232E-02  4.9232E-02  4.9232E-02  4.9232E-02  4.9232E-02  4.9232E-02  4.9232E-02  4.9232E-02  4.9232E-02  4.9232E-02  4.9232E-02  4.9232E-02  4.9232E-02  4.9232E-02  4.9232E-02  4.9232E-02  4.9232E-02  4.9232E-02  4.9232E-02  4.9232E-02  4.9232E-02  4.9232E-02  4.9232E-02  4.9232E-02  4.9232E-02  4.9232E-02  4.9232E-02  4.9232E-02  4.9232E-02  4.9232E-02  4.9232E-02  4.9232E-02  4.9232E-02  4.9232E-02  4.9232E-02  4.9232E-02  4.9232E-02  4.9232E-02  4.9232E-02  4.9232E-02  4.9232E-02  4.9232E-02  4.9232E-02  4.9232E-02  4.9232E-02  4.9232E-02  4.9232E-02  4.9232E-02  4.9232E-02  4.9232E-02  4.9232E-02  4.9232E-02  4.9232E-02  4.9232E-02  4.9232E-02  4.9232E-02  4.9232E-02  4.9232E-02  4.9232E-02  4.9232E-02  4.9232E-02  4.9232E-02  4.9232E-02  4.9232E-02  4.9232E-02  4.9232E-02  4.9232E-02  4.9232E-02  4.9232E-02  4.9232E-02  4.9232E-02  4.9232E-02  4.9232E-02  4.9232E-02  4.9232E-02  4.9232E-02  4.9232E-02  4.9232E-02  4.9232E-02  4.9232E-02  4.9232E-02  4.9232E-02  4.9232E-02  4.9232E-02  4.9232E-02  4.9232E-02  4.9232E-02  4.9232E-02  4.9232E-02  4.9232E-02  4.9232E-02  4.9232E-02  4.9232E-02  4.9232E-02  4.9232E-02  4.9232E-02  4.9232E-02  4.9232E-02  4.9232E-02  4.9232E-02  4.9232E-02  4.9232E-02  4.9232E-02  4.9232E-02  4.9232E-02  4.9232E-02  4.9232E-02  4.9232E-02  4.9232E-02  4.9232E-02  4.9232E-02  4.9232E-02  4.9232E-02  4.9232E-02  4.9232E-02  4.9232E-02  4.9232E-02  4.9232E-02  4.9232E-02  4.9232E-02  4.9232E-02  4.9232E-02  4.9232E-02  4.9232E-02  4.9232E-02  4.9232E-02  4.9232E-02  4.9232E-02  4.9232E-02  4.9232E-02  4.9232E-02  4.9232E-02  4.9232E-02  4.9232E-02  4.9232E-02  4.9232E-02  4.9232E-02  4.9232E-02  4.9232E-02  4.9232E-02  4.9232E-02  4.9232E-02  4.9232E-02  4.9232E-02  4.9232E-02  4.9232E-02  4.9232E-02  4.9232E-02  4.9232E-02  4.9232E-02  4.9232E-02  4.9232E-02  4.9232E-02  4.9232E-02  4.9232E-02  4.9232E-02  4.9232E-02  4.9232E-02  4.9232E-02  4.9232E-02  4.9232E-02  4.9232E-02  4.9232E-02  4.9232E-02  4.9232E-02  4.9232E-02  4.9232E-02  4.9232E-02  4.9232E-02  4.9232E-02  4.9232E-02  4.9232E-02  4.9232E-02  4.9232E-02  4.9232E-02  4.9232E-02  4.9232E-02  4.9232E-02  4.9232E-02  4.9232E-02  4.9232E-02  4.9232E-02  4.9232E-02  4.9232E-02  4.9232E-02  4.9232E-02  4.9232E-02  4.9232E-02  4.9232E-02  4.9232E-02  4.9232E-02  4.9232E-02  4.9232E-02  4.9232E-02  4.9232E-02  4.9232E-02  4.9232E-02  4.9232E-02  4.9232E-02  4.9232E-02  4.9232E-02  4.9232E-02  4.9232E-02  4.9232E-02  4.9232E-02  4.9232E-02  4.9232E-02  4.9232E-02  4.9232E-02  4.9232E-02  4.9232E-02  4.9232E-02  4.9232E-02
  hf-180       1.4051E-03  1.4051E-03  1.4051E-03  1.4051E-03  1.4051E-03  1.4051E-03  1.4051E-03  1.4051E-03  1.4051E-03  1.4051E-03  1.4051E-03  1.4051E-03  1.4051E-03  1.4051E-03  1.4051E-03  1.4051E-03  1.4051E-03  1.4051E-03  1.4051E-03  1.4051E-03  1.4051E-03  1.4051E-03  1.4051E-03  1.4051E-03  1.4051E-03  1.4051E-03  1.4051E-03  1.4051E-03  1.4051E-03  1.4051E-03  1.4051E-03  1.4051E-03  1.4051E-03  1.4051E-03  1.4051E-03  1.4051E-03  1.4051E-03  1.4051E-03  1.4051E-03  1.4051E-03  1.4051E-03  1.4051E-03  1.4051E-03  1.4051E-03  1.4051E-03  1.4051E-03  1.4051E-03  1.4051E-03  1.4051E-03  1.4051E-03  1.4051E-03  1.4051E-03  1.4051E-03  1.4051E-03  1.4051E-03  1.4051E-03  1.4051E-03  1.4051E-03  1.4051E-03  1.4051E-03  1.4051E-03  1.4051E-03  1.4051E-03  1.4051E-03  1.4051E-03  1.4051E-03  1.4051E-03  1.4051E-03  1.4051E-03  1.4051E-03  1.4051E-03  1.4051E-03  1.4051E-03  1.4051E-03  1.4051E-03  1.4051E-03  1.4051E-03  1.4051E-03  1.4051E-03  1.4051E-03  1.4051E-03  1.4051E-03  1.4051E-03  1.4051E-03  1.4051E-03  1.4051E-03  1.4051E-03  1.4051E-03  1.4051E-03  1.4051E-03  1.4051E-03  1.4051E-03  1.4051E-03  1.4051E-03  1.4051E-03  1.4051E-03  1.4051E-03  1.4051E-03  1.4051E-03  1.4051E-03  1.4051E-03  1.4051E-03  1.4051E-03  1.4051E-03  1.4051E-03  1.4051E-03  1.4051E-03  1.4051E-03  1.4051E-03  1.4051E-03  1.4051E-03  1.4051E-03  1.4051E-03  1.4051E-03  1.4051E-03  1.4051E-03  1.4051E-03  1.4051E-03  1.4051E-03  1.4051E-03  1.4051E-03  1.4051E-03  1.4051E-03  1.4051E-03  1.4051E-03  1.4051E-03  1.4051E-03  1.4051E-03  1.4051E-03  1.4051E-03  1.4051E-03  1.4051E-03  1.4051E-03  1.4051E-03  1.4051E-03  1.4051E-03  1.4051E-03  1.4051E-03  1.4051E-03  1.4051E-03  1.4051E-03  1.4051E-03  1.4051E-03  1.4051E-03  1.4051E-03  1.4051E-03  1.4051E-03  1.4051E-03  1.4051E-03  1.4051E-03  1.4051E-03  1.4051E-03  1.4051E-03  1.4051E-03  1.4051E-03  1.4051E-03  1.4051E-03  1.4051E-03  1.4051E-03  1.4051E-03  1.4051E-03  1.4051E-03  1.4051E-03  1.4051E-03  1.4051E-03  1.4051E-03  1.4051E-03  1.4051E-03  1.4051E-03  1.4051E-03  1.4051E-03  1.4051E-03  1.4051E-03  1.4051E-03  1.4051E-03  1.4051E-03  1.4051E-03  1.4051E-03  1.4051E-03  1.4051E-03  1.4051E-03  1.4051E-03  1.4051E-03  1.4051E-03  1.4051E-03  1.4051E-03  1.4051E-03  1.4051E-03  1.4051E-03  1.4051E-03  1.4051E-03  1.4051E-03  1.4051E-03  1.4051E-03  1.4051E-03  1.4051E-03  1.4051E-03  1.4051E-03  1.4051E-03  1.4051E-03  1.4051E-03  1.4051E-03  1.4051E-03  1.4051E-03  1.4051E-03  1.4051E-03  1.4051E-03  1.4051E-03  1.4051E-03  1.4051E-03  1.4051E-03  1.4051E-03  1.4051E-03  1.4051E-03  1.4051E-03  1.4051E-03  1.4051E-03  1.4051E-03  1.4051E-03  1.4051E-03  1.4051E-03  1.4051E-03  1.4051E-03  1.4051E-03  1.4051E-03  1.4051E-03  1.4051E-03  1.4051E-03  1.4051E-03  1.4051E-03  1.4051E-03  1.4051E-03  1.4051E-03  1.4051E-03  1.4051E-03  1.4051E-03  1.4051E-03  1.4051E-03  1.4051E-03  1.4051E-03  1.4051E-03  1.4051E-03  1.4051E-03  1.4051E-03  1.4051E-03  1.4051E-03  1.4051E-03  1.4051E-03  1.4051E-03  1.4051E-03  1.4051E-03  1.4051E-03
------------
  totals       1.6826E+01  1.6826E+01  1.6826E+01  1.6826E+01  1.6826E+01  1.6826E+01  1.6826E+01  1.6826E+01  1.6826E+01  1.6826E+01  1.6826E+01  1.6826E+01  1.6826E+01  1.6826E+01  1.6826E+01  1.6826E+01  1.6826E+01  1.6826E+01  1.6826E+01  1.6826E+01  1.6826E+01  1.6826E+01  1.6826E+01  1.6826E+01  1.6826E+01  1.6826E+01  1.6826E+01  1.6826E+01  1.6826E+01  1.6826E+01  1.6826E+01  1.6826E+01  1.6826E+01  1.6826E+01  1.6826E+01  1.6826E+01  1.6826E+01  1.6826E+01  1.6826E+01  1.6826E+01  1.6826E+01  1.6826E+01  1.6826E+01  1.6826E+01  1.6826E+01  1.6826E+01  1.6826E+01  1.6826E+01  1.6826E+01  1.6826E+01  1.6826E+01  1.6826E+01  1.6826E+01  1.6826E+01  1.6826E+01  1.6826E+01  1.6826E+01  1.6826E+01  1.6826E+01  1.6826E+01  1.6826E+01  1.6826E+01  1.6826E+01  1.6826E+01  1.6826E+01  1.6826E+01  1.6826E+01  1.6826E+01  1.6826E+01  1.6826E+01  1.6826E+01  1.6826E+01  1.6826E+01  1.6826E+01  1.6826E+01  1.6826E+01  1.6826E+01  1.6826E+01  1.6826E+01  1.6826E+01  1.6826E+01  1.6826E+01  1.6826E+01  1.6826E+01  1.6826E+01  1.6826E+01  1.6826E+01  1.6826E+01  1.6826E+01  1.6826E+01  1.6826E+01  1.6826E+01  1.6826E+01  1.6826E+01  1.6826E+01  1.6826E+01  1.6826E+01  1.6826E+01  1.6826E+01  1.6826E+01  1.6826E+01  1.6826E+01  1.6826E+01  1.6826E+01  1.6826E+01  1.6826E+01  1.6826E+01  1.6826E+01  1.6826E+01  1.6826E+01  1.6826E+01  1.6826E+01  1.6826E+01  1.6826E+01  1.6826E+01  1.6826E+01  1.6826E+01  1.6826E+01  1.6826E+01  1.6826E+01  1.6826E+01  1.6826E+01  1.6826E+01  1.6826E+01  1.6826E+01  1.6826E+01  1.6826E+01  1.6826E+01  1.6826E+01  1.6826E+01  1.6826E+01  1.6826E+01  1.6826E+01  1.6826E+01  1.6826E+01  1.6826E+01  1.6826E+01  1.6826E+01  1.6826E+01  1.6826E+01  1.6826E+01  1.6826E+01  1.6826E+01  1.6826E+01  1.6826E+01  1.6826E+01  1.6826E+01  1.6826E+01  1.6826E+01  1.6826E+01  1.6826E+01  1.6826E+01  1.6826E+01  1.6826E+01  1.6826E+01  1.6826E+01  1.6826E+01  1.6826E+01  1.6826E+01  1.6826E+01  1.6826E+01  1.6826E+01  1.6826E+01  1.6826E+01  1.6826E+01  1.6826E+01  1.6826E+01  1.6826E+01  1.6826E+01  1.6826E+01  1.6826E+01  1.6826E+01  1.6826E+01  1.6826E+01  1.6826E+01  1.6826E+01  1.6826E+01  1.6826E+01  1.6826E+01  1.6826E+01  1.6826E+01  1.6826E+01  1.6826E+01  1.6826E+01  1.6826E+01  1.6826E+01  1.6826E+01  1.6826E+01  1.6826E+01  1.6826E+01  1.6826E+01  1.6826E+01  1.6826E+01  1.6826E+01  1.6826E+01  1.6826E+01  1.6826E+01  1.6826E+01  1.6826E+01  1.6826E+01  1.6826E+01  1.6826E+01  1.6826E+01  1.6826E+01  1.6826E+01  1.6826E+01  1.6826E+01  1.6826E+01  1.6826E+01  1.6826E+01  1.6826E+01  1.6826E+01  1.6826E+01  1.6826E+01  1.6826E+01  1.6826E+01  1.6826E+01  1.6826E+01  1.6826E+01  1.6826E+01  1.6826E+01  1.6826E+01  1.6826E+01  1.6826E+01  1.6826E+01  1.6826E+01  1.6826E+01  1.6826E+01  1.6826E+01  1.6826E+01  1.6826E+01  1.6826E+01  1.6826E+01  1.6826E+01  1.6826E+01  1.6826E+01  1.6826E+01  1.6826E+01  1.6826E+01  1.6826E+01  1.6826E+01  1.6826E+01  1.6826E+01  1.6826E+01  1.6826E+01  1.6826E+01  1.6826E+01  1.6826E+01  1.6826E+01  1.6826E+01  1.6826E+01  1.6826E+01
=========================================================================================================================
.
.
=========================================================================================================================
=   Nuclide concentrations in gram-atoms, actinides for case 'irrad' (#1/2)                                             =
-------------------------------------------------------------------------------------------------------------------------
  (relative cutoff; integral of concentrations over time >   1.00E-03 % of integral of all concentrations over time)
.
                   0.000hr  ********hr  ********hr  ********hr  ********hr  ********hr  ********hr  ********hr  ********hr  ********hr  ********hr  ********hr  ********hr  ********hr  ********hr  ********hr  ********hr  ********hr  ********hr  ********hr  ********hr  ********hr  ********hr  ********hr  ********hr  ********hr  ********hr  ********hr  ********hr  ********hr  ********hr  ********hr  ********hr  ********hr  ********hr  ********hr  ********hr  ********hr  ********hr  ********hr  ********hr  ********hr  ********hr  ********hr  ********hr  ********hr  ********hr  ********hr  ********hr  ********hr  ********hr  ********hr  ********hr  ********hr  ********hr  ********hr  ********hr  ********hr  ********hr  ********hr  ********hr  ********hr  ********hr  ********hr  ********hr  ********hr  ********hr  ********hr  ********hr  ********hr  ********hr  ********hr  ********hr  ********hr  ********hr  ********hr  ********hr  ********hr  ********hr  ********hr  ********hr  ********hr  ********hr  ********hr  ********hr  ********hr  ********hr  ********hr  ********hr  ********hr  ********hr  ********hr  ********hr  ********hr  ********hr  ********hr  ********hr  ********hr  ********hr  ********hr  ********hr  ********hr  ********hr  ********hr  ********hr  ********hr  ********hr  ********hr  ********hr  ********hr  ********hr  ********hr  ********hr  ********hr  ********hr  ********hr  ********hr  ********hr  ********hr  ********hr  ********hr  ********hr  ********hr  ********hr  ********hr  ********hr  ********hr  ********hr  ********hr  ********hr  ********hr  ********hr  ********hr  ********hr  ********hr  ********hr  ********hr  ********hr  ********hr  ********hr  ********hr  ********hr  ********hr  ********hr  ********hr  ********hr  ********hr  ********hr  ********hr  ********hr  ********hr  ********hr  ********hr  ********hr  ********hr  ********hr  ********hr  ********hr  ********hr  ********hr  ********hr  ********hr  ********hr  ********hr  ********hr  ********hr  ********hr  ********hr  ********hr  ********hr  ********hr  ********hr  ********hr  ********hr  ********hr  ********hr  ********hr  ********hr  ********hr  ********hr  ********hr  ********hr  ********hr  ********hr  ********hr  ********hr  ********hr  ********hr  ********hr  ********hr  ********hr  ********hr  ********hr  ********hr  ********hr  ********hr  ********hr  ********hr  ********hr  ********hr  ********hr  ********hr  ********hr  ********hr  ********hr  ********hr  ********hr  ********hr  ********hr  ********hr  ********hr  ********hr  ********hr  ********hr  ********hr  ********hr  ********hr  ********hr  ********hr  ********hr  ********hr  ********hr  ********hr  ********hr  ********hr  ********hr  ********hr  ********hr  ********hr  ********hr  ********hr  ********hr  ********hr  ********hr  ********hr  ********hr  ********hr  ********hr  ********hr  ********hr  ********hr  ********hr  ********hr  ********hr  ********hr  ********hr  ********hr  ********hr  ********hr  ********hr  ********hr  ********hr  
  u-235        3.1460E-01  3.1460E-01  3.1460E-01  3.1460E-01  3.1460E-01  3.1460E-01  3.1460E-01  3.1460E-01  3.1460E-01  3.1460E-01  3.1460E-01  3.1460E-01  3.1460E-01  3.1460E-01  3.1460E-01  3.1460E-01  3.1460E-01  3.1460E-01  3.1460E-01  3.1460E-01  3.1460E-01  3.1460E-01  3.1460E-01  3.1460E-01  3.1460E-01  3.1460E-01  3.1460E-01  3.1460E-01  3.1460E-01  3.1460E-01  3.1460E-01  3.1460E-01  3.1460E-01  3.1460E-01  3.1460E-01  3.1460E-01  3.1460E-01  3.1460E-01  3.1460E-01  3.1460E-01  3.1460E-01  3.1460E-01  3.1460E-01  3.1460E-01  3.1460E-01  3.1460E-01  3.1460E-01  3.1460E-01  3.1460E-01  3.1460E-01  3.1460E-01  3.1460E-01  3.1460E-01  3.1460E-01  3.1460E-01  3.1460E-01  3.1460E-01  3.1460E-01  3.1460E-01  3.1460E-01  3.1460E-01  3.1460E-01  3.1460E-01  3.1460E-01  3.1460E-01  3.1460E-01  3.1460E-01  3.1460E-01  3.1460E-01  3.1460E-01  3.1460E-01  3.1460E-01  3.1460E-01  3.1460E-01  3.1460E-01  3.1460E-01  3.1460E-01  3.1460E-01  3.1460E-01  3.1460E-01  3.1460E-01  3.1460E-01  3.1460E-01  3.1460E-01  3.1460E-01  3.1460E-01  3.1460E-01  3.1460E-01  3.1460E-01  3.1460E-01  3.1460E-01  3.1460E-01  3.1460E-01  3.1460E-01  3.1460E-01  3.1460E-01  3.1460E-01  3.1460E-01  3.1460E-01  3.1460E-01  3.1460E-01  3.1460E-01  3.1460E-01  3.1460E-01  3.1460E-01  3.1460E-01  3.1460E-01  3.1460E-01  3.1460E-01  3.1460E-01  3.1460E-01  3.1460E-01  3.1460E-01  3.1460E-01  3.1460E-01  3.1460E-01  3.1460E-01  3.1460E-01  3.1460E-01  3.1460E-01  3.1460E-01  3.1460E-01  3.1460E-01  3.1460E-01  3.1460E-01  3.1460E-01  3.1460E-01  3.1460E-01  3.1460E-01  3.1460E-01  3.1460E-01  3.1460E-01  3.1460E-01  3.1460E-01  3.1460E-01  3.1460E-01  3.1460E-01  3.1460E-01  3.1460E-01  3.1460E-01  3.1460E-01  3.1460E-01  3.1460E-01  3.1460E-01  3.1460E-01  3.1460E-01  3.1460E-01  3.1460E-01  3.1460E-01  3.1460E-01  3.1460E-01  3.1460E-01  3.1460E-01  3.1460E-01  3.1460E-01  3.1460E-01  3.1460E-01  3.1460E-01  3.1460E-01  3.1460E-01  3.1460E-01  3.1460E-01  3.1460E-01  3.1460E-01  3.1460E-01  3.1460E-01  3.1460E-01  3.1460E-01  3.1460E-01  3.1460E-01  3.1460E-01  3.1460E-01  3.1460E-01  3.1460E-01  3.1460E-01  3.1460E-01  3.1460E-01  3.1460E-01  3.1460E-01  3.1460E-01  3.1460E-01  3.1460E-01  3.1460E-01  3.1460E-01  3.1460E-01  3.1460E-01  3.1460E-01  3.1460E-01  3.1460E-01  3.1460E-01  3.1460E-01  3.1460E-01  3.1460E-01  3.1460E-01  3.1460E-01  3.1460E-01  3.1460E-01  3.1460E-01  3.1460E-01  3.1460E-01  3.1460E-01  3.1460E-01  3.1460E-01  3.1460E-01  3.1460E-01  3.1460E-01  3.1460E-01  3.1460E-01  3.1460E-01  3.1460E-01  3.1460E-01  3.1460E-01  3.1460E-01  3.1460E-01  3.1460E-01  3.1460E-01  3.1460E-01  3.1460E-01  3.1460E-01  3.1460E-01  3.1460E-01  3.1460E-01  3.1460E-01  3.1460E-01  3.1460E-01  3.1460E-01  3.1460E-01  3.1460E-01  3.1460E-01  3.1460E-01  3.1460E-01  3.1460E-01  3.1460E-01  3.1460E-01  3.1460E-01  3.1460E-01  3.1460E-01  3.1460E-01  3.1460E-01  3.1460E-01  3.1460E-01  3.1460E-01  3.1460E-01  3.1460E-01  3.1460E-01  3.1460E-01  3.1460E-01  3.1460E-01  3.1460E-01  3.1460E-01  3.1460E-01  3.1460E-01
  u-238        2.7096E-01  2.7096E-01  2.7096E-01  2.7096E-01  2.7096E-01  2.7096E-01  2.7096E-01  2.7096E-01  2.7096E-01  2.7096E-01  2.7096E-01  2.7096E-01  2.7096E-01  2.7096E-01  2.7096E-01  2.7096E-01  2.7096E-01  2.7096E-01  2.7096E-01  2.7096E-01  2.7096E-01  2.7096E-01  2.7096E-01  2.7096E-01  2.7096E-01  2.7096E-01  2.7096E-01  2.7096E-01  2.7096E-01  2.7096E-01  2.7096E-01  2.7096E-01  2.7096E-01  2.7096E-01  2.7096E-01  2.7096E-01  2.7096E-01  2.7096E-01  2.7096E-01  2.7096E-01  2.7096E-01  2.7096E-01  2.7096E-01  2.7096E-01  2.7096E-01  2.7096E-01  2.7096E-01  2.7096E-01  2.7096E-01  2.7096E-01  2.7096E-01  2.7096E-01  2.7096E-01  2.7096E-01  2.7096E-01  2.7096E-01  2.7096E-01  2.7096E-01  2.7096E-01  2.7096E-01  2.7096E-01  2.7096E-01  2.7096E-01  2.7096E-01  2.7096E-01  2.7096E-01  2.7096E-01  2.7096E-01  2.7096E-01  2.7096E-01  2.7096E-01  2.7096E-01  2.7096E-01  2.7096E-01  2.7096E-01  2.7096E-01  2.7096E-01  2.7096E-01  2.7096E-01  2.7096E-01  2.7096E-01  2.7096E-01  2.7096E-01  2.7096E-01  2.7096E-01  2.7096E-01  2.7096E-01  2.7096E-01  2.7096E-01  2.7096E-01  2.7096E-01  2.7096E-01  2.7096E-01  2.7096E-01  2.7096E-01  2.7096E-01  2.7096E-01  2.7096E-01  2.7096E-01  2.7096E-01  2.7096E-01  2.7096E-01  2.7096E-01  2.7096E-01  2.7096E-01  2.7096E-01  2.7096E-01  2.7096E-01  2.7096E-01  2.7096E-01  2.7096E-01  2.7096E-01  2.7096E-01  2.7096E-01  2.7096E-01  2.7096E-01  2.7096E-01  2.7096E-01  2.7096E-01  2.7096E-01  2.7096E-01  2.7096E-01  2.7096E-01  2.7096E-01  2.7096E-01  2.7096E-01  2.7096E-01  2.7096E-01  2.7096E-01  2.7096E-01  2.7096E-01  2.7096E-01  2.7096E-01  2.7096E-01  2.7096E-01  2.7096E-01  2.7096E-01  2.7096E-01  2.7096E-01  2.7096E-01  2.7096E-01  2.7096E-01  2.7096E-01  2.7096E-01  2.7096E-01  2.7096E-01  2.7096E-01  2.7096E-01  2.7096E-01  2.7096E-01  2.7096E-01  2.7096E-01  2.7096E-01  2.7096E-01  2.7096E-01  2.7096E-01  2.7096E-01  2.7096E-01  2.7096E-01  2.7096E-01  2.7096E-01  2.7096E-01  2.7096E-01  2.7096E-01  2.7096E-01  2.7096E-01  2.7096E-01  2.7096E-01  2.7096E-01  2.7096E-01  2.7096E-01  2.7096E-01  2.7096E-01  2.7096E-01  2.7096E-01  2.7096E-01  2.7096E-01  2.7096E-01  2.7096E-01  2.7096E-01  2.7096E-01  2.7096E-01  2.7096E-01  2.7096E-01  2.7096E-01  2.7096E-01  2.7096E-01  2.7096E-01  2.7096E-01  2.7096E-01  2.7096E-01  2.7096E-01  2.7096E-01  2.7096E-01  2.7096E-01  2.7096E-01  2.7096E-01  2.7096E-01  2.7096E-01  2.7096E-01  2.7096E-01  2.7096E-01  2.7096E-01  2.7096E-01  2.7096E-01  2.7096E-01  2.7096E-01  2.7096E-01  2.7096E-01  2.7096E-01  2.7096E-01  2.7096E-01  2.7096E-01  2.7096E-01  2.7096E-01  2.7096E-01  2.7096E-01  2.7096E-01  2.7096E-01  2.7096E-01  2.7096E-01  2.7096E-01  2.7096E-01  2.7096E-01  2.7096E-01  2.7096E-01  2.7096E-01  2.7096E-01  2.7096E-01  2.7096E-01  2.7096E-01  2.7096E-01  2.7096E-01  2.7096E-01  2.7096E-01  2.7096E-01  2.7096E-01  2.7096E-01  2.7096E-01  2.7096E-01  2.7096E-01  2.7096E-01  2.7096E-01  2.7096E-01  2.7096E-01  2.7096E-01  2.7096E-01  2.7096E-01  2.7096E-01  2.7096E-01  2.7096E-01  2.7096E-01
------------
  totals       5.8556E-01  5.8556E-01  5.8556E-01  5.8556E-01  5.8556E-01  5.8556E-01  5.8556E-01  5.8556E-01  5.8556E-01  5.8556E-01  5.8556E-01  5.8556E-01  5.8556E-01  5.8556E-01  5.8556E-01  5.8556E-01  5.8556E-01  5.8556E-01  5.8556E-01  5.8556E-01  5.8556E-01  5.8556E-01  5.8556E-01  5.8556E-01  5.8556E-01  5.8556E-01  5.8556E-01  5.8556E-01  5.8556E-01  5.8556E-01  5.8556E-01  5.8556E-01  5.8556E-01  5.8556E-01  5.8556E-01  5.8556E-01  5.8556E-01  5.8556E-01  5.8556E-01  5.8556E-01  5.8556E-01  5.8556E-01  5.8556E-01  5.8556E-01  5.8556E-01  5.8556E-01  5.8556E-01  5.8556E-01  5.8556E-01  5.8556E-01  5.8556E-01  5.8556E-01  5.8556E-01  5.8556E-01  5.8556E-01  5.8556E-01  5.8556E-01  5.8556E-01  5.8556E-01  5.8556E-01  5.8556E-01  5.8556E-01  5.8556E-01  5.8556E-01  5.8556E-01  5.8556E-01  5.8556E-01  5.8556E-01  5.8556E-01  5.8556E-01  5.8556E-01  5.8556E-01  5.8556E-01  5.8556E-01  5.8556E-01  5.8556E-01  5.8556E-01  5.8556E-01  5.8556E-01  5.8556E-01  5.8556E-01  5.8556E-01  5.8556E-01  5.8556E-01  5.8556E-01  5.8556E-01  5.8556E-01  5.8556E-01  5.8556E-01  5.8556E-01  5.8556E-01  5.8556E-01  5.8556E-01  5.8556E-01  5.8556E-01  5.8556E-01  5.8556E-01  5.8556E-01  5.8556E-01  5.8556E-01  5.8556E-01  5.8556E-01  5.8556E-01  5.8556E-01  5.8556E-01  5.8556E-01  5.8556E-01  5.8556E-01  5.8556E-01  5.8556E-01  5.8556E-01  5.8556E-01  5.8556E-01  5.8556E-01  5.8556E-01  5.8556E-01  5.8556E-01  5.8556E-01  5.8556E-01  5.8556E-01  5.8556E-01  5.8556E-01  5.8556E-01  5.8556E-01  5.8556E-01  5.8556E-01  5.8556E-01  5.8556E-01  5.8556E-01  5.8556E-01  5.8556E-01  5.8556E-01  5.8556E-01  5.8556E-01  5.8556E-01  5.8556E-01  5.8556E-01  5.8556E-01  5.8556E-01  5.8556E-01  5.8556E-01  5.8556E-01  5.8556E-01  5.8556E-01  5.8556E-01  5.8556E-01  5.8556E-01  5.8556E-01  5.8556E-01  5.8556E-01  5.8556E-01  5.8556E-01  5.8556E-01  5.8556E-01  5.8556E-01  5.8556E-01  5.8556E-01  5.8556E-01  5.8556E-01  5.8556E-01  5.8556E-01  5.8556E-01  5.8556E-01  5.8556E-01  5.8556E-01  5.8556E-01  5.8556E-01  5.8556E-01  5.8556E-01  5.8556E-01  5.8556E-01  5.8556E-01  5.8556E-01  5.8556E-01  5.8556E-01  5.8556E-01  5.8556E-01  5.8556E-01  5.8556E-01  5.8556E-01  5.8556E-01  5.8556E-01  5.8556E-01  5.8556E-01  5.8556E-01  5.8556E-01  5.8556E-01  5.8556E-01  5.8556E-01  5.8556E-01  5.8556E-01  5.8556E-01  5.8556E-01  5.8556E-01  5.8556E-01  5.8556E-01  5.8556E-01  5.8556E-01  5.8556E-01  5.8556E-01  5.8556E-01  5.8556E-01  5.8556E-01  5.8556E-01  5.8556E-01  5.8556E-01  5.8556E-01  5.8556E-01  5.8556E-01  5.8556E-01  5.8556E-01  5.8556E-01  5.8556E-01  5.8556E-01  5.8556E-01  5.8556E-01  5.8556E-01  5.8556E-01  5.8556E-01  5.8556E-01  5.8556E-01  5.8556E-01  5.8556E-01  5.8556E-01  5.8556E-01  5.8556E-01  5.8556E-01  5.8556E-01  5.8556E-01  5.8556E-01  5.8556E-01  5.8556E-01  5.8556E-01  5.8556E-01  5.8556E-01  5.8556E-01  5.8556E-01  5.8556E-01  5.8556E-01  5.8556E-01  5.8556E-01  5.8556E-01  5.8556E-01  5.8556E-01  5.8556E-01  5.8556E-01  5.8556E-01  5.8556E-01  5.8556E-01  5.8556E-01  5.8556E-01  5.8556E-01
=========================================================================================================================
.
.
=========================================================================================================================
=   Nuclide concentrations in gram-atoms, fission products for case 'irrad' (#1/2)                                      =
-------------------------------------------------------------------------------------------------------------------------
  (relative cutoff; integral of concentrations over time >   1.00E-03 % of integral of all concentrations over time)
.
                   0.000hr  ********hr  ********hr  ********hr  ********hr  ********hr  ********hr  ********hr  ********hr  ********hr  ********hr  ********hr  ********hr  ********hr  ********hr  ********hr  ********hr  ********hr  ********hr  ********hr  ********hr  ********hr  ********hr  ********hr  ********hr  ********hr  ********hr  ********hr  ********hr  ********hr  ********hr  ********hr  ********hr  ********hr  ********hr  ********hr  ********hr  ********hr  ********hr  ********hr  ********hr  ********hr  ********hr  ********hr  ********hr  ********hr  ********hr  ********hr  ********hr  ********hr  ********hr  ********hr  ********hr  ********hr  ********hr  ********hr  ********hr  ********hr  ********hr  ********hr  ********hr  ********hr  ********hr  ********hr  ********hr  ********hr  ********hr  ********hr  ********hr  ********hr  ********hr  ********hr  ********hr  ********hr  ********hr  ********hr  ********hr  ********hr  ********hr  ********hr  ********hr  ********hr  ********hr  ********hr  ********hr  ********hr  ********hr  ********hr  ********hr  ********hr  ********hr  ********hr  ********hr  ********hr  ********hr  ********hr  ********hr  ********hr  ********hr  ********hr  ********hr  ********hr  ********hr  ********hr  ********hr  ********hr  ********hr  ********hr  ********hr  ********hr  ********hr  ********hr  ********hr  ********hr  ********hr  ********hr  ********hr  ********hr  ********hr  ********hr  ********hr  ********hr  ********hr  ********hr  ********hr  ********hr  ********hr  ********hr  ********hr  ********hr  ********hr  ********hr  ********hr  ********hr  ********hr  ********hr  ********hr  ********hr  ********hr  ********hr  ********hr  ********hr  ********hr  ********hr  ********hr  ********hr  ********hr  ********hr  ********hr  ********hr  ********hr  ********hr  ********hr  ********hr  ********hr  ********hr  ********hr  ********hr  ********hr  ********hr  ********hr  ********hr  ********hr  ********hr  ********hr  ********hr  ********hr  ********hr  ********hr  ********hr  ********hr  ********hr  ********hr  ********hr  ********hr  ********hr  ********hr  ********hr  ********hr  ********hr  ********hr  ********hr  ********hr  ********hr  ********hr  ********hr  ********hr  ********hr  ********hr  ********hr  ********hr  ********hr  ********hr  ********hr  ********hr  ********hr  ********hr  ********hr  ********hr  ********hr  ********hr  ********hr  ********hr  ********hr  ********hr  ********hr  ********hr  ********hr  ********hr  ********hr  ********hr  ********hr  ********hr  ********hr  ********hr  ********hr  ********hr  ********hr  ********hr  ********hr  ********hr  ********hr  ********hr  ********hr  ********hr  ********hr  ********hr  ********hr  ********hr  ********hr  ********hr  ********hr  ********hr  ********hr  ********hr  ********hr  ********hr  ********hr  ********hr  ********hr  ********hr  ********hr  ********hr  ********hr  ********hr  ********hr  ********hr  ********hr  ********hr  ********hr  ********hr  ********hr  
  zr-90        5.4205E+00  5.4205E+00  5.4205E+00  5.4205E+00  5.4205E+00  5.4205E+00  5.4205E+00  5.4205E+00  5.4205E+00  5.4205E+00  5.4205E+00  5.4205E+00  5.4205E+00  5.4205E+00  5.4205E+00  5.4205E+00  5.4205E+00  5.4205E+00  5.4205E+00  5.4205E+00  5.4205E+00  5.4205E+00  5.4205E+00  5.4205E+00  5.4205E+00  5.4205E+00  5.4205E+00  5.4205E+00  5.4205E+00  5.4205E+00  5.4205E+00  5.4205E+00  5.4205E+00  5.4205E+00  5.4205E+00  5.4205E+00  5.4205E+00  5.4205E+00  5.4205E+00  5.4205E+00  5.4205E+00  5.4205E+00  5.4205E+00  5.4205E+00  5.4205E+00  5.4205E+00  5.4205E+00  5.4205E+00  5.4205E+00  5.4205E+00  5.4205E+00  5.4205E+00  5.4205E+00  5.4205E+00  5.4205E+00  5.4205E+00  5.4205E+00  5.4205E+00  5.4205E+00  5.4205E+00  5.4205E+00  5.4205E+00  5.4205E+00  5.4205E+00  5.4205E+00  5.4205E+00  5.4205E+00  5.4205E+00  5.4205E+00  5.4205E+00  5.4205E+00  5.4205E+00  5.4205E+00  5.4205E+00  5.4205E+00  5.4205E+00  5.4205E+00  5.4205E+00  5.4205E+00  5.4205E+00  5.4205E+00  5.4205E+00  5.4205E+00  5.4205E+00  5.4205E+00  5.4205E+00  5.4205E+00  5.4205E+00  5.4205E+00  5.4205E+00  5.4205E+00  5.4205E+00  5.4205E+00  5.4205E+00  5.4205E+00  5.4205E+00  5.4205E+00  5.4205E+00  5.4205E+00  5.4205E+00  5.4205E+00  5.4205E+00  5.4205E+00  5.4205E+00  5.4205E+00  5.4205E+00  5.4205E+00  5.4205E+00  5.4205E+00  5.4205E+00  5.4205E+00  5.4205E+00  5.4205E+00  5.4205E+00  5.4205E+00  5.4205E+00  5.4205E+00  5.4205E+00  5.4205E+00  5.4205E+00  5.4205E+00  5.4205E+00  5.4205E+00  5.4205E+00  5.4205E+00  5.4205E+00  5.4205E+00  5.4205E+00  5.4205E+00  5.4205E+00  5.4205E+00  5.4205E+00  5.4205E+00  5.4205E+00  5.4205E+00  5.4205E+00  5.4205E+00  5.4205E+00  5.4205E+00  5.4205E+00  5.4205E+00  5.4205E+00  5.4205E+00  5.4205E+00  5.4205E+00  5.4205E+00  5.4205E+00  5.4205E+00  5.4205E+00  5.4205E+00  5.4205E+00  5.4205E+00  5.4205E+00  5.4205E+00  5.4205E+00  5.4205E+00  5.4205E+00  5.4205E+00  5.4205E+00  5.4205E+00  5.4205E+00  5.4205E+00  5.4205E+00  5.4205E+00  5.4205E+00  5.4205E+00  5.4205E+00  5.4205E+00  5.4205E+00  5.4205E+00  5.4205E+00  5.4205E+00  5.4205E+00  5.4205E+00  5.4205E+00  5.4205E+00  5.4205E+00  5.4205E+00  5.4205E+00  5.4205E+00  5.4205E+00  5.4205E+00  5.4205E+00  5.4205E+00  5.4205E+00  5.4205E+00  5.4205E+00  5.4205E+00  5.4205E+00  5.4205E+00  5.4205E+00  5.4205E+00  5.4205E+00  5.4205E+00  5.4205E+00  5.4205E+00  5.4205E+00  5.4205E+00  5.4205E+00  5.4205E+00  5.4205E+00  5.4205E+00  5.4205E+00  5.4205E+00  5.4205E+00  5.4205E+00  5.4205E+00  5.4205E+00  5.4205E+00  5.4205E+00  5.4205E+00  5.4205E+00  5.4205E+00  5.4205E+00  5.4205E+00  5.4205E+00  5.4205E+00  5.4205E+00  5.4205E+00  5.4205E+00  5.4205E+00  5.4205E+00  5.4205E+00  5.4205E+00  5.4205E+00  5.4205E+00  5.4205E+00  5.4205E+00  5.4205E+00  5.4205E+00  5.4205E+00  5.4205E+00  5.4205E+00  5.4205E+00  5.4205E+00  5.4205E+00  5.4205E+00  5.4205E+00  5.4205E+00  5.4205E+00  5.4205E+00  5.4205E+00  5.4205E+00  5.4205E+00  5.4205E+00  5.4205E+00  5.4205E+00  5.4205E+00  5.4205E+00  5.4205E+00  5.4205E+00  5.4205E+00
  nb-93        5.3776E-02  5.3776E-02  5.3776E-02  5.3776E-02  5.3776E-02  5.3776E-02  5.3776E-02  5.3776E-02  5.3776E-02  5.3776E-02  5.3776E-02  5.3776E-02  5.3776E-02  5.3776E-02  5.3776E-02  5.3776E-02  5.3776E-02  5.3776E-02  5.3776E-02  5.3776E-02  5.3776E-02  5.3776E-02  5.3776E-02  5.3776E-02  5.3776E-02  5.3776E-02  5.3776E-02  5.3776E-02  5.3776E-02  5.3776E-02  5.3776E-02  5.3776E-02  5.3776E-02  5.3776E-02  5.3776E-02  5.3776E-02  5.3776E-02  5.3776E-02  5.3776E-02  5.3776E-02  5.3776E-02  5.3776E-02  5.3776E-02  5.3776E-02  5.3776E-02  5.3776E-02  5.3776E-02  5.3776E-02  5.3776E-02  5.3776E-02  5.3776E-02  5.3776E-02  5.3776E-02  5.3776E-02  5.3776E-02  5.3776E-02  5.3776E-02  5.3776E-02  5.3776E-02  5.3776E-02  5.3776E-02  5.3776E-02  5.3776E-02  5.3776E-02  5.3776E-02  5.3776E-02  5.3776E-02  5.3776E-02  5.3776E-02  5.3776E-02  5.3776E-02  5.3776E-02  5.3776E-02  5.3776E-02  5.3776E-02  5.3776E-02  5.3776E-02  5.3776E-02  5.3776E-02  5.3776E-02  5.3776E-02  5.3776E-02  5.3776E-02  5.3776E-02  5.3776E-02  5.3776E-02  5.3776E-02  5.3776E-02  5.3776E-02  5.3776E-02  5.3776E-02  5.3776E-02  5.3776E-02  5.3776E-02  5.3776E-02  5.3776E-02  5.3776E-02  5.3776E-02  5.3776E-02  5.3776E-02  5.3776E-02  5.3776E-02  5.3776E-02  5.3776E-02  5.3776E-02  5.3776E-02  5.3776E-02  5.3776E-02  5.3776E-02  5.3776E-02  5.3776E-02  5.3776E-02  5.3776E-02  5.3776E-02  5.3776E-02  5.3776E-02  5.3776E-02  5.3776E-02  5.3776E-02  5.3776E-02  5.3776E-02  5.3776E-02  5.3776E-02  5.3776E-02  5.3776E-02  5.3776E-02  5.3776E-02  5.3776E-02  5.3776E-02  5.3776E-02  5.3776E-02  5.3776E-02  5.3776E-02  5.3776E-02  5.3776E-02  5.3776E-02  5.3776E-02  5.3776E-02  5.3776E-02  5.3776E-02  5.3776E-02  5.3776E-02  5.3776E-02  5.3776E-02  5.3776E-02  5.3776E-02  5.3776E-02  5.3776E-02  5.3776E-02  5.3776E-02  5.3776E-02  5.3776E-02  5.3776E-02  5.3776E-02  5.3776E-02  5.3776E-02  5.3776E-02  5.3776E-02  5.3776E-02  5.3776E-02  5.3776E-02  5.3776E-02  5.3776E-02  5.3776E-02  5.3776E-02  5.3776E-02  5.3776E-02  5.3776E-02  5.3776E-02  5.3776E-02  5.3776E-02  5.3776E-02  5.3776E-02  5.3776E-02  5.3776E-02  5.3776E-02  5.3776E-02  5.3776E-02  5.3776E-02  5.3776E-02  5.3776E-02  5.3776E-02  5.3776E-02  5.3776E-02  5.3776E-02  5.3776E-02  5.3776E-02  5.3776E-02  5.3776E-02  5.3776E-02  5.3776E-02  5.3776E-02  5.3776E-02  5.3776E-02  5.3776E-02  5.3776E-02  5.3776E-02  5.3776E-02  5.3776E-02  5.3776E-02  5.3776E-02  5.3776E-02  5.3776E-02  5.3776E-02  5.3776E-02  5.3776E-02  5.3776E-02  5.3776E-02  5.3776E-02  5.3776E-02  5.3776E-02  5.3776E-02  5.3776E-02  5.3776E-02  5.3776E-02  5.3776E-02  5.3776E-02  5.3776E-02  5.3776E-02  5.3776E-02  5.3776E-02  5.3776E-02  5.3776E-02  5.3776E-02  5.3776E-02  5.3776E-02  5.3776E-02  5.3776E-02  5.3776E-02  5.3776E-02  5.3776E-02  5.3776E-02  5.3776E-02  5.3776E-02  5.3776E-02  5.3776E-02  5.3776E-02  5.3776E-02  5.3776E-02  5.3776E-02  5.3776E-02  5.3776E-02  5.3776E-02  5.3776E-02  5.3776E-02  5.3776E-02  5.3776E-02  5.3776E-02  5.3776E-02  5.3776E-02  5.3776E-02  5.3776E-02
  gd-156       9.9272E-02  9.9272E-02  9.9272E-02  9.9272E-02  9.9272E-02  9.9272E-02  9.9272E-02  9.9272E-02  9.9272E-02  9.9272E-02  9.9272E-02  9.9272E-02  9.9272E-02  9.9272E-02  9.9272E-02  9.9272E-02  9.9272E-02  9.9272E-02  9.9272E-02  9.9272E-02  9.9272E-02  9.9272E-02  9.9272E-02  9.9272E-02  9.9272E-02  9.9272E-02  9.9272E-02  9.9272E-02  9.9272E-02  9.9272E-02  9.9272E-02  9.9272E-02  9.9272E-02  9.9272E-02  9.9272E-02  9.9272E-02  9.9272E-02  9.9272E-02  9.9272E-02  9.9272E-02  9.9272E-02  9.9272E-02  9.9272E-02  9.9272E-02  9.9272E-02  9.9272E-02  9.9272E-02  9.9272E-02  9.9272E-02  9.9272E-02  9.9272E-02  9.9272E-02  9.9272E-02  9.9272E-02  9.9272E-02  9.9272E-02  9.9272E-02  9.9272E-02  9.9272E-02  9.9272E-02  9.9272E-02  9.9272E-02  9.9272E-02  9.9272E-02  9.9272E-02  9.9272E-02  9.9272E-02  9.9272E-02  9.9272E-02  9.9272E-02  9.9272E-02  9.9272E-02  9.9272E-02  9.9272E-02  9.9272E-02  9.9272E-02  9.9272E-02  9.9272E-02  9.9272E-02  9.9272E-02  9.9272E-02  9.9272E-02  9.9272E-02  9.9272E-02  9.9272E-02  9.9272E-02  9.9272E-02  9.9272E-02  9.9272E-02  9.9272E-02  9.9272E-02  9.9272E-02  9.9272E-02  9.9272E-02  9.9272E-02  9.9272E-02  9.9272E-02  9.9272E-02  9.9272E-02  9.9272E-02  9.9272E-02  9.9272E-02  9.9272E-02  9.9272E-02  9.9272E-02  9.9272E-02  9.9272E-02  9.9272E-02  9.9272E-02  9.9272E-02  9.9272E-02  9.9272E-02  9.9272E-02  9.9272E-02  9.9272E-02  9.9272E-02  9.9272E-02  9.9272E-02  9.9272E-02  9.9272E-02  9.9272E-02  9.9272E-02  9.9272E-02  9.9272E-02  9.9272E-02  9.9272E-02  9.9272E-02  9.9272E-02  9.9272E-02  9.9272E-02  9.9272E-02  9.9272E-02  9.9272E-02  9.9272E-02  9.9272E-02  9.9272E-02  9.9272E-02  9.9272E-02  9.9272E-02  9.9272E-02  9.9272E-02  9.9272E-02  9.9272E-02  9.9272E-02  9.9272E-02  9.9272E-02  9.9272E-02  9.9272E-02  9.9272E-02  9.9272E-02  9.9272E-02  9.9272E-02  9.9272E-02  9.9272E-02  9.9272E-02  9.9272E-02  9.9272E-02  9.9272E-02  9.9272E-02  9.9272E-02  9.9272E-02  9.9272E-02  9.9272E-02  9.9272E-02  9.9272E-02  9.9272E-02  9.9272E-02  9.9272E-02  9.9272E-02  9.9272E-02  9.9272E-02  9.9272E-02  9.9272E-02  9.9272E-02  9.9272E-02  9.9272E-02  9.9272E-02  9.9272E-02  9.9272E-02  9.9272E-02  9.9272E-02  9.9272E-02  9.9272E-02  9.9272E-02  9.9272E-02  9.9272E-02  9.9272E-02  9.9272E-02  9.9272E-02  9.9272E-02  9.9272E-02  9.9272E-02  9.9272E-02  9.9272E-02  9.9272E-02  9.9272E-02  9.9272E-02  9.9272E-02  9.9272E-02  9.9272E-02  9.9272E-02  9.9272E-02  9.9272E-02  9.9272E-02  9.9272E-02  9.9272E-02  9.9272E-02  9.9272E-02  9.9272E-02  9.9272E-02  9.9272E-02  9.9272E-02  9.9272E-02  9.9272E-02  9.9272E-02  9.9272E-02  9.9272E-02  9.9272E-02  9.9272E-02  9.9272E-02  9.9272E-02  9.9272E-02  9.9272E-02  9.9272E-02  9.9272E-02  9.9272E-02  9.9272E-02  9.9272E-02  9.9272E-02  9.9272E-02  9.9272E-02  9.9272E-02  9.9272E-02  9.9272E-02  9.9272E-02  9.9272E-02  9.9272E-02  9.9272E-02  9.9272E-02  9.9272E-02  9.9272E-02  9.9272E-02  9.9272E-02  9.9272E-02  9.9272E-02  9.9272E-02  9.9272E-02  9.9272E-02  9.9272E-02  9.9272E-02  9.9272E-02  9.9272E-02
  gd-158       6.6102E-02  6.6102E-02  6.6102E-02  6.6102E-02  6.6102E-02  6.6102E-02  6.6102E-02  6.6102E-02  6.6102E-02  6.6102E-02  6.6102E-02  6.6102E-02  6.6102E-02  6.6102E-02  6.6102E-02  6.6102E-02  6.6102E-02  6.6102E-02  6.6102E-02  6.6102E-02  6.6102E-02  6.6102E-02  6.6102E-02  6.6102E-02  6.6102E-02  6.6102E-02  6.6102E-02  6.6102E-02  6.6102E-02  6.6102E-02  6.6102E-02  6.6102E-02  6.6102E-02  6.6102E-02  6.6102E-02  6.6102E-02  6.6102E-02  6.6102E-02  6.6102E-02  6.6102E-02  6.6102E-02  6.6102E-02  6.6102E-02  6.6102E-02  6.6102E-02  6.6102E-02  6.6102E-02  6.6102E-02  6.6102E-02  6.6102E-02  6.6102E-02  6.6102E-02  6.6102E-02  6.6102E-02  6.6102E-02  6.6102E-02  6.6102E-02  6.6102E-02  6.6102E-02  6.6102E-02  6.6102E-02  6.6102E-02  6.6102E-02  6.6102E-02  6.6102E-02  6.6102E-02  6.6102E-02  6.6102E-02  6.6102E-02  6.6102E-02  6.6102E-02  6.6102E-02  6.6102E-02  6.6102E-02  6.6102E-02  6.6102E-02  6.6102E-02  6.6102E-02  6.6102E-02  6.6102E-02  6.6102E-02  6.6102E-02  6.6102E-02  6.6102E-02  6.6102E-02  6.6102E-02  6.6102E-02  6.6102E-02  6.6102E-02  6.6102E-02  6.6102E-02  6.6102E-02  6.6102E-02  6.6102E-02  6.6102E-02  6.6102E-02  6.6102E-02  6.6102E-02  6.6102E-02  6.6102E-02  6.6102E-02  6.6102E-02  6.6102E-02  6.6102E-02  6.6102E-02  6.6102E-02  6.6102E-02  6.6102E-02  6.6102E-02  6.6102E-02  6.6102E-02  6.6102E-02  6.6102E-02  6.6102E-02  6.6102E-02  6.6102E-02  6.6102E-02  6.6102E-02  6.6102E-02  6.6102E-02  6.6102E-02  6.6102E-02  6.6102E-02  6.6102E-02  6.6102E-02  6.6102E-02  6.6102E-02  6.6102E-02  6.6102E-02  6.6102E-02  6.6102E-02  6.6102E-02  6.6102E-02  6.6102E-02  6.6102E-02  6.6102E-02  6.6102E-02  6.6102E-02  6.6102E-02  6.6102E-02  6.6102E-02  6.6102E-02  6.6102E-02  6.6102E-02  6.6102E-02  6.6102E-02  6.6102E-02  6.6102E-02  6.6102E-02  6.6102E-02  6.6102E-02  6.6102E-02  6.6102E-02  6.6102E-02  6.6102E-02  6.6102E-02  6.6102E-02  6.6102E-02  6.6102E-02  6.6102E-02  6.6102E-02  6.6102E-02  6.6102E-02  6.6102E-02  6.6102E-02  6.6102E-02  6.6102E-02  6.6102E-02  6.6102E-02  6.6102E-02  6.6102E-02  6.6102E-02  6.6102E-02  6.6102E-02  6.6102E-02  6.6102E-02  6.6102E-02  6.6102E-02  6.6102E-02  6.6102E-02  6.6102E-02  6.6102E-02  6.6102E-02  6.6102E-02  6.6102E-02  6.6102E-02  6.6102E-02  6.6102E-02  6.6102E-02  6.6102E-02  6.6102E-02  6.6102E-02  6.6102E-02  6.6102E-02  6.6102E-02  6.6102E-02  6.6102E-02  6.6102E-02  6.6102E-02  6.6102E-02  6.6102E-02  6.6102E-02  6.6102E-02  6.6102E-02  6.6102E-02  6.6102E-02  6.6102E-02  6.6102E-02  6.6102E-02  6.6102E-02  6.6102E-02  6.6102E-02  6.6102E-02  6.6102E-02  6.6102E-02  6.6102E-02  6.6102E-02  6.6102E-02  6.6102E-02  6.6102E-02  6.6102E-02  6.6102E-02  6.6102E-02  6.6102E-02  6.6102E-02  6.6102E-02  6.6102E-02  6.6102E-02  6.6102E-02  6.6102E-02  6.6102E-02  6.6102E-02  6.6102E-02  6.6102E-02  6.6102E-02  6.6102E-02  6.6102E-02  6.6102E-02  6.6102E-02  6.6102E-02  6.6102E-02  6.6102E-02  6.6102E-02  6.6102E-02  6.6102E-02  6.6102E-02  6.6102E-02  6.6102E-02  6.6102E-02  6.6102E-02  6.6102E-02  6.6102E-02
------------
  totals       5.6397E+00  5.6397E+00  5.6397E+00  5.6397E+00  5.6397E+00  5.6397E+00  5.6397E+00  5.6397E+00  5.6397E+00  5.6397E+00  5.6397E+00  5.6397E+00  5.6397E+00  5.6397E+00  5.6397E+00  5.6397E+00  5.6397E+00  5.6397E+00  5.6397E+00  5.6397E+00  5.6397E+00  5.6397E+00  5.6397E+00  5.6397E+00  5.6397E+00  5.6397E+00  5.6397E+00  5.6397E+00  5.6397E+00  5.6397E+00  5.6397E+00  5.6397E+00  5.6397E+00  5.6397E+00  5.6397E+00  5.6397E+00  5.6397E+00  5.6397E+00  5.6397E+00  5.6397E+00  5.6397E+00  5.6397E+00  5.6397E+00  5.6397E+00  5.6397E+00  5.6397E+00  5.6397E+00  5.6397E+00  5.6397E+00  5.6397E+00  5.6397E+00  5.6397E+00  5.6397E+00  5.6397E+00  5.6397E+00  5.6397E+00  5.6397E+00  5.6397E+00  5.6397E+00  5.6397E+00  5.6397E+00  5.6397E+00  5.6397E+00  5.6397E+00  5.6397E+00  5.6397E+00  5.6397E+00  5.6397E+00  5.6397E+00  5.6397E+00  5.6397E+00  5.6397E+00  5.6397E+00  5.6397E+00  5.6397E+00  5.6397E+00  5.6397E+00  5.6397E+00  5.6397E+00  5.6397E+00  5.6397E+00  5.6397E+00  5.6397E+00  5.6397E+00  5.6397E+00  5.6397E+00  5.6397E+00  5.6397E+00  5.6397E+00  5.6397E+00  5.6397E+00  5.6397E+00  5.6397E+00  5.6397E+00  5.6397E+00  5.6397E+00  5.6397E+00  5.6397E+00  5.6397E+00  5.6397E+00  5.6397E+00  5.6397E+00  5.6397E+00  5.6397E+00  5.6397E+00  5.6397E+00  5.6397E+00  5.6397E+00  5.6397E+00  5.6397E+00  5.6397E+00  5.6397E+00  5.6397E+00  5.6397E+00  5.6397E+00  5.6397E+00  5.6397E+00  5.6397E+00  5.6397E+00  5.6397E+00  5.6397E+00  5.6397E+00  5.6397E+00  5.6397E+00  5.6397E+00  5.6397E+00  5.6397E+00  5.6397E+00  5.6397E+00  5.6397E+00  5.6397E+00  5.6397E+00  5.6397E+00  5.6397E+00  5.6397E+00  5.6397E+00  5.6397E+00  5.6397E+00  5.6397E+00  5.6397E+00  5.6397E+00  5.6397E+00  5.6397E+00  5.6397E+00  5.6397E+00  5.6397E+00  5.6397E+00  5.6397E+00  5.6397E+00  5.6397E+00  5.6397E+00  5.6397E+00  5.6397E+00  5.6397E+00  5.6397E+00  5.6397E+00  5.6397E+00  5.6397E+00  5.6397E+00  5.6397E+00  5.6397E+00  5.6397E+00  5.6397E+00  5.6397E+00  5.6397E+00  5.6397E+00  5.6397E+00  5.6397E+00  5.6397E+00  5.6397E+00  5.6397E+00  5.6397E+00  5.6397E+00  5.6397E+00  5.6397E+00  5.6397E+00  5.6397E+00  5.6397E+00  5.6397E+00  5.6397E+00  5.6397E+00  5.6397E+00  5.6397E+00  5.6397E+00  5.6397E+00  5.6397E+00  5.6397E+00  5.6397E+00  5.6397E+00  5.6397E+00  5.6397E+00  5.6397E+00  5.6397E+00  5.6397E+00  5.6397E+00  5.6397E+00  5.6397E+00  5.6397E+00  5.6397E+00  5.6397E+00  5.6397E+00  5.6397E+00  5.6397E+00  5.6397E+00  5.6397E+00  5.6397E+00  5.6397E+00  5.6397E+00  5.6397E+00  5.6397E+00  5.6397E+00  5.6397E+00  5.6397E+00  5.6397E+00  5.6397E+00  5.6397E+00  5.6397E+00  5.6397E+00  5.6397E+00  5.6397E+00  5.6397E+00  5.6397E+00  5.6397E+00  5.6397E+00  5.6397E+00  5.6397E+00  5.6397E+00  5.6397E+00  5.6397E+00  5.6397E+00  5.6397E+00  5.6397E+00  5.6397E+00  5.6397E+00  5.6397E+00  5.6397E+00  5.6397E+00  5.6397E+00  5.6397E+00  5.6397E+00  5.6397E+00  5.6397E+00  5.6397E+00  5.6397E+00  5.6397E+00  5.6397E+00  5.6397E+00  5.6397E+00  5.6397E+00  5.6397E+00  5.6397E+00  5.6397E+00
=========================================================================================================================
.
.
=========================================================================================================================
=   Nuclide concentrations in gram-atoms for case 'irrad' (#1/2)                                                        =
-------------------------------------------------------------------------------------------------------------------------
  (relative cutoff; integral of concentrations over time >   1.00E-03 % of integral of all concentrations over time)
.
                   0.000hr  ********hr  ********hr  ********hr  ********hr  ********hr  ********hr  ********hr  ********hr  ********hr  ********hr  ********hr  ********hr  ********hr  ********hr  ********hr  ********hr  ********hr  ********hr  ********hr  ********hr  ********hr  ********hr  ********hr  ********hr  ********hr  ********hr  ********hr  ********hr  ********hr  ********hr  ********hr  ********hr  ********hr  ********hr  ********hr  ********hr  ********hr  ********hr  ********hr  ********hr  ********hr  ********hr  ********hr  ********hr  ********hr  ********hr  ********hr  ********hr  ********hr  ********hr  ********hr  ********hr  ********hr  ********hr  ********hr  ********hr  ********hr  ********hr  ********hr  ********hr  ********hr  ********hr  ********hr  ********hr  ********hr  ********hr  ********hr  ********hr  ********hr  ********hr  ********hr  ********hr  ********hr  ********hr  ********hr  ********hr  ********hr  ********hr  ********hr  ********hr  ********hr  ********hr  ********hr  ********hr  ********hr  ********hr  ********hr  ********hr  ********hr  ********hr  ********hr  ********hr  ********hr  ********hr  ********hr  ********hr  ********hr  ********hr  ********hr  ********hr  ********hr  ********hr  ********hr  ********hr  ********hr  ********hr  ********hr  ********hr  ********hr  ********hr  ********hr  ********hr  ********hr  ********hr  ********hr  ********hr  ********hr  ********hr  ********hr  ********hr  ********hr  ********hr  ********hr  ********hr  ********hr  ********hr  ********hr  ********hr  ********hr  ********hr  ********hr  ********hr  ********hr  ********hr  ********hr  ********hr  ********hr  ********hr  ********hr  ********hr  ********hr  ********hr  ********hr  ********hr  ********hr  ********hr  ********hr  ********hr  ********hr  ********hr  ********hr  ********hr  ********hr  ********hr  ********hr  ********hr  ********hr  ********hr  ********hr  ********hr  ********hr  ********hr  ********hr  ********hr  ********hr  ********hr  ********hr  ********hr  ********hr  ********hr  ********hr  ********hr  ********hr  ********hr  ********hr  ********hr  ********hr  ********hr  ********hr  ********hr  ********hr  ********hr  ********hr  ********hr  ********hr  ********hr  ********hr  ********hr  ********hr  ********hr  ********hr  ********hr  ********hr  ********hr  ********hr  ********hr  ********hr  ********hr  ********hr  ********hr  ********hr  ********hr  ********hr  ********hr  ********hr  ********hr  ********hr  ********hr  ********hr  ********hr  ********hr  ********hr  ********hr  ********hr  ********hr  ********hr  ********hr  ********hr  ********hr  ********hr  ********hr  ********hr  ********hr  ********hr  ********hr  ********hr  ********hr  ********hr  ********hr  ********hr  ********hr  ********hr  ********hr  ********hr  ********hr  ********hr  ********hr  ********hr  ********hr  ********hr  ********hr  ********hr  ********hr  ********hr  ********hr  ********hr  ********hr  ********hr  ********hr  ********hr  ********hr  
  h-1          1.0988E+01  1.0988E+01  1.0988E+01  1.0988E+01  1.0988E+01  1.0988E+01  1.0988E+01  1.0988E+01  1.0988E+01  1.0988E+01  1.0988E+01  1.0988E+01  1.0988E+01  1.0988E+01  1.0988E+01  1.0988E+01  1.0988E+01  1.0988E+01  1.0988E+01  1.0988E+01  1.0988E+01  1.0988E+01  1.0988E+01  1.0988E+01  1.0988E+01  1.0988E+01  1.0988E+01  1.0988E+01  1.0988E+01  1.0988E+01  1.0988E+01  1.0988E+01  1.0988E+01  1.0988E+01  1.0988E+01  1.0988E+01  1.0988E+01  1.0988E+01  1.0988E+01  1.0988E+01  1.0988E+01  1.0988E+01  1.0988E+01  1.0988E+01  1.0988E+01  1.0988E+01  1.0988E+01  1.0988E+01  1.0988E+01  1.0988E+01  1.0988E+01  1.0988E+01  1.0988E+01  1.0988E+01  1.0988E+01  1.0988E+01  1.0988E+01  1.0988E+01  1.0988E+01  1.0988E+01  1.0988E+01  1.0988E+01  1.0988E+01  1.0988E+01  1.0988E+01  1.0988E+01  1.0988E+01  1.0988E+01  1.0988E+01  1.0988E+01  1.0988E+01  1.0988E+01  1.0988E+01  1.0988E+01  1.0988E+01  1.0988E+01  1.0988E+01  1.0988E+01  1.0988E+01  1.0988E+01  1.0988E+01  1.0988E+01  1.0988E+01  1.0988E+01  1.0988E+01  1.0988E+01  1.0988E+01  1.0988E+01  1.0988E+01  1.0988E+01  1.0988E+01  1.0988E+01  1.0988E+01  1.0988E+01  1.0988E+01  1.0988E+01  1.0988E+01  1.0988E+01  1.0988E+01  1.0988E+01  1.0988E+01  1.0988E+01  1.0988E+01  1.0988E+01  1.0988E+01  1.0988E+01  1.0988E+01  1.0988E+01  1.0988E+01  1.0988E+01  1.0988E+01  1.0988E+01  1.0988E+01  1.0988E+01  1.0988E+01  1.0988E+01  1.0988E+01  1.0988E+01  1.0988E+01  1.0988E+01  1.0988E+01  1.0988E+01  1.0988E+01  1.0988E+01  1.0988E+01  1.0988E+01  1.0988E+01  1.0988E+01  1.0988E+01  1.0988E+01  1.0988E+01  1.0988E+01  1.0988E+01  1.0988E+01  1.0988E+01  1.0988E+01  1.0988E+01  1.0988E+01  1.0988E+01  1.0988E+01  1.0988E+01  1.0988E+01  1.0988E+01  1.0988E+01  1.0988E+01  1.0988E+01  1.0988E+01  1.0988E+01  1.0988E+01  1.0988E+01  1.0988E+01  1.0988E+01  1.0988E+01  1.0988E+01  1.0988E+01  1.0988E+01  1.0988E+01  1.0988E+01  1.0988E+01  1.0988E+01  1.0988E+01  1.0988E+01  1.0988E+01  1.0988E+01  1.0988E+01  1.0988E+01  1.0988E+01  1.0988E+01  1.0988E+01  1.0988E+01  1.0988E+01  1.0988E+01  1.0988E+01  1.0988E+01  1.0988E+01  1.0988E+01  1.0988E+01  1.0988E+01  1.0988E+01  1.0988E+01  1.0988E+01  1.0988E+01  1.0988E+01  1.0988E+01  1.0988E+01  1.0988E+01  1.0988E+01  1.0988E+01  1.0988E+01  1.0988E+01  1.0988E+01  1.0988E+01  1.0988E+01  1.0988E+01  1.0988E+01  1.0988E+01  1.0988E+01  1.0988E+01  1.0988E+01  1.0988E+01  1.0988E+01  1.0988E+01  1.0988E+01  1.0988E+01  1.0988E+01  1.0988E+01  1.0988E+01  1.0988E+01  1.0988E+01  1.0988E+01  1.0988E+01  1.0988E+01  1.0988E+01  1.0988E+01  1.0988E+01  1.0988E+01  1.0988E+01  1.0988E+01  1.0988E+01  1.0988E+01  1.0988E+01  1.0988E+01  1.0988E+01  1.0988E+01  1.0988E+01  1.0988E+01  1.0988E+01  1.0988E+01  1.0988E+01  1.0988E+01  1.0988E+01  1.0988E+01  1.0988E+01  1.0988E+01  1.0988E+01  1.0988E+01  1.0988E+01  1.0988E+01  1.0988E+01  1.0988E+01  1.0988E+01  1.0988E+01  1.0988E+01  1.0988E+01  1.0988E+01  1.0988E+01  1.0988E+01  1.0988E+01  1.0988E+01  1.0988E+01  1.0988E+01  1.0988E+01
  b-10         3.3482E-03  3.3482E-03  3.3482E-03  3.3482E-03  3.3482E-03  3.3482E-03  3.3482E-03  3.3482E-03  3.3482E-03  3.3482E-03  3.3482E-03  3.3482E-03  3.3482E-03  3.3482E-03  3.3482E-03  3.3482E-03  3.3482E-03  3.3482E-03  3.3482E-03  3.3482E-03  3.3482E-03  3.3482E-03  3.3482E-03  3.3482E-03  3.3482E-03  3.3482E-03  3.3482E-03  3.3482E-03  3.3482E-03  3.3482E-03  3.3482E-03  3.3482E-03  3.3482E-03  3.3482E-03  3.3482E-03  3.3482E-03  3.3482E-03  3.3482E-03  3.3482E-03  3.3482E-03  3.3482E-03  3.3482E-03  3.3482E-03  3.3482E-03  3.3482E-03  3.3482E-03  3.3482E-03  3.3482E-03  3.3482E-03  3.3482E-03  3.3482E-03  3.3482E-03  3.3482E-03  3.3482E-03  3.3482E-03  3.3482E-03  3.3482E-03  3.3482E-03  3.3482E-03  3.3482E-03  3.3482E-03  3.3482E-03  3.3482E-03  3.3482E-03  3.3482E-03  3.3482E-03  3.3482E-03  3.3482E-03  3.3482E-03  3.3482E-03  3.3482E-03  3.3482E-03  3.3482E-03  3.3482E-03  3.3482E-03  3.3482E-03  3.3482E-03  3.3482E-03  3.3482E-03  3.3482E-03  3.3482E-03  3.3482E-03  3.3482E-03  3.3482E-03  3.3482E-03  3.3482E-03  3.3482E-03  3.3482E-03  3.3482E-03  3.3482E-03  3.3482E-03  3.3482E-03  3.3482E-03  3.3482E-03  3.3482E-03  3.3482E-03  3.3482E-03  3.3482E-03  3.3482E-03  3.3482E-03  3.3482E-03  3.3482E-03  3.3482E-03  3.3482E-03  3.3482E-03  3.3482E-03  3.3482E-03  3.3482E-03  3.3482E-03  3.3482E-03  3.3482E-03  3.3482E-03  3.3482E-03  3.3482E-03  3.3482E-03  3.3482E-03  3.3482E-03  3.3482E-03  3.3482E-03  3.3482E-03  3.3482E-03  3.3482E-03  3.3482E-03  3.3482E-03  3.3482E-03  3.3482E-03  3.3482E-03  3.3482E-03  3.3482E-03  3.3482E-03  3.3482E-03  3.3482E-03  3.3482E-03  3.3482E-03  3.3482E-03  3.3482E-03  3.3482E-03  3.3482E-03  3.3482E-03  3.3482E-03  3.3482E-03  3.3482E-03  3.3482E-03  3.3482E-03  3.3482E-03  3.3482E-03  3.3482E-03  3.3482E-03  3.3482E-03  3.3482E-03  3.3482E-03  3.3482E-03  3.3482E-03  3.3482E-03  3.3482E-03  3.3482E-03  3.3482E-03  3.3482E-03  3.3482E-03  3.3482E-03  3.3482E-03  3.3482E-03  3.3482E-03  3.3482E-03  3.3482E-03  3.3482E-03  3.3482E-03  3.3482E-03  3.3482E-03  3.3482E-03  3.3482E-03  3.3482E-03  3.3482E-03  3.3482E-03  3.3482E-03  3.3482E-03  3.3482E-03  3.3482E-03  3.3482E-03  3.3482E-03  3.3482E-03  3.3482E-03  3.3482E-03  3.3482E-03  3.3482E-03  3.3482E-03  3.3482E-03  3.3482E-03  3.3482E-03  3.3482E-03  3.3482E-03  3.3482E-03  3.3482E-03  3.3482E-03  3.3482E-03  3.3482E-03  3.3482E-03  3.3482E-03  3.3482E-03  3.3482E-03  3.3482E-03  3.3482E-03  3.3482E-03  3.3482E-03  3.3482E-03  3.3482E-03  3.3482E-03  3.3482E-03  3.3482E-03  3.3482E-03  3.3482E-03  3.3482E-03  3.3482E-03  3.3482E-03  3.3482E-03  3.3482E-03  3.3482E-03  3.3482E-03  3.3482E-03  3.3482E-03  3.3482E-03  3.3482E-03  3.3482E-03  3.3482E-03  3.3482E-03  3.3482E-03  3.3482E-03  3.3482E-03  3.3482E-03  3.3482E-03  3.3482E-03  3.3482E-03  3.3482E-03  3.3482E-03  3.3482E-03  3.3482E-03  3.3482E-03  3.3482E-03  3.3482E-03  3.3482E-03  3.3482E-03  3.3482E-03  3.3482E-03  3.3482E-03  3.3482E-03  3.3482E-03  3.3482E-03  3.3482E-03  3.3482E-03  3.3482E-03  3.3482E-03  3.3482E-03
  b-11         1.3393E-02  1.3393E-02  1.3393E-02  1.3393E-02  1.3393E-02  1.3393E-02  1.3393E-02  1.3393E-02  1.3393E-02  1.3393E-02  1.3393E-02  1.3393E-02  1.3393E-02  1.3393E-02  1.3393E-02  1.3393E-02  1.3393E-02  1.3393E-02  1.3393E-02  1.3393E-02  1.3393E-02  1.3393E-02  1.3393E-02  1.3393E-02  1.3393E-02  1.3393E-02  1.3393E-02  1.3393E-02  1.3393E-02  1.3393E-02  1.3393E-02  1.3393E-02  1.3393E-02  1.3393E-02  1.3393E-02  1.3393E-02  1.3393E-02  1.3393E-02  1.3393E-02  1.3393E-02  1.3393E-02  1.3393E-02  1.3393E-02  1.3393E-02  1.3393E-02  1.3393E-02  1.3393E-02  1.3393E-02  1.3393E-02  1.3393E-02  1.3393E-02  1.3393E-02  1.3393E-02  1.3393E-02  1.3393E-02  1.3393E-02  1.3393E-02  1.3393E-02  1.3393E-02  1.3393E-02  1.3393E-02  1.3393E-02  1.3393E-02  1.3393E-02  1.3393E-02  1.3393E-02  1.3393E-02  1.3393E-02  1.3393E-02  1.3393E-02  1.3393E-02  1.3393E-02  1.3393E-02  1.3393E-02  1.3393E-02  1.3393E-02  1.3393E-02  1.3393E-02  1.3393E-02  1.3393E-02  1.3393E-02  1.3393E-02  1.3393E-02  1.3393E-02  1.3393E-02  1.3393E-02  1.3393E-02  1.3393E-02  1.3393E-02  1.3393E-02  1.3393E-02  1.3393E-02  1.3393E-02  1.3393E-02  1.3393E-02  1.3393E-02  1.3393E-02  1.3393E-02  1.3393E-02  1.3393E-02  1.3393E-02  1.3393E-02  1.3393E-02  1.3393E-02  1.3393E-02  1.3393E-02  1.3393E-02  1.3393E-02  1.3393E-02  1.3393E-02  1.3393E-02  1.3393E-02  1.3393E-02  1.3393E-02  1.3393E-02  1.3393E-02  1.3393E-02  1.3393E-02  1.3393E-02  1.3393E-02  1.3393E-02  1.3393E-02  1.3393E-02  1.3393E-02  1.3393E-02  1.3393E-02  1.3393E-02  1.3393E-02  1.3393E-02  1.3393E-02  1.3393E-02  1.3393E-02  1.3393E-02  1.3393E-02  1.3393E-02  1.3393E-02  1.3393E-02  1.3393E-02  1.3393E-02  1.3393E-02  1.3393E-02  1.3393E-02  1.3393E-02  1.3393E-02  1.3393E-02  1.3393E-02  1.3393E-02  1.3393E-02  1.3393E-02  1.3393E-02  1.3393E-02  1.3393E-02  1.3393E-02  1.3393E-02  1.3393E-02  1.3393E-02  1.3393E-02  1.3393E-02  1.3393E-02  1.3393E-02  1.3393E-02  1.3393E-02  1.3393E-02  1.3393E-02  1.3393E-02  1.3393E-02  1.3393E-02  1.3393E-02  1.3393E-02  1.3393E-02  1.3393E-02  1.3393E-02  1.3393E-02  1.3393E-02  1.3393E-02  1.3393E-02  1.3393E-02  1.3393E-02  1.3393E-02  1.3393E-02  1.3393E-02  1.3393E-02  1.3393E-02  1.3393E-02  1.3393E-02  1.3393E-02  1.3393E-02  1.3393E-02  1.3393E-02  1.3393E-02  1.3393E-02  1.3393E-02  1.3393E-02  1.3393E-02  1.3393E-02  1.3393E-02  1.3393E-02  1.3393E-02  1.3393E-02  1.3393E-02  1.3393E-02  1.3393E-02  1.3393E-02  1.3393E-02  1.3393E-02  1.3393E-02  1.3393E-02  1.3393E-02  1.3393E-02  1.3393E-02  1.3393E-02  1.3393E-02  1.3393E-02  1.3393E-02  1.3393E-02  1.3393E-02  1.3393E-02  1.3393E-02  1.3393E-02  1.3393E-02  1.3393E-02  1.3393E-02  1.3393E-02  1.3393E-02  1.3393E-02  1.3393E-02  1.3393E-02  1.3393E-02  1.3393E-02  1.3393E-02  1.3393E-02  1.3393E-02  1.3393E-02  1.3393E-02  1.3393E-02  1.3393E-02  1.3393E-02  1.3393E-02  1.3393E-02  1.3393E-02  1.3393E-02  1.3393E-02  1.3393E-02  1.3393E-02  1.3393E-02  1.3393E-02  1.3393E-02  1.3393E-02  1.3393E-02  1.3393E-02  1.3393E-02  1.3393E-02
  n-14         8.0091E-03  8.0091E-03  8.0091E-03  8.0091E-03  8.0091E-03  8.0091E-03  8.0091E-03  8.0091E-03  8.0091E-03  8.0091E-03  8.0091E-03  8.0091E-03  8.0091E-03  8.0091E-03  8.0091E-03  8.0091E-03  8.0091E-03  8.0091E-03  8.0091E-03  8.0091E-03  8.0091E-03  8.0091E-03  8.0091E-03  8.0091E-03  8.0091E-03  8.0091E-03  8.0091E-03  8.0091E-03  8.0091E-03  8.0091E-03  8.0091E-03  8.0091E-03  8.0091E-03  8.0091E-03  8.0091E-03  8.0091E-03  8.0091E-03  8.0091E-03  8.0091E-03  8.0091E-03  8.0091E-03  8.0091E-03  8.0091E-03  8.0091E-03  8.0091E-03  8.0091E-03  8.0091E-03  8.0091E-03  8.0091E-03  8.0091E-03  8.0091E-03  8.0091E-03  8.0091E-03  8.0091E-03  8.0091E-03  8.0091E-03  8.0091E-03  8.0091E-03  8.0091E-03  8.0091E-03  8.0091E-03  8.0091E-03  8.0091E-03  8.0091E-03  8.0091E-03  8.0091E-03  8.0091E-03  8.0091E-03  8.0091E-03  8.0091E-03  8.0091E-03  8.0091E-03  8.0091E-03  8.0091E-03  8.0091E-03  8.0091E-03  8.0091E-03  8.0091E-03  8.0091E-03  8.0091E-03  8.0091E-03  8.0091E-03  8.0091E-03  8.0091E-03  8.0091E-03  8.0091E-03  8.0091E-03  8.0091E-03  8.0091E-03  8.0091E-03  8.0091E-03  8.0091E-03  8.0091E-03  8.0091E-03  8.0091E-03  8.0091E-03  8.0091E-03  8.0091E-03  8.0091E-03  8.0091E-03  8.0091E-03  8.0091E-03  8.0091E-03  8.0091E-03  8.0091E-03  8.0091E-03  8.0091E-03  8.0091E-03  8.0091E-03  8.0091E-03  8.0091E-03  8.0091E-03  8.0091E-03  8.0091E-03  8.0091E-03  8.0091E-03  8.0091E-03  8.0091E-03  8.0091E-03  8.0091E-03  8.0091E-03  8.0091E-03  8.0091E-03  8.0091E-03  8.0091E-03  8.0091E-03  8.0091E-03  8.0091E-03  8.0091E-03  8.0091E-03  8.0091E-03  8.0091E-03  8.0091E-03  8.0091E-03  8.0091E-03  8.0091E-03  8.0091E-03  8.0091E-03  8.0091E-03  8.0091E-03  8.0091E-03  8.0091E-03  8.0091E-03  8.0091E-03  8.0091E-03  8.0091E-03  8.0091E-03  8.0091E-03  8.0091E-03  8.0091E-03  8.0091E-03  8.0091E-03  8.0091E-03  8.0091E-03  8.0091E-03  8.0091E-03  8.0091E-03  8.0091E-03  8.0091E-03  8.0091E-03  8.0091E-03  8.0091E-03  8.0091E-03  8.0091E-03  8.0091E-03  8.0091E-03  8.0091E-03  8.0091E-03  8.0091E-03  8.0091E-03  8.0091E-03  8.0091E-03  8.0091E-03  8.0091E-03  8.0091E-03  8.0091E-03  8.0091E-03  8.0091E-03  8.0091E-03  8.0091E-03  8.0091E-03  8.0091E-03  8.0091E-03  8.0091E-03  8.0091E-03  8.0091E-03  8.0091E-03  8.0091E-03  8.0091E-03  8.0091E-03  8.0091E-03  8.0091E-03  8.0091E-03  8.0091E-03  8.0091E-03  8.0091E-03  8.0091E-03  8.0091E-03  8.0091E-03  8.0091E-03  8.0091E-03  8.0091E-03  8.0091E-03  8.0091E-03  8.0091E-03  8.0091E-03  8.0091E-03  8.0091E-03  8.0091E-03  8.0091E-03  8.0091E-03  8.0091E-03  8.0091E-03  8.0091E-03  8.0091E-03  8.0091E-03  8.0091E-03  8.0091E-03  8.0091E-03  8.0091E-03  8.0091E-03  8.0091E-03  8.0091E-03  8.0091E-03  8.0091E-03  8.0091E-03  8.0091E-03  8.0091E-03  8.0091E-03  8.0091E-03  8.0091E-03  8.0091E-03  8.0091E-03  8.0091E-03  8.0091E-03  8.0091E-03  8.0091E-03  8.0091E-03  8.0091E-03  8.0091E-03  8.0091E-03  8.0091E-03  8.0091E-03  8.0091E-03  8.0091E-03  8.0091E-03  8.0091E-03  8.0091E-03  8.0091E-03  8.0091E-03  8.0091E-03  8.0091E-03
  al-27        5.1107E+00  5.1107E+00  5.1107E+00  5.1107E+00  5.1107E+00  5.1107E+00  5.1107E+00  5.1107E+00  5.1107E+00  5.1107E+00  5.1107E+00  5.1107E+00  5.1107E+00  5.1107E+00  5.1107E+00  5.1107E+00  5.1107E+00  5.1107E+00  5.1107E+00  5.1107E+00  5.1107E+00  5.1107E+00  5.1107E+00  5.1107E+00  5.1107E+00  5.1107E+00  5.1107E+00  5.1107E+00  5.1107E+00  5.1107E+00  5.1107E+00  5.1107E+00  5.1107E+00  5.1107E+00  5.1107E+00  5.1107E+00  5.1107E+00  5.1107E+00  5.1107E+00  5.1107E+00  5.1107E+00  5.1107E+00  5.1107E+00  5.1107E+00  5.1107E+00  5.1107E+00  5.1107E+00  5.1107E+00  5.1107E+00  5.1107E+00  5.1107E+00  5.1107E+00  5.1107E+00  5.1107E+00  5.1107E+00  5.1107E+00  5.1107E+00  5.1107E+00  5.1107E+00  5.1107E+00  5.1107E+00  5.1107E+00  5.1107E+00  5.1107E+00  5.1107E+00  5.1107E+00  5.1107E+00  5.1107E+00  5.1107E+00  5.1107E+00  5.1107E+00  5.1107E+00  5.1107E+00  5.1107E+00  5.1107E+00  5.1107E+00  5.1107E+00  5.1107E+00  5.1107E+00  5.1107E+00  5.1107E+00  5.1107E+00  5.1107E+00  5.1107E+00  5.1107E+00  5.1107E+00  5.1107E+00  5.1107E+00  5.1107E+00  5.1107E+00  5.1107E+00  5.1107E+00  5.1107E+00  5.1107E+00  5.1107E+00  5.1107E+00  5.1107E+00  5.1107E+00  5.1107E+00  5.1107E+00  5.1107E+00  5.1107E+00  5.1107E+00  5.1107E+00  5.1107E+00  5.1107E+00  5.1107E+00  5.1107E+00  5.1107E+00  5.1107E+00  5.1107E+00  5.1107E+00  5.1107E+00  5.1107E+00  5.1107E+00  5.1107E+00  5.1107E+00  5.1107E+00  5.1107E+00  5.1107E+00  5.1107E+00  5.1107E+00  5.1107E+00  5.1107E+00  5.1107E+00  5.1107E+00  5.1107E+00  5.1107E+00  5.1107E+00  5.1107E+00  5.1107E+00  5.1107E+00  5.1107E+00  5.1107E+00  5.1107E+00  5.1107E+00  5.1107E+00  5.1107E+00  5.1107E+00  5.1107E+00  5.1107E+00  5.1107E+00  5.1107E+00  5.1107E+00  5.1107E+00  5.1107E+00  5.1107E+00  5.1107E+00  5.1107E+00  5.1107E+00  5.1107E+00  5.1107E+00  5.1107E+00  5.1107E+00  5.1107E+00  5.1107E+00  5.1107E+00  5.1107E+00  5.1107E+00  5.1107E+00  5.1107E+00  5.1107E+00  5.1107E+00  5.1107E+00  5.1107E+00  5.1107E+00  5.1107E+00  5.1107E+00  5.1107E+00  5.1107E+00  5.1107E+00  5.1107E+00  5.1107E+00  5.1107E+00  5.1107E+00  5.1107E+00  5.1107E+00  5.1107E+00  5.1107E+00  5.1107E+00  5.1107E+00  5.1107E+00  5.1107E+00  5.1107E+00  5.1107E+00  5.1107E+00  5.1107E+00  5.1107E+00  5.1107E+00  5.1107E+00  5.1107E+00  5.1107E+00  5.1107E+00  5.1107E+00  5.1107E+00  5.1107E+00  5.1107E+00  5.1107E+00  5.1107E+00  5.1107E+00  5.1107E+00  5.1107E+00  5.1107E+00  5.1107E+00  5.1107E+00  5.1107E+00  5.1107E+00  5.1107E+00  5.1107E+00  5.1107E+00  5.1107E+00  5.1107E+00  5.1107E+00  5.1107E+00  5.1107E+00  5.1107E+00  5.1107E+00  5.1107E+00  5.1107E+00  5.1107E+00  5.1107E+00  5.1107E+00  5.1107E+00  5.1107E+00  5.1107E+00  5.1107E+00  5.1107E+00  5.1107E+00  5.1107E+00  5.1107E+00  5.1107E+00  5.1107E+00  5.1107E+00  5.1107E+00  5.1107E+00  5.1107E+00  5.1107E+00  5.1107E+00  5.1107E+00  5.1107E+00  5.1107E+00  5.1107E+00  5.1107E+00  5.1107E+00  5.1107E+00  5.1107E+00  5.1107E+00  5.1107E+00  5.1107E+00  5.1107E+00  5.1107E+00  5.1107E+00
  si-28        6.4622E-01  6.4622E-01  6.4622E-01  6.4622E-01  6.4622E-01  6.4622E-01  6.4622E-01  6.4622E-01  6.4622E-01  6.4622E-01  6.4622E-01  6.4622E-01  6.4622E-01  6.4622E-01  6.4622E-01  6.4622E-01  6.4622E-01  6.4622E-01  6.4622E-01  6.4622E-01  6.4622E-01  6.4622E-01  6.4622E-01  6.4622E-01  6.4622E-01  6.4622E-01  6.4622E-01  6.4622E-01  6.4622E-01  6.4622E-01  6.4622E-01  6.4622E-01  6.4622E-01  6.4622E-01  6.4622E-01  6.4622E-01  6.4622E-01  6.4622E-01  6.4622E-01  6.4622E-01  6.4622E-01  6.4622E-01  6.4622E-01  6.4622E-01  6.4622E-01  6.4622E-01  6.4622E-01  6.4622E-01  6.4622E-01  6.4622E-01  6.4622E-01  6.4622E-01  6.4622E-01  6.4622E-01  6.4622E-01  6.4622E-01  6.4622E-01  6.4622E-01  6.4622E-01  6.4622E-01  6.4622E-01  6.4622E-01  6.4622E-01  6.4622E-01  6.4622E-01  6.4622E-01  6.4622E-01  6.4622E-01  6.4622E-01  6.4622E-01  6.4622E-01  6.4622E-01  6.4622E-01  6.4622E-01  6.4622E-01  6.4622E-01  6.4622E-01  6.4622E-01  6.4622E-01  6.4622E-01  6.4622E-01  6.4622E-01  6.4622E-01  6.4622E-01  6.4622E-01  6.4622E-01  6.4622E-01  6.4622E-01  6.4622E-01  6.4622E-01  6.4622E-01  6.4622E-01  6.4622E-01  6.4622E-01  6.4622E-01  6.4622E-01  6.4622E-01  6.4622E-01  6.4622E-01  6.4622E-01  6.4622E-01  6.4622E-01  6.4622E-01  6.4622E-01  6.4622E-01  6.4622E-01  6.4622E-01  6.4622E-01  6.4622E-01  6.4622E-01  6.4622E-01  6.4622E-01  6.4622E-01  6.4622E-01  6.4622E-01  6.4622E-01  6.4622E-01  6.4622E-01  6.4622E-01  6.4622E-01  6.4622E-01  6.4622E-01  6.4622E-01  6.4622E-01  6.4622E-01  6.4622E-01  6.4622E-01  6.4622E-01  6.4622E-01  6.4622E-01  6.4622E-01  6.4622E-01  6.4622E-01  6.4622E-01  6.4622E-01  6.4622E-01  6.4622E-01  6.4622E-01  6.4622E-01  6.4622E-01  6.4622E-01  6.4622E-01  6.4622E-01  6.4622E-01  6.4622E-01  6.4622E-01  6.4622E-01  6.4622E-01  6.4622E-01  6.4622E-01  6.4622E-01  6.4622E-01  6.4622E-01  6.4622E-01  6.4622E-01  6.4622E-01  6.4622E-01  6.4622E-01  6.4622E-01  6.4622E-01  6.4622E-01  6.4622E-01  6.4622E-01  6.4622E-01  6.4622E-01  6.4622E-01  6.4622E-01  6.4622E-01  6.4622E-01  6.4622E-01  6.4622E-01  6.4622E-01  6.4622E-01  6.4622E-01  6.4622E-01  6.4622E-01  6.4622E-01  6.4622E-01  6.4622E-01  6.4622E-01  6.4622E-01  6.4622E-01  6.4622E-01  6.4622E-01  6.4622E-01  6.4622E-01  6.4622E-01  6.4622E-01  6.4622E-01  6.4622E-01  6.4622E-01  6.4622E-01  6.4622E-01  6.4622E-01  6.4622E-01  6.4622E-01  6.4622E-01  6.4622E-01  6.4622E-01  6.4622E-01  6.4622E-01  6.4622E-01  6.4622E-01  6.4622E-01  6.4622E-01  6.4622E-01  6.4622E-01  6.4622E-01  6.4622E-01  6.4622E-01  6.4622E-01  6.4622E-01  6.4622E-01  6.4622E-01  6.4622E-01  6.4622E-01  6.4622E-01  6.4622E-01  6.4622E-01  6.4622E-01  6.4622E-01  6.4622E-01  6.4622E-01  6.4622E-01  6.4622E-01  6.4622E-01  6.4622E-01  6.4622E-01  6.4622E-01  6.4622E-01  6.4622E-01  6.4622E-01  6.4622E-01  6.4622E-01  6.4622E-01  6.4622E-01  6.4622E-01  6.4622E-01  6.4622E-01  6.4622E-01  6.4622E-01  6.4622E-01  6.4622E-01  6.4622E-01  6.4622E-01  6.4622E-01  6.4622E-01  6.4622E-01  6.4622E-01  6.4622E-01  6.4622E-01  6.4622E-01
  fe-56        5.2627E-03  5.2627E-03  5.2627E-03  5.2627E-03  5.2627E-03  5.2627E-03  5.2627E-03  5.2627E-03  5.2627E-03  5.2627E-03  5.2627E-03  5.2627E-03  5.2627E-03  5.2627E-03  5.2627E-03  5.2627E-03  5.2627E-03  5.2627E-03  5.2627E-03  5.2627E-03  5.2627E-03  5.2627E-03  5.2627E-03  5.2627E-03  5.2627E-03  5.2627E-03  5.2627E-03  5.2627E-03  5.2627E-03  5.2627E-03  5.2627E-03  5.2627E-03  5.2627E-03  5.2627E-03  5.2627E-03  5.2627E-03  5.2627E-03  5.2627E-03  5.2627E-03  5.2627E-03  5.2627E-03  5.2627E-03  5.2627E-03  5.2627E-03  5.2627E-03  5.2627E-03  5.2627E-03  5.2627E-03  5.2627E-03  5.2627E-03  5.2627E-03  5.2627E-03  5.2627E-03  5.2627E-03  5.2627E-03  5.2627E-03  5.2627E-03  5.2627E-03  5.2627E-03  5.2627E-03  5.2627E-03  5.2627E-03  5.2627E-03  5.2627E-03  5.2627E-03  5.2627E-03  5.2627E-03  5.2627E-03  5.2627E-03  5.2627E-03  5.2627E-03  5.2627E-03  5.2627E-03  5.2627E-03  5.2627E-03  5.2627E-03  5.2627E-03  5.2627E-03  5.2627E-03  5.2627E-03  5.2627E-03  5.2627E-03  5.2627E-03  5.2627E-03  5.2627E-03  5.2627E-03  5.2627E-03  5.2627E-03  5.2627E-03  5.2627E-03  5.2627E-03  5.2627E-03  5.2627E-03  5.2627E-03  5.2627E-03  5.2627E-03  5.2627E-03  5.2627E-03  5.2627E-03  5.2627E-03  5.2627E-03  5.2627E-03  5.2627E-03  5.2627E-03  5.2627E-03  5.2627E-03  5.2627E-03  5.2627E-03  5.2627E-03  5.2627E-03  5.2627E-03  5.2627E-03  5.2627E-03  5.2627E-03  5.2627E-03  5.2627E-03  5.2627E-03  5.2627E-03  5.2627E-03  5.2627E-03  5.2627E-03  5.2627E-03  5.2627E-03  5.2627E-03  5.2627E-03  5.2627E-03  5.2627E-03  5.2627E-03  5.2627E-03  5.2627E-03  5.2627E-03  5.2627E-03  5.2627E-03  5.2627E-03  5.2627E-03  5.2627E-03  5.2627E-03  5.2627E-03  5.2627E-03  5.2627E-03  5.2627E-03  5.2627E-03  5.2627E-03  5.2627E-03  5.2627E-03  5.2627E-03  5.2627E-03  5.2627E-03  5.2627E-03  5.2627E-03  5.2627E-03  5.2627E-03  5.2627E-03  5.2627E-03  5.2627E-03  5.2627E-03  5.2627E-03  5.2627E-03  5.2627E-03  5.2627E-03  5.2627E-03  5.2627E-03  5.2627E-03  5.2627E-03  5.2627E-03  5.2627E-03  5.2627E-03  5.2627E-03  5.2627E-03  5.2627E-03  5.2627E-03  5.2627E-03  5.2627E-03  5.2627E-03  5.2627E-03  5.2627E-03  5.2627E-03  5.2627E-03  5.2627E-03  5.2627E-03  5.2627E-03  5.2627E-03  5.2627E-03  5.2627E-03  5.2627E-03  5.2627E-03  5.2627E-03  5.2627E-03  5.2627E-03  5.2627E-03  5.2627E-03  5.2627E-03  5.2627E-03  5.2627E-03  5.2627E-03  5.2627E-03  5.2627E-03  5.2627E-03  5.2627E-03  5.2627E-03  5.2627E-03  5.2627E-03  5.2627E-03  5.2627E-03  5.2627E-03  5.2627E-03  5.2627E-03  5.2627E-03  5.2627E-03  5.2627E-03  5.2627E-03  5.2627E-03  5.2627E-03  5.2627E-03  5.2627E-03  5.2627E-03  5.2627E-03  5.2627E-03  5.2627E-03  5.2627E-03  5.2627E-03  5.2627E-03  5.2627E-03  5.2627E-03  5.2627E-03  5.2627E-03  5.2627E-03  5.2627E-03  5.2627E-03  5.2627E-03  5.2627E-03  5.2627E-03  5.2627E-03  5.2627E-03  5.2627E-03  5.2627E-03  5.2627E-03  5.2627E-03  5.2627E-03  5.2627E-03  5.2627E-03  5.2627E-03  5.2627E-03  5.2627E-03  5.2627E-03  5.2627E-03  5.2627E-03  5.2627E-03  5.2627E-03  5.2627E-03  5.2627E-03  5.2627E-03
  ni-58        4.9232E-02  4.9232E-02  4.9232E-02  4.9232E-02  4.9232E-02  4.9232E-02  4.9232E-02  4.9232E-02  4.9232E-02  4.9232E-02  4.9232E-02  4.9232E-02  4.9232E-02  4.9232E-02  4.9232E-02  4.9232E-02  4.9232E-02  4.9232E-02  4.9232E-02  4.9232E-02  4.9232E-02  4.9232E-02  4.9232E-02  4.9232E-02  4.9232E-02  4.9232E-02  4.9232E-02  4.9232E-02  4.9232E-02  4.9232E-02  4.9232E-02  4.9232E-02  4.9232E-02  4.9232E-02  4.9232E-02  4.9232E-02  4.9232E-02  4.9232E-02  4.9232E-02  4.9232E-02  4.9232E-02  4.9232E-02  4.9232E-02  4.9232E-02  4.9232E-02  4.9232E-02  4.9232E-02  4.9232E-02  4.9232E-02  4.9232E-02  4.9232E-02  4.9232E-02  4.9232E-02  4.9232E-02  4.9232E-02  4.9232E-02  4.9232E-02  4.9232E-02  4.9232E-02  4.9232E-02  4.9232E-02  4.9232E-02  4.9232E-02  4.9232E-02  4.9232E-02  4.9232E-02  4.9232E-02  4.9232E-02  4.9232E-02  4.9232E-02  4.9232E-02  4.9232E-02  4.9232E-02  4.9232E-02  4.9232E-02  4.9232E-02  4.9232E-02  4.9232E-02  4.9232E-02  4.9232E-02  4.9232E-02  4.9232E-02  4.9232E-02  4.9232E-02  4.9232E-02  4.9232E-02  4.9232E-02  4.9232E-02  4.9232E-02  4.9232E-02  4.9232E-02  4.9232E-02  4.9232E-02  4.9232E-02  4.9232E-02  4.9232E-02  4.9232E-02  4.9232E-02  4.9232E-02  4.9232E-02  4.9232E-02  4.9232E-02  4.9232E-02  4.9232E-02  4.9232E-02  4.9232E-02  4.9232E-02  4.9232E-02  4.9232E-02  4.9232E-02  4.9232E-02  4.9232E-02  4.9232E-02  4.9232E-02  4.9232E-02  4.9232E-02  4.9232E-02  4.9232E-02  4.9232E-02  4.9232E-02  4.9232E-02  4.9232E-02  4.9232E-02  4.9232E-02  4.9232E-02  4.9232E-02  4.9232E-02  4.9232E-02  4.9232E-02  4.9232E-02  4.9232E-02  4.9232E-02  4.9232E-02  4.9232E-02  4.9232E-02  4.9232E-02  4.9232E-02  4.9232E-02  4.9232E-02  4.9232E-02  4.9232E-02  4.9232E-02  4.9232E-02  4.9232E-02  4.9232E-02  4.9232E-02  4.9232E-02  4.9232E-02  4.9232E-02  4.9232E-02  4.9232E-02  4.9232E-02  4.9232E-02  4.9232E-02  4.9232E-02  4.9232E-02  4.9232E-02  4.9232E-02  4.9232E-02  4.9232E-02  4.9232E-02  4.9232E-02  4.9232E-02  4.9232E-02  4.9232E-02  4.9232E-02  4.9232E-02  4.9232E-02  4.9232E-02  4.9232E-02  4.9232E-02  4.9232E-02  4.9232E-02  4.9232E-02  4.9232E-02  4.9232E-02  4.9232E-02  4.9232E-02  4.9232E-02  4.9232E-02  4.9232E-02  4.9232E-02  4.9232E-02  4.9232E-02  4.9232E-02  4.9232E-02  4.9232E-02  4.9232E-02  4.9232E-02  4.9232E-02  4.9232E-02  4.9232E-02  4.9232E-02  4.9232E-02  4.9232E-02  4.9232E-02  4.9232E-02  4.9232E-02  4.9232E-02  4.9232E-02  4.9232E-02  4.9232E-02  4.9232E-02  4.9232E-02  4.9232E-02  4.9232E-02  4.9232E-02  4.9232E-02  4.9232E-02  4.9232E-02  4.9232E-02  4.9232E-02  4.9232E-02  4.9232E-02  4.9232E-02  4.9232E-02  4.9232E-02  4.9232E-02  4.9232E-02  4.9232E-02  4.9232E-02  4.9232E-02  4.9232E-02  4.9232E-02  4.9232E-02  4.9232E-02  4.9232E-02  4.9232E-02  4.9232E-02  4.9232E-02  4.9232E-02  4.9232E-02  4.9232E-02  4.9232E-02  4.9232E-02  4.9232E-02  4.9232E-02  4.9232E-02  4.9232E-02  4.9232E-02  4.9232E-02  4.9232E-02  4.9232E-02  4.9232E-02  4.9232E-02  4.9232E-02  4.9232E-02  4.9232E-02  4.9232E-02  4.9232E-02  4.9232E-02  4.9232E-02
  hf-180       1.4051E-03  1.4051E-03  1.4051E-03  1.4051E-03  1.4051E-03  1.4051E-03  1.4051E-03  1.4051E-03  1.4051E-03  1.4051E-03  1.4051E-03  1.4051E-03  1.4051E-03  1.4051E-03  1.4051E-03  1.4051E-03  1.4051E-03  1.4051E-03  1.4051E-03  1.4051E-03  1.4051E-03  1.4051E-03  1.4051E-03  1.4051E-03  1.4051E-03  1.4051E-03  1.4051E-03  1.4051E-03  1.4051E-03  1.4051E-03  1.4051E-03  1.4051E-03  1.4051E-03  1.4051E-03  1.4051E-03  1.4051E-03  1.4051E-03  1.4051E-03  1.4051E-03  1.4051E-03  1.4051E-03  1.4051E-03  1.4051E-03  1.4051E-03  1.4051E-03  1.4051E-03  1.4051E-03  1.4051E-03  1.4051E-03  1.4051E-03  1.4051E-03  1.4051E-03  1.4051E-03  1.4051E-03  1.4051E-03  1.4051E-03  1.4051E-03  1.4051E-03  1.4051E-03  1.4051E-03  1.4051E-03  1.4051E-03  1.4051E-03  1.4051E-03  1.4051E-03  1.4051E-03  1.4051E-03  1.4051E-03  1.4051E-03  1.4051E-03  1.4051E-03  1.4051E-03  1.4051E-03  1.4051E-03  1.4051E-03  1.4051E-03  1.4051E-03  1.4051E-03  1.4051E-03  1.4051E-03  1.4051E-03  1.4051E-03  1.4051E-03  1.4051E-03  1.4051E-03  1.4051E-03  1.4051E-03  1.4051E-03  1.4051E-03  1.4051E-03  1.4051E-03  1.4051E-03  1.4051E-03  1.4051E-03  1.4051E-03  1.4051E-03  1.4051E-03  1.4051E-03  1.4051E-03  1.4051E-03  1.4051E-03  1.4051E-03  1.4051E-03  1.4051E-03  1.4051E-03  1.4051E-03  1.4051E-03  1.4051E-03  1.4051E-03  1.4051E-03  1.4051E-03  1.4051E-03  1.4051E-03  1.4051E-03  1.4051E-03  1.4051E-03  1.4051E-03  1.4051E-03  1.4051E-03  1.4051E-03  1.4051E-03  1.4051E-03  1.4051E-03  1.4051E-03  1.4051E-03  1.4051E-03  1.4051E-03  1.4051E-03  1.4051E-03  1.4051E-03  1.4051E-03  1.4051E-03  1.4051E-03  1.4051E-03  1.4051E-03  1.4051E-03  1.4051E-03  1.4051E-03  1.4051E-03  1.4051E-03  1.4051E-03  1.4051E-03  1.4051E-03  1.4051E-03  1.4051E-03  1.4051E-03  1.4051E-03  1.4051E-03  1.4051E-03  1.4051E-03  1.4051E-03  1.4051E-03  1.4051E-03  1.4051E-03  1.4051E-03  1.4051E-03  1.4051E-03  1.4051E-03  1.4051E-03  1.4051E-03  1.4051E-03  1.4051E-03  1.4051E-03  1.4051E-03  1.4051E-03  1.4051E-03  1.4051E-03  1.4051E-03  1.4051E-03  1.4051E-03  1.4051E-03  1.4051E-03  1.4051E-03  1.4051E-03  1.4051E-03  1.4051E-03  1.4051E-03  1.4051E-03  1.4051E-03  1.4051E-03  1.4051E-03  1.4051E-03  1.4051E-03  1.4051E-03  1.4051E-03  1.4051E-03  1.4051E-03  1.4051E-03  1.4051E-03  1.4051E-03  1.4051E-03  1.4051E-03  1.4051E-03  1.4051E-03  1.4051E-03  1.4051E-03  1.4051E-03  1.4051E-03  1.4051E-03  1.4051E-03  1.4051E-03  1.4051E-03  1.4051E-03  1.4051E-03  1.4051E-03  1.4051E-03  1.4051E-03  1.4051E-03  1.4051E-03  1.4051E-03  1.4051E-03  1.4051E-03  1.4051E-03  1.4051E-03  1.4051E-03  1.4051E-03  1.4051E-03  1.4051E-03  1.4051E-03  1.4051E-03  1.4051E-03  1.4051E-03  1.4051E-03  1.4051E-03  1.4051E-03  1.4051E-03  1.4051E-03  1.4051E-03  1.4051E-03  1.4051E-03  1.4051E-03  1.4051E-03  1.4051E-03  1.4051E-03  1.4051E-03  1.4051E-03  1.4051E-03  1.4051E-03  1.4051E-03  1.4051E-03  1.4051E-03  1.4051E-03  1.4051E-03  1.4051E-03  1.4051E-03  1.4051E-03  1.4051E-03  1.4051E-03  1.4051E-03  1.4051E-03  1.4051E-03  1.4051E-03
  u-235        3.1460E-01  3.1460E-01  3.1460E-01  3.1460E-01  3.1460E-01  3.1460E-01  3.1460E-01  3.1460E-01  3.1460E-01  3.1460E-01  3.1460E-01  3.1460E-01  3.1460E-01  3.1460E-01  3.1460E-01  3.1460E-01  3.1460E-01  3.1460E-01  3.1460E-01  3.1460E-01  3.1460E-01  3.1460E-01  3.1460E-01  3.1460E-01  3.1460E-01  3.1460E-01  3.1460E-01  3.1460E-01  3.1460E-01  3.1460E-01  3.1460E-01  3.1460E-01  3.1460E-01  3.1460E-01  3.1460E-01  3.1460E-01  3.1460E-01  3.1460E-01  3.1460E-01  3.1460E-01  3.1460E-01  3.1460E-01  3.1460E-01  3.1460E-01  3.1460E-01  3.1460E-01  3.1460E-01  3.1460E-01  3.1460E-01  3.1460E-01  3.1460E-01  3.1460E-01  3.1460E-01  3.1460E-01  3.1460E-01  3.1460E-01  3.1460E-01  3.1460E-01  3.1460E-01  3.1460E-01  3.1460E-01  3.1460E-01  3.1460E-01  3.1460E-01  3.1460E-01  3.1460E-01  3.1460E-01  3.1460E-01  3.1460E-01  3.1460E-01  3.1460E-01  3.1460E-01  3.1460E-01  3.1460E-01  3.1460E-01  3.1460E-01  3.1460E-01  3.1460E-01  3.1460E-01  3.1460E-01  3.1460E-01  3.1460E-01  3.1460E-01  3.1460E-01  3.1460E-01  3.1460E-01  3.1460E-01  3.1460E-01  3.1460E-01  3.1460E-01  3.1460E-01  3.1460E-01  3.1460E-01  3.1460E-01  3.1460E-01  3.1460E-01  3.1460E-01  3.1460E-01  3.1460E-01  3.1460E-01  3.1460E-01  3.1460E-01  3.1460E-01  3.1460E-01  3.1460E-01  3.1460E-01  3.1460E-01  3.1460E-01  3.1460E-01  3.1460E-01  3.1460E-01  3.1460E-01  3.1460E-01  3.1460E-01  3.1460E-01  3.1460E-01  3.1460E-01  3.1460E-01  3.1460E-01  3.1460E-01  3.1460E-01  3.1460E-01  3.1460E-01  3.1460E-01  3.1460E-01  3.1460E-01  3.1460E-01  3.1460E-01  3.1460E-01  3.1460E-01  3.1460E-01  3.1460E-01  3.1460E-01  3.1460E-01  3.1460E-01  3.1460E-01  3.1460E-01  3.1460E-01  3.1460E-01  3.1460E-01  3.1460E-01  3.1460E-01  3.1460E-01  3.1460E-01  3.1460E-01  3.1460E-01  3.1460E-01  3.1460E-01  3.1460E-01  3.1460E-01  3.1460E-01  3.1460E-01  3.1460E-01  3.1460E-01  3.1460E-01  3.1460E-01  3.1460E-01  3.1460E-01  3.1460E-01  3.1460E-01  3.1460E-01  3.1460E-01  3.1460E-01  3.1460E-01  3.1460E-01  3.1460E-01  3.1460E-01  3.1460E-01  3.1460E-01  3.1460E-01  3.1460E-01  3.1460E-01  3.1460E-01  3.1460E-01  3.1460E-01  3.1460E-01  3.1460E-01  3.1460E-01  3.1460E-01  3.1460E-01  3.1460E-01  3.1460E-01  3.1460E-01  3.1460E-01  3.1460E-01  3.1460E-01  3.1460E-01  3.1460E-01  3.1460E-01  3.1460E-01  3.1460E-01  3.1460E-01  3.1460E-01  3.1460E-01  3.1460E-01  3.1460E-01  3.1460E-01  3.1460E-01  3.1460E-01  3.1460E-01  3.1460E-01  3.1460E-01  3.1460E-01  3.1460E-01  3.1460E-01  3.1460E-01  3.1460E-01  3.1460E-01  3.1460E-01  3.1460E-01  3.1460E-01  3.1460E-01  3.1460E-01  3.1460E-01  3.1460E-01  3.1460E-01  3.1460E-01  3.1460E-01  3.1460E-01  3.1460E-01  3.1460E-01  3.1460E-01  3.1460E-01  3.1460E-01  3.1460E-01  3.1460E-01  3.1460E-01  3.1460E-01  3.1460E-01  3.1460E-01  3.1460E-01  3.1460E-01  3.1460E-01  3.1460E-01  3.1460E-01  3.1460E-01  3.1460E-01  3.1460E-01  3.1460E-01  3.1460E-01  3.1460E-01  3.1460E-01  3.1460E-01  3.1460E-01  3.1460E-01  3.1460E-01  3.1460E-01  3.1460E-01  3.1460E-01  3.1460E-01  3.1460E-01  3.1460E-01
  u-238        2.7096E-01  2.7096E-01  2.7096E-01  2.7096E-01  2.7096E-01  2.7096E-01  2.7096E-01  2.7096E-01  2.7096E-01  2.7096E-01  2.7096E-01  2.7096E-01  2.7096E-01  2.7096E-01  2.7096E-01  2.7096E-01  2.7096E-01  2.7096E-01  2.7096E-01  2.7096E-01  2.7096E-01  2.7096E-01  2.7096E-01  2.7096E-01  2.7096E-01  2.7096E-01  2.7096E-01  2.7096E-01  2.7096E-01  2.7096E-01  2.7096E-01  2.7096E-01  2.7096E-01  2.7096E-01  2.7096E-01  2.7096E-01  2.7096E-01  2.7096E-01  2.7096E-01  2.7096E-01  2.7096E-01  2.7096E-01  2.7096E-01  2.7096E-01  2.7096E-01  2.7096E-01  2.7096E-01  2.7096E-01  2.7096E-01  2.7096E-01  2.7096E-01  2.7096E-01  2.7096E-01  2.7096E-01  2.7096E-01  2.7096E-01  2.7096E-01  2.7096E-01  2.7096E-01  2.7096E-01  2.7096E-01  2.7096E-01  2.7096E-01  2.7096E-01  2.7096E-01  2.7096E-01  2.7096E-01  2.7096E-01  2.7096E-01  2.7096E-01  2.7096E-01  2.7096E-01  2.7096E-01  2.7096E-01  2.7096E-01  2.7096E-01  2.7096E-01  2.7096E-01  2.7096E-01  2.7096E-01  2.7096E-01  2.7096E-01  2.7096E-01  2.7096E-01  2.7096E-01  2.7096E-01  2.7096E-01  2.7096E-01  2.7096E-01  2.7096E-01  2.7096E-01  2.7096E-01  2.7096E-01  2.7096E-01  2.7096E-01  2.7096E-01  2.7096E-01  2.7096E-01  2.7096E-01  2.7096E-01  2.7096E-01  2.7096E-01  2.7096E-01  2.7096E-01  2.7096E-01  2.7096E-01  2.7096E-01  2.7096E-01  2.7096E-01  2.7096E-01  2.7096E-01  2.7096E-01  2.7096E-01  2.7096E-01  2.7096E-01  2.7096E-01  2.7096E-01  2.7096E-01  2.7096E-01  2.7096E-01  2.7096E-01  2.7096E-01  2.7096E-01  2.7096E-01  2.7096E-01  2.7096E-01  2.7096E-01  2.7096E-01  2.7096E-01  2.7096E-01  2.7096E-01  2.7096E-01  2.7096E-01  2.7096E-01  2.7096E-01  2.7096E-01  2.7096E-01  2.7096E-01  2.7096E-01  2.7096E-01  2.7096E-01  2.7096E-01  2.7096E-01  2.7096E-01  2.7096E-01  2.7096E-01  2.7096E-01  2.7096E-01  2.7096E-01  2.7096E-01  2.7096E-01  2.7096E-01  2.7096E-01  2.7096E-01  2.7096E-01  2.7096E-01  2.7096E-01  2.7096E-01  2.7096E-01  2.7096E-01  2.7096E-01  2.7096E-01  2.7096E-01  2.7096E-01  2.7096E-01  2.7096E-01  2.7096E-01  2.7096E-01  2.7096E-01  2.7096E-01  2.7096E-01  2.7096E-01  2.7096E-01  2.7096E-01  2.7096E-01  2.7096E-01  2.7096E-01  2.7096E-01  2.7096E-01  2.7096E-01  2.7096E-01  2.7096E-01  2.7096E-01  2.7096E-01  2.7096E-01  2.7096E-01  2.7096E-01  2.7096E-01  2.7096E-01  2.7096E-01  2.7096E-01  2.7096E-01  2.7096E-01  2.7096E-01  2.7096E-01  2.7096E-01  2.7096E-01  2.7096E-01  2.7096E-01  2.7096E-01  2.7096E-01  2.7096E-01  2.7096E-01  2.7096E-01  2.7096E-01  2.7096E-01  2.7096E-01  2.7096E-01  2.7096E-01  2.7096E-01  2.7096E-01  2.7096E-01  2.7096E-01  2.7096E-01  2.7096E-01  2.7096E-01  2.7096E-01  2.7096E-01  2.7096E-01  2.7096E-01  2.7096E-01  2.7096E-01  2.7096E-01  2.7096E-01  2.7096E-01  2.7096E-01  2.7096E-01  2.7096E-01  2.7096E-01  2.7096E-01  2.7096E-01  2.7096E-01  2.7096E-01  2.7096E-01  2.7096E-01  2.7096E-01  2.7096E-01  2.7096E-01  2.7096E-01  2.7096E-01  2.7096E-01  2.7096E-01  2.7096E-01  2.7096E-01  2.7096E-01  2.7096E-01  2.7096E-01  2.7096E-01  2.7096E-01  2.7096E-01  2.7096E-01  2.7096E-01
  zr-90        5.4205E+00  5.4205E+00  5.4205E+00  5.4205E+00  5.4205E+00  5.4205E+00  5.4205E+00  5.4205E+00  5.4205E+00  5.4205E+00  5.4205E+00  5.4205E+00  5.4205E+00  5.4205E+00  5.4205E+00  5.4205E+00  5.4205E+00  5.4205E+00  5.4205E+00  5.4205E+00  5.4205E+00  5.4205E+00  5.4205E+00  5.4205E+00  5.4205E+00  5.4205E+00  5.4205E+00  5.4205E+00  5.4205E+00  5.4205E+00  5.4205E+00  5.4205E+00  5.4205E+00  5.4205E+00  5.4205E+00  5.4205E+00  5.4205E+00  5.4205E+00  5.4205E+00  5.4205E+00  5.4205E+00  5.4205E+00  5.4205E+00  5.4205E+00  5.4205E+00  5.4205E+00  5.4205E+00  5.4205E+00  5.4205E+00  5.4205E+00  5.4205E+00  5.4205E+00  5.4205E+00  5.4205E+00  5.4205E+00  5.4205E+00  5.4205E+00  5.4205E+00  5.4205E+00  5.4205E+00  5.4205E+00  5.4205E+00  5.4205E+00  5.4205E+00  5.4205E+00  5.4205E+00  5.4205E+00  5.4205E+00  5.4205E+00  5.4205E+00  5.4205E+00  5.4205E+00  5.4205E+00  5.4205E+00  5.4205E+00  5.4205E+00  5.4205E+00  5.4205E+00  5.4205E+00  5.4205E+00  5.4205E+00  5.4205E+00  5.4205E+00  5.4205E+00  5.4205E+00  5.4205E+00  5.4205E+00  5.4205E+00  5.4205E+00  5.4205E+00  5.4205E+00  5.4205E+00  5.4205E+00  5.4205E+00  5.4205E+00  5.4205E+00  5.4205E+00  5.4205E+00  5.4205E+00  5.4205E+00  5.4205E+00  5.4205E+00  5.4205E+00  5.4205E+00  5.4205E+00  5.4205E+00  5.4205E+00  5.4205E+00  5.4205E+00  5.4205E+00  5.4205E+00  5.4205E+00  5.4205E+00  5.4205E+00  5.4205E+00  5.4205E+00  5.4205E+00  5.4205E+00  5.4205E+00  5.4205E+00  5.4205E+00  5.4205E+00  5.4205E+00  5.4205E+00  5.4205E+00  5.4205E+00  5.4205E+00  5.4205E+00  5.4205E+00  5.4205E+00  5.4205E+00  5.4205E+00  5.4205E+00  5.4205E+00  5.4205E+00  5.4205E+00  5.4205E+00  5.4205E+00  5.4205E+00  5.4205E+00  5.4205E+00  5.4205E+00  5.4205E+00  5.4205E+00  5.4205E+00  5.4205E+00  5.4205E+00  5.4205E+00  5.4205E+00  5.4205E+00  5.4205E+00  5.4205E+00  5.4205E+00  5.4205E+00  5.4205E+00  5.4205E+00  5.4205E+00  5.4205E+00  5.4205E+00  5.4205E+00  5.4205E+00  5.4205E+00  5.4205E+00  5.4205E+00  5.4205E+00  5.4205E+00  5.4205E+00  5.4205E+00  5.4205E+00  5.4205E+00  5.4205E+00  5.4205E+00  5.4205E+00  5.4205E+00  5.4205E+00  5.4205E+00  5.4205E+00  5.4205E+00  5.4205E+00  5.4205E+00  5.4205E+00  5.4205E+00  5.4205E+00  5.4205E+00  5.4205E+00  5.4205E+00  5.4205E+00  5.4205E+00  5.4205E+00  5.4205E+00  5.4205E+00  5.4205E+00  5.4205E+00  5.4205E+00  5.4205E+00  5.4205E+00  5.4205E+00  5.4205E+00  5.4205E+00  5.4205E+00  5.4205E+00  5.4205E+00  5.4205E+00  5.4205E+00  5.4205E+00  5.4205E+00  5.4205E+00  5.4205E+00  5.4205E+00  5.4205E+00  5.4205E+00  5.4205E+00  5.4205E+00  5.4205E+00  5.4205E+00  5.4205E+00  5.4205E+00  5.4205E+00  5.4205E+00  5.4205E+00  5.4205E+00  5.4205E+00  5.4205E+00  5.4205E+00  5.4205E+00  5.4205E+00  5.4205E+00  5.4205E+00  5.4205E+00  5.4205E+00  5.4205E+00  5.4205E+00  5.4205E+00  5.4205E+00  5.4205E+00  5.4205E+00  5.4205E+00  5.4205E+00  5.4205E+00  5.4205E+00  5.4205E+00  5.4205E+00  5.4205E+00  5.4205E+00  5.4205E+00  5.4205E+00  5.4205E+00  5.4205E+00  5.4205E+00  5.4205E+00  5.4205E+00  5.4205E+00
  nb-93        5.3776E-02  5.3776E-02  5.3776E-02  5.3776E-02  5.3776E-02  5.3776E-02  5.3776E-02  5.3776E-02  5.3776E-02  5.3776E-02  5.3776E-02  5.3776E-02  5.3776E-02  5.3776E-02  5.3776E-02  5.3776E-02  5.3776E-02  5.3776E-02  5.3776E-02  5.3776E-02  5.3776E-02  5.3776E-02  5.3776E-02  5.3776E-02  5.3776E-02  5.3776E-02  5.3776E-02  5.3776E-02  5.3776E-02  5.3776E-02  5.3776E-02  5.3776E-02  5.3776E-02  5.3776E-02  5.3776E-02  5.3776E-02  5.3776E-02  5.3776E-02  5.3776E-02  5.3776E-02  5.3776E-02  5.3776E-02  5.3776E-02  5.3776E-02  5.3776E-02  5.3776E-02  5.3776E-02  5.3776E-02  5.3776E-02  5.3776E-02  5.3776E-02  5.3776E-02  5.3776E-02  5.3776E-02  5.3776E-02  5.3776E-02  5.3776E-02  5.3776E-02  5.3776E-02  5.3776E-02  5.3776E-02  5.3776E-02  5.3776E-02  5.3776E-02  5.3776E-02  5.3776E-02  5.3776E-02  5.3776E-02  5.3776E-02  5.3776E-02  5.3776E-02  5.3776E-02  5.3776E-02  5.3776E-02  5.3776E-02  5.3776E-02  5.3776E-02  5.3776E-02  5.3776E-02  5.3776E-02  5.3776E-02  5.3776E-02  5.3776E-02  5.3776E-02  5.3776E-02  5.3776E-02  5.3776E-02  5.3776E-02  5.3776E-02  5.3776E-02  5.3776E-02  5.3776E-02  5.3776E-02  5.3776E-02  5.3776E-02  5.3776E-02  5.3776E-02  5.3776E-02  5.3776E-02  5.3776E-02  5.3776E-02  5.3776E-02  5.3776E-02  5.3776E-02  5.3776E-02  5.3776E-02  5.3776E-02  5.3776E-02  5.3776E-02  5.3776E-02  5.3776E-02  5.3776E-02  5.3776E-02  5.3776E-02  5.3776E-02  5.3776E-02  5.3776E-02  5.3776E-02  5.3776E-02  5.3776E-02  5.3776E-02  5.3776E-02  5.3776E-02  5.3776E-02  5.3776E-02  5.3776E-02  5.3776E-02  5.3776E-02  5.3776E-02  5.3776E-02  5.3776E-02  5.3776E-02  5.3776E-02  5.3776E-02  5.3776E-02  5.3776E-02  5.3776E-02  5.3776E-02  5.3776E-02  5.3776E-02  5.3776E-02  5.3776E-02  5.3776E-02  5.3776E-02  5.3776E-02  5.3776E-02  5.3776E-02  5.3776E-02  5.3776E-02  5.3776E-02  5.3776E-02  5.3776E-02  5.3776E-02  5.3776E-02  5.3776E-02  5.3776E-02  5.3776E-02  5.3776E-02  5.3776E-02  5.3776E-02  5.3776E-02  5.3776E-02  5.3776E-02  5.3776E-02  5.3776E-02  5.3776E-02  5.3776E-02  5.3776E-02  5.3776E-02  5.3776E-02  5.3776E-02  5.3776E-02  5.3776E-02  5.3776E-02  5.3776E-02  5.3776E-02  5.3776E-02  5.3776E-02  5.3776E-02  5.3776E-02  5.3776E-02  5.3776E-02  5.3776E-02  5.3776E-02  5.3776E-02  5.3776E-02  5.3776E-02  5.3776E-02  5.3776E-02  5.3776E-02  5.3776E-02  5.3776E-02  5.3776E-02  5.3776E-02  5.3776E-02  5.3776E-02  5.3776E-02  5.3776E-02  5.3776E-02  5.3776E-02  5.3776E-02  5.3776E-02  5.3776E-02  5.3776E-02  5.3776E-02  5.3776E-02  5.3776E-02  5.3776E-02  5.3776E-02  5.3776E-02  5.3776E-02  5.3776E-02  5.3776E-02  5.3776E-02  5.3776E-02  5.3776E-02  5.3776E-02  5.3776E-02  5.3776E-02  5.3776E-02  5.3776E-02  5.3776E-02  5.3776E-02  5.3776E-02  5.3776E-02  5.3776E-02  5.3776E-02  5.3776E-02  5.3776E-02  5.3776E-02  5.3776E-02  5.3776E-02  5.3776E-02  5.3776E-02  5.3776E-02  5.3776E-02  5.3776E-02  5.3776E-02  5.3776E-02  5.3776E-02  5.3776E-02  5.3776E-02  5.3776E-02  5.3776E-02  5.3776E-02  5.3776E-02  5.3776E-02  5.3776E-02  5.3776E-02  5.3776E-02  5.3776E-02  5.3776E-02
  gd-156       9.9272E-02  9.9272E-02  9.9272E-02  9.9272E-02  9.9272E-02  9.9272E-02  9.9272E-02  9.9272E-02  9.9272E-02  9.9272E-02  9.9272E-02  9.9272E-02  9.9272E-02  9.9272E-02  9.9272E-02  9.9272E-02  9.9272E-02  9.9272E-02  9.9272E-02  9.9272E-02  9.9272E-02  9.9272E-02  9.9272E-02  9.9272E-02  9.9272E-02  9.9272E-02  9.9272E-02  9.9272E-02  9.9272E-02  9.9272E-02  9.9272E-02  9.9272E-02  9.9272E-02  9.9272E-02  9.9272E-02  9.9272E-02  9.9272E-02  9.9272E-02  9.9272E-02  9.9272E-02  9.9272E-02  9.9272E-02  9.9272E-02  9.9272E-02  9.9272E-02  9.9272E-02  9.9272E-02  9.9272E-02  9.9272E-02  9.9272E-02  9.9272E-02  9.9272E-02  9.9272E-02  9.9272E-02  9.9272E-02  9.9272E-02  9.9272E-02  9.9272E-02  9.9272E-02  9.9272E-02  9.9272E-02  9.9272E-02  9.9272E-02  9.9272E-02  9.9272E-02  9.9272E-02  9.9272E-02  9.9272E-02  9.9272E-02  9.9272E-02  9.9272E-02  9.9272E-02  9.9272E-02  9.9272E-02  9.9272E-02  9.9272E-02  9.9272E-02  9.9272E-02  9.9272E-02  9.9272E-02  9.9272E-02  9.9272E-02  9.9272E-02  9.9272E-02  9.9272E-02  9.9272E-02  9.9272E-02  9.9272E-02  9.9272E-02  9.9272E-02  9.9272E-02  9.9272E-02  9.9272E-02  9.9272E-02  9.9272E-02  9.9272E-02  9.9272E-02  9.9272E-02  9.9272E-02  9.9272E-02  9.9272E-02  9.9272E-02  9.9272E-02  9.9272E-02  9.9272E-02  9.9272E-02  9.9272E-02  9.9272E-02  9.9272E-02  9.9272E-02  9.9272E-02  9.9272E-02  9.9272E-02  9.9272E-02  9.9272E-02  9.9272E-02  9.9272E-02  9.9272E-02  9.9272E-02  9.9272E-02  9.9272E-02  9.9272E-02  9.9272E-02  9.9272E-02  9.9272E-02  9.9272E-02  9.9272E-02  9.9272E-02  9.9272E-02  9.9272E-02  9.9272E-02  9.9272E-02  9.9272E-02  9.9272E-02  9.9272E-02  9.9272E-02  9.9272E-02  9.9272E-02  9.9272E-02  9.9272E-02  9.9272E-02  9.9272E-02  9.9272E-02  9.9272E-02  9.9272E-02  9.9272E-02  9.9272E-02  9.9272E-02  9.9272E-02  9.9272E-02  9.9272E-02  9.9272E-02  9.9272E-02  9.9272E-02  9.9272E-02  9.9272E-02  9.9272E-02  9.9272E-02  9.9272E-02  9.9272E-02  9.9272E-02  9.9272E-02  9.9272E-02  9.9272E-02  9.9272E-02  9.9272E-02  9.9272E-02  9.9272E-02  9.9272E-02  9.9272E-02  9.9272E-02  9.9272E-02  9.9272E-02  9.9272E-02  9.9272E-02  9.9272E-02  9.9272E-02  9.9272E-02  9.9272E-02  9.9272E-02  9.9272E-02  9.9272E-02  9.9272E-02  9.9272E-02  9.9272E-02  9.9272E-02  9.9272E-02  9.9272E-02  9.9272E-02  9.9272E-02  9.9272E-02  9.9272E-02  9.9272E-02  9.9272E-02  9.9272E-02  9.9272E-02  9.9272E-02  9.9272E-02  9.9272E-02  9.9272E-02  9.9272E-02  9.9272E-02  9.9272E-02  9.9272E-02  9.9272E-02  9.9272E-02  9.9272E-02  9.9272E-02  9.9272E-02  9.9272E-02  9.9272E-02  9.9272E-02  9.9272E-02  9.9272E-02  9.9272E-02  9.9272E-02  9.9272E-02  9.9272E-02  9.9272E-02  9.9272E-02  9.9272E-02  9.9272E-02  9.9272E-02  9.9272E-02  9.9272E-02  9.9272E-02  9.9272E-02  9.9272E-02  9.9272E-02  9.9272E-02  9.9272E-02  9.9272E-02  9.9272E-02  9.9272E-02  9.9272E-02  9.9272E-02  9.9272E-02  9.9272E-02  9.9272E-02  9.9272E-02  9.9272E-02  9.9272E-02  9.9272E-02  9.9272E-02  9.9272E-02  9.9272E-02  9.9272E-02  9.9272E-02  9.9272E-02  9.9272E-02  9.9272E-02  9.9272E-02
  gd-158       6.6102E-02  6.6102E-02  6.6102E-02  6.6102E-02  6.6102E-02  6.6102E-02  6.6102E-02  6.6102E-02  6.6102E-02  6.6102E-02  6.6102E-02  6.6102E-02  6.6102E-02  6.6102E-02  6.6102E-02  6.6102E-02  6.6102E-02  6.6102E-02  6.6102E-02  6.6102E-02  6.6102E-02  6.6102E-02  6.6102E-02  6.6102E-02  6.6102E-02  6.6102E-02  6.6102E-02  6.6102E-02  6.6102E-02  6.6102E-02  6.6102E-02  6.6102E-02  6.6102E-02  6.6102E-02  6.6102E-02  6.6102E-02  6.6102E-02  6.6102E-02  6.6102E-02  6.6102E-02  6.6102E-02  6.6102E-02  6.6102E-02  6.6102E-02  6.6102E-02  6.6102E-02  6.6102E-02  6.6102E-02  6.6102E-02  6.6102E-02  6.6102E-02  6.6102E-02  6.6102E-02  6.6102E-02  6.6102E-02  6.6102E-02  6.6102E-02  6.6102E-02  6.6102E-02  6.6102E-02  6.6102E-02  6.6102E-02  6.6102E-02  6.6102E-02  6.6102E-02  6.6102E-02  6.6102E-02  6.6102E-02  6.6102E-02  6.6102E-02  6.6102E-02  6.6102E-02  6.6102E-02  6.6102E-02  6.6102E-02  6.6102E-02  6.6102E-02  6.6102E-02  6.6102E-02  6.6102E-02  6.6102E-02  6.6102E-02  6.6102E-02  6.6102E-02  6.6102E-02  6.6102E-02  6.6102E-02  6.6102E-02  6.6102E-02  6.6102E-02  6.6102E-02  6.6102E-02  6.6102E-02  6.6102E-02  6.6102E-02  6.6102E-02  6.6102E-02  6.6102E-02  6.6102E-02  6.6102E-02  6.6102E-02  6.6102E-02  6.6102E-02  6.6102E-02  6.6102E-02  6.6102E-02  6.6102E-02  6.6102E-02  6.6102E-02  6.6102E-02  6.6102E-02  6.6102E-02  6.6102E-02  6.6102E-02  6.6102E-02  6.6102E-02  6.6102E-02  6.6102E-02  6.6102E-02  6.6102E-02  6.6102E-02  6.6102E-02  6.6102E-02  6.6102E-02  6.6102E-02  6.6102E-02  6.6102E-02  6.6102E-02  6.6102E-02  6.6102E-02  6.6102E-02  6.6102E-02  6.6102E-02  6.6102E-02  6.6102E-02  6.6102E-02  6.6102E-02  6.6102E-02  6.6102E-02  6.6102E-02  6.6102E-02  6.6102E-02  6.6102E-02  6.6102E-02  6.6102E-02  6.6102E-02  6.6102E-02  6.6102E-02  6.6102E-02  6.6102E-02  6.6102E-02  6.6102E-02  6.6102E-02  6.6102E-02  6.6102E-02  6.6102E-02  6.6102E-02  6.6102E-02  6.6102E-02  6.6102E-02  6.6102E-02  6.6102E-02  6.6102E-02  6.6102E-02  6.6102E-02  6.6102E-02  6.6102E-02  6.6102E-02  6.6102E-02  6.6102E-02  6.6102E-02  6.6102E-02  6.6102E-02  6.6102E-02  6.6102E-02  6.6102E-02  6.6102E-02  6.6102E-02  6.6102E-02  6.6102E-02  6.6102E-02  6.6102E-02  6.6102E-02  6.6102E-02  6.6102E-02  6.6102E-02  6.6102E-02  6.6102E-02  6.6102E-02  6.6102E-02  6.6102E-02  6.6102E-02  6.6102E-02  6.6102E-02  6.6102E-02  6.6102E-02  6.6102E-02  6.6102E-02  6.6102E-02  6.6102E-02  6.6102E-02  6.6102E-02  6.6102E-02  6.6102E-02  6.6102E-02  6.6102E-02  6.6102E-02  6.6102E-02  6.6102E-02  6.6102E-02  6.6102E-02  6.6102E-02  6.6102E-02  6.6102E-02  6.6102E-02  6.6102E-02  6.6102E-02  6.6102E-02  6.6102E-02  6.6102E-02  6.6102E-02  6.6102E-02  6.6102E-02  6.6102E-02  6.6102E-02  6.6102E-02  6.6102E-02  6.6102E-02  6.6102E-02  6.6102E-02  6.6102E-02  6.6102E-02  6.6102E-02  6.6102E-02  6.6102E-02  6.6102E-02  6.6102E-02  6.6102E-02  6.6102E-02  6.6102E-02  6.6102E-02  6.6102E-02  6.6102E-02  6.6102E-02  6.6102E-02  6.6102E-02  6.6102E-02  6.6102E-02  6.6102E-02  6.6102E-02  6.6102E-02  6.6102E-02
------------
  totals       2.3051E+01  2.3051E+01  2.3051E+01  2.3051E+01  2.3051E+01  2.3051E+01  2.3051E+01  2.3051E+01  2.3051E+01  2.3051E+01  2.3051E+01  2.3051E+01  2.3051E+01  2.3051E+01  2.3051E+01  2.3051E+01  2.3051E+01  2.3051E+01  2.3051E+01  2.3051E+01  2.3051E+01  2.3051E+01  2.3051E+01  2.3051E+01  2.3051E+01  2.3051E+01  2.3051E+01  2.3051E+01  2.3051E+01  2.3051E+01  2.3051E+01  2.3051E+01  2.3051E+01  2.3051E+01  2.3051E+01  2.3051E+01  2.3051E+01  2.3051E+01  2.3051E+01  2.3051E+01  2.3051E+01  2.3051E+01  2.3051E+01  2.3051E+01  2.3051E+01  2.3051E+01  2.3051E+01  2.3051E+01  2.3051E+01  2.3051E+01  2.3051E+01  2.3051E+01  2.3051E+01  2.3051E+01  2.3051E+01  2.3051E+01  2.3051E+01  2.3051E+01  2.3051E+01  2.3051E+01  2.3051E+01  2.3051E+01  2.3051E+01  2.3051E+01  2.3051E+01  2.3051E+01  2.3051E+01  2.3051E+01  2.3051E+01  2.3051E+01  2.3051E+01  2.3051E+01  2.3051E+01  2.3051E+01  2.3051E+01  2.3051E+01  2.3051E+01  2.3051E+01  2.3051E+01  2.3051E+01  2.3051E+01  2.3051E+01  2.3051E+01  2.3051E+01  2.3051E+01  2.3051E+01  2.3051E+01  2.3051E+01  2.3051E+01  2.3051E+01  2.3051E+01  2.3051E+01  2.3051E+01  2.3051E+01  2.3051E+01  2.3051E+01  2.3051E+01  2.3051E+01  2.3051E+01  2.3051E+01  2.3051E+01  2.3051E+01  2.3051E+01  2.3051E+01  2.3051E+01  2.3051E+01  2.3051E+01  2.3051E+01  2.3051E+01  2.3051E+01  2.3051E+01  2.3051E+01  2.3051E+01  2.3051E+01  2.3051E+01  2.3051E+01  2.3051E+01  2.3051E+01  2.3051E+01  2.3051E+01  2.3051E+01  2.3051E+01  2.3051E+01  2.3051E+01  2.3051E+01  2.3051E+01  2.3051E+01  2.3051E+01  2.3051E+01  2.3051E+01  2.3051E+01  2.3051E+01  2.3051E+01  2.3051E+01  2.3051E+01  2.3051E+01  2.3051E+01  2.3051E+01  2.3051E+01  2.3051E+01  2.3051E+01  2.3051E+01  2.3051E+01  2.3051E+01  2.3051E+01  2.3051E+01  2.3051E+01  2.3051E+01  2.3051E+01  2.3051E+01  2.3051E+01  2.3051E+01  2.3051E+01  2.3051E+01  2.3051E+01  2.3051E+01  2.3051E+01  2.3051E+01  2.3051E+01  2.3051E+01  2.3051E+01  2.3051E+01  2.3051E+01  2.3051E+01  2.3051E+01  2.3051E+01  2.3051E+01  2.3051E+01  2.3051E+01  2.3051E+01  2.3051E+01  2.3051E+01  2.3051E+01  2.3051E+01  2.3051E+01  2.3051E+01  2.3051E+01  2.3051E+01  2.3051E+01  2.3051E+01  2.3051E+01  2.3051E+01  2.3051E+01  2.3051E+01  2.3051E+01  2.3051E+01  2.3051E+01  2.3051E+01  2.3051E+01  2.3051E+01  2.3051E+01  2.3051E+01  2.3051E+01  2.3051E+01  2.3051E+01  2.3051E+01  2.3051E+01  2.3051E+01  2.3051E+01  2.3051E+01  2.3051E+01  2.3051E+01  2.3051E+01  2.3051E+01  2.3051E+01  2.3051E+01  2.3051E+01  2.3051E+01  2.3051E+01  2.3051E+01  2.3051E+01  2.3051E+01  2.3051E+01  2.3051E+01  2.3051E+01  2.3051E+01  2.3051E+01  2.3051E+01  2.3051E+01  2.3051E+01  2.3051E+01  2.3051E+01  2.3051E+01  2.3051E+01  2.3051E+01  2.3051E+01  2.3051E+01  2.3051E+01  2.3051E+01  2.3051E+01  2.3051E+01  2.3051E+01  2.3051E+01  2.3051E+01  2.3051E+01  2.3051E+01  2.3051E+01  2.3051E+01  2.3051E+01  2.3051E+01  2.3051E+01  2.3051E+01  2.3051E+01  2.3051E+01  2.3051E+01  2.3051E+01  2.3051E+01  2.3051E+01  2.3051E+01  2.3051E+01  2.3051E+01  2.3051E+01
=========================================================================================================================
.
.
*************************************************************************************************************************
********************                                                                                 ********************
********************                                                                                 ********************
********************                    GAMMA SOURCES AND SPECTRA                                    ********************
********************                                                                                 ********************
********************                                                                                 ********************
*************************************************************************************************************************
.
.
=========================================================================================================================
=   Gamma source summary (1/s) for case 'irrad' (#1/2)                                                                  =
-------------------------------------------------------------------------------------------------------------------------
                           0.0hr   10000.0hr   10013.9hr   10013.9hr   10016.0hr   10016.0hr   10016.1hr   10016.1hr   10016.1hr   10016.2hr   10017.4hr   10017.7hr   10017.7hr   10017.8hr   10018.9hr   10024.0hr   10037.7hr   10037.7hr   10037.8hr   10037.9hr   10038.1hr   10038.3hr   10038.3hr   10038.3hr   10038.5hr   10038.5hr   10038.5hr   10038.5hr   10038.9hr   10039.3hr   10039.3hr   10039.3hr   10039.3hr   10039.4hr   10039.4hr   10039.4hr   10039.5hr   10039.5hr   10039.6hr   10039.6hr   10039.6hr   10039.7hr   10039.7hr   10039.8hr   10040.0hr   10040.1hr   10040.1hr   10040.1hr   10041.6hr   10042.0hr   10042.0hr   10042.0hr   10042.1hr   10042.1hr   10042.2hr   10042.2hr   10042.2hr   10042.3hr   10042.4hr   10042.4hr   10042.4hr   10042.5hr   10042.5hr   10042.5hr   10042.5hr   10042.6hr   10045.2hr   10045.4hr   10045.6hr   10045.6hr   10061.9hr   10062.5hr   10062.5hr   10062.5hr   10062.5hr   10062.6hr   10062.7hr   10062.7hr   10062.7hr   10062.8hr   10062.8hr   10062.8hr   10062.8hr   10062.9hr   10063.0hr   10063.0hr   10063.0hr   10063.0hr   10063.1hr   10063.1hr   10063.1hr   10063.2hr   10063.2hr   10063.2hr   10063.7hr   10063.8hr   10063.8hr   10063.8hr   10063.9hr   10063.9hr   10064.0hr   10064.0hr   10064.0hr   10064.0hr   10064.0hr   10064.0hr   10064.1hr   10064.1hr   10064.1hr   10064.1hr   10064.1hr   10064.2hr   10064.3hr   10064.3hr   10064.3hr   10064.4hr   10065.8hr   10066.0hr   10066.1hr   10066.1hr   10066.2hr   10066.2hr   10066.3hr   10066.3hr   10066.3hr   10066.4hr   10066.5hr   10066.5hr   10066.5hr   10066.5hr   10067.9hr   10067.9hr   10068.4hr   10068.4hr   10068.6hr   10068.7hr   10068.7hr   10068.7hr   10069.0hr   10069.0hr   10069.1hr   10069.1hr   10071.0hr   10071.0hr   10071.6hr   10071.7hr   10071.7hr   10071.7hr   10072.1hr   10072.1hr   10072.2hr   10072.2hr   10085.9hr   10086.0hr   10086.1hr   10086.1hr   10086.4hr   10086.5hr   10086.6hr   10086.6hr   10086.6hr   10086.6hr   10086.7hr   10086.7hr   10086.7hr   10086.8hr   10086.9hr   10086.9hr   10086.9hr   10086.9hr   10086.9hr   10086.9hr   10086.9hr   10087.0hr   10087.3hr   10087.5hr   10087.6hr   10087.6hr   10087.6hr   10087.6hr   10096.6hr   10096.7hr   10109.6hr   10109.6hr   10109.7hr   10109.7hr   10109.8hr   10110.1hr   10110.1hr   10110.4hr   10110.4hr   10110.8hr   10110.9hr   10110.9hr   10111.0hr   10111.2hr   10111.3hr   10111.3hr   10111.3hr   10112.2hr   10112.3hr   10112.3hr   10112.4hr   10114.0hr   10114.1hr   10114.1hr   10114.1hr   10114.1hr   10114.2hr   10120.1hr   10120.1hr   10120.4hr   10120.6hr   10120.7hr   10120.7hr   10120.8hr   10120.8hr   10120.8hr   10120.9hr   10133.0hr   10133.0hr   10133.1hr   10133.4hr   10133.4hr   10133.4hr   10133.4hr   10134.6hr   10135.3hr   10135.6hr   10135.6hr   10135.6hr   10135.6hr   10135.7hr   10135.9hr   10136.0hr   10136.1hr   10136.2hr   10136.2hr   10136.3hr   10136.3hr   10136.3hr   10137.6hr   10137.6hr   10137.9hr   10138.0hr   10138.0hr   10138.1hr   10138.1hr   10138.1hr   10158.8hr   10158.8hr   10159.8hr  
total                  7.6803E+06  1.4543E+07  1.5491E+07  1.5347E+07  1.6825E+07  3.1915E+07  2.3939E+07  3.1535E+07  2.3127E+07  3.1735E+07  1.6201E+07  8.0097E+07  1.5107E+08  6.8779E+07  1.9035E+07  5.7764E+07  1.6703E+07  5.2097E+07  2.1435E+07  4.9931E+07  2.1132E+07  5.9487E+07  8.9715E+07  6.0771E+07  2.4684E+07  5.6673E+07  1.5716E+08  8.1375E+07  2.1771E+07  1.8990E+07  3.5335E+07  7.1547E+07  3.9692E+07  2.1275E+07  3.6960E+07  5.1161E+07  3.6022E+07  6.9219E+07  4.1236E+07  8.6208E+07  4.5224E+07  2.4442E+07  3.2029E+07  2.2309E+07  4.6425E+07  1.8186E+08  9.0091E+07  5.4629E+07  1.8068E+07  1.7826E+07  3.2672E+07  2.5596E+07  3.5119E+07  2.4365E+07  4.1040E+07  8.4456E+07  4.5461E+07  2.4436E+07  6.0246E+07  8.3862E+07  5.2128E+07  3.4907E+07  7.2907E+07  1.6140E+08  7.4711E+07  3.9123E+07  1.7628E+07  5.7563E+07  3.6778E+08  1.3667E+08  1.6294E+07  1.7052E+07  5.1577E+07  8.7208E+07  6.2191E+07  2.3946E+07  5.5125E+07  1.0616E+08  6.4397E+07  1.2149E+08  6.1530E+07  1.4458E+08  7.1374E+07  3.1006E+07  7.1343E+07  9.9726E+07  8.5291E+07  1.1443E+08  8.8418E+07  2.2711E+08  1.0421E+08  3.7986E+07  3.5630E+07  3.3909E+07  2.2164E+07  2.1903E+07  4.2413E+07  5.3460E+07  4.7491E+07  2.6045E+07  4.4609E+07  8.1355E+07  5.6883E+07  7.6948E+07  5.5087E+07  7.6173E+07  5.8538E+07  8.1958E+07  6.1898E+07  8.9018E+07  5.5527E+07  2.9991E+07  5.4392E+07  1.3975E+08  7.1208E+07  3.3061E+07  1.8518E+07  1.9009E+07  5.7372E+07  2.4999E+07  4.7392E+07  3.4769E+07  6.2779E+07  1.1476E+08  6.5460E+07  2.8701E+07  6.1231E+07  1.7025E+08  8.6393E+07  3.7244E+07  1.8378E+07  1.8083E+07  1.8287E+07  2.3755E+07  1.9004E+07  5.2360E+07  8.9213E+07  5.8628E+07  2.0469E+07  5.3651E+07  3.4876E+08  1.0459E+08  1.8836E+07  2.4609E+07  1.8623E+07  5.2574E+07  8.7038E+07  5.7684E+07  1.9892E+07  5.3278E+07  2.7529E+08  7.9083E+07  1.6325E+07  1.6668E+07  4.4460E+07  2.3177E+07  5.2930E+07  2.8119E+07  6.1700E+07  6.9791E+07  5.4543E+07  6.6768E+07  5.8646E+07  8.9807E+07  5.4984E+07  3.4418E+07  6.4536E+07  8.9620E+07  6.6828E+07  8.5999E+07  7.1308E+07  1.3062E+08  7.1438E+07  3.3959E+07  2.2794E+07  2.2062E+07  5.6818E+07  1.7253E+08  8.4292E+07  3.5537E+07  1.6480E+07  9.7381E+07  1.6374E+07  5.1297E+07  9.8566E+07  7.3337E+07  3.8880E+07  2.2209E+07  1.9868E+07  1.8231E+07  3.2791E+07  1.7491E+07  2.6329E+07  6.9208E+07  4.0122E+07  1.8403E+07  2.4403E+07  7.2404E+07  4.1626E+07  1.7279E+07  2.2906E+07  5.6988E+07  3.8690E+07  1.6647E+07  1.7878E+07  4.5606E+07  9.2568E+07  9.2953E+07  4.5068E+07  1.6140E+07  1.5952E+07  1.8764E+07  7.2129E+07  2.6043E+07  2.4864E+07  4.5825E+07  2.3299E+08  1.0275E+08  3.7625E+07  1.6098E+07  1.6312E+07  1.6115E+07  2.0380E+07  1.0598E+08  3.7131E+08  1.4457E+08  1.8734E+07  1.7358E+07  1.7399E+07  3.4468E+07  2.1513E+08  7.5718E+07  2.7044E+07  2.1153E+07  1.9822E+07  1.9306E+07  2.0383E+07  5.4608E+07  3.8177E+08  1.3488E+08  6.4283E+07  1.8728E+07  1.8526E+07  1.8270E+07  1.8536E+07  3.6544E+07  1.6604E+08  7.6981E+07  4.6094E+07  1.5968E+07  1.5802E+07  1.6061E+07
unbinned               2.7793E+05  1.2766E+06  1.3646E+06  1.3538E+06  1.4837E+06  2.6527E+06  2.0838E+06  2.6639E+06  2.0467E+06  2.6909E+06  1.4327E+06  6.8459E+06  1.2281E+07  6.1368E+06  1.7158E+06  5.2133E+06  1.4996E+06  4.3012E+06  1.9728E+06  4.1834E+06  1.9427E+06  5.1308E+06  7.2283E+06  5.2650E+06  2.3284E+06  4.7509E+06  1.2319E+07  6.9149E+06  2.0328E+06  1.7387E+06  2.9613E+06  5.6216E+06  3.3775E+06  1.9689E+06  3.1344E+06  4.0938E+06  3.1335E+06  5.5471E+06  3.5975E+06  6.9027E+06  3.9785E+06  2.3132E+06  2.8579E+06  2.0664E+06  4.0449E+06  1.4505E+07  7.9250E+06  5.2090E+06  1.6473E+06  1.6216E+06  2.7738E+06  2.2678E+06  3.0114E+06  2.2205E+06  3.5436E+06  6.7684E+06  3.9750E+06  2.3143E+06  5.0320E+06  6.8007E+06  4.5450E+06  3.2189E+06  6.0323E+06  1.2884E+07  6.6260E+06  3.8765E+06  1.6038E+06  4.9232E+06  3.0765E+07  1.3466E+07  1.4531E+06  1.5180E+06  4.1337E+06  6.6514E+06  5.0893E+06  2.2141E+06  4.6287E+06  8.3072E+06  5.4611E+06  9.6161E+06  5.3664E+06  1.1476E+07  6.2375E+06  2.9761E+06  6.0684E+06  8.0425E+06  7.1973E+06  9.2898E+06  7.5517E+06  1.8017E+07  9.1662E+06  3.8308E+06  3.5829E+06  3.3911E+06  2.0596E+06  2.0157E+06  3.5613E+06  4.2380E+06  4.0183E+06  2.4224E+06  3.8060E+06  6.4911E+06  4.8138E+06  6.2365E+06  4.7527E+06  6.2442E+06  5.0556E+06  6.7350E+06  5.3526E+06  7.3133E+06  4.9365E+06  2.8771E+06  4.7368E+06  1.1142E+07  6.2316E+06  3.2534E+06  1.6878E+06  1.7253E+06  4.7311E+06  2.3216E+06  4.0166E+06  3.1046E+06  5.3943E+06  9.1582E+06  5.6844E+06  2.7515E+06  5.1803E+06  1.3346E+07  7.3691E+06  3.6365E+06  1.6824E+06  1.6599E+06  1.6677E+06  2.0613E+06  1.7272E+06  4.2863E+06  6.9317E+06  4.8806E+06  1.8870E+06  4.4250E+06  2.7715E+07  9.8340E+06  1.7305E+06  2.1474E+06  1.7054E+06  4.3090E+06  6.7660E+06  4.8084E+06  1.8345E+06  4.3910E+06  2.1744E+07  7.4143E+06  1.4550E+06  1.4828E+06  3.6602E+06  2.0972E+06  4.5785E+06  2.6122E+06  5.2333E+06  5.7285E+06  4.7588E+06  5.5299E+06  5.1140E+06  7.3987E+06  4.9029E+06  3.2523E+06  5.5489E+06  7.3770E+06  5.7875E+06  7.1588E+06  6.1716E+06  1.0560E+07  6.3306E+06  3.3664E+06  2.1273E+06  2.0269E+06  4.6648E+06  1.3365E+07  7.0802E+06  3.4090E+06  1.4713E+06  8.2007E+06  1.4521E+06  4.0535E+06  7.8890E+06  6.1186E+06  3.5095E+06  2.0139E+06  1.8357E+06  1.6438E+06  2.7477E+06  1.5686E+06  2.2627E+06  5.5209E+06  3.4369E+06  1.6691E+06  2.1329E+06  5.7839E+06  3.5820E+06  1.5492E+06  1.9912E+06  4.5990E+06  3.2981E+06  1.4873E+06  1.5867E+06  3.6530E+06  7.0452E+06  7.1525E+06  3.7538E+06  1.4337E+06  1.4197E+06  1.6579E+06  6.0116E+06  2.4441E+06  2.2878E+06  3.8918E+06  1.8555E+07  9.1494E+06  3.8398E+06  1.4277E+06  1.4439E+06  1.4292E+06  1.7881E+06  8.3052E+06  2.8911E+07  1.2575E+07  1.6917E+06  1.5579E+06  1.5590E+06  2.8261E+06  1.6508E+07  6.4775E+06  2.6530E+06  1.9782E+06  1.8271E+06  1.7666E+06  1.8418E+06  4.4337E+06  2.9576E+07  1.1756E+07  6.3729E+06  1.7042E+06  1.6871E+06  1.6585E+06  1.6774E+06  3.0527E+06  1.2985E+07  6.6097E+06  4.2687E+06  1.4117E+06  1.3991E+06  1.4195E+06
binned                 7.4024E+06  1.3266E+07  1.4127E+07  1.3993E+07  1.5342E+07  2.9262E+07  2.1855E+07  2.8871E+07  2.1080E+07  2.9044E+07  1.4769E+07  7.3251E+07  1.3879E+08  6.2642E+07  1.7319E+07  5.2551E+07  1.5204E+07  4.7796E+07  1.9462E+07  4.5748E+07  1.9190E+07  5.4356E+07  8.2487E+07  5.5506E+07  2.2356E+07  5.1923E+07  1.4484E+08  7.4460E+07  1.9738E+07  1.7251E+07  3.2374E+07  6.5926E+07  3.6314E+07  1.9306E+07  3.3826E+07  4.7067E+07  3.2889E+07  6.3672E+07  3.7638E+07  7.9305E+07  4.1245E+07  2.2129E+07  2.9171E+07  2.0243E+07  4.2380E+07  1.6736E+08  8.2166E+07  4.9420E+07  1.6421E+07  1.6204E+07  2.9898E+07  2.3328E+07  3.2108E+07  2.2145E+07  3.7497E+07  7.7687E+07  4.1486E+07  2.2122E+07  5.5214E+07  7.7062E+07  4.7583E+07  3.1688E+07  6.6875E+07  1.4851E+08  6.8085E+07  3.5246E+07  1.6024E+07  5.2640E+07  3.3701E+08  1.2320E+08  1.4841E+07  1.5534E+07  4.7443E+07  8.0556E+07  5.7101E+07  2.1732E+07  5.0497E+07  9.7851E+07  5.8936E+07  1.1187E+08  5.6164E+07  1.3310E+08  6.5137E+07  2.8030E+07  6.5274E+07  9.1684E+07  7.8094E+07  1.0514E+08  8.0867E+07  2.0910E+08  9.5048E+07  3.4156E+07  3.2047E+07  3.0518E+07  2.0104E+07  1.9887E+07  3.8852E+07  4.9222E+07  4.3473E+07  2.3623E+07  4.0803E+07  7.4864E+07  5.2069E+07  7.0711E+07  5.0335E+07  6.9928E+07  5.3483E+07  7.5223E+07  5.6545E+07  8.1705E+07  5.0591E+07  2.7114E+07  4.9655E+07  1.2861E+08  6.4977E+07  2.9808E+07  1.6830E+07  1.7283E+07  5.2641E+07  2.2677E+07  4.3375E+07  3.1664E+07  5.7385E+07  1.0560E+08  5.9776E+07  2.5949E+07  5.6051E+07  1.5690E+08  7.9024E+07  3.3607E+07  1.6696E+07  1.6424E+07  1.6619E+07  2.1694E+07  1.7277E+07  4.8074E+07  8.2281E+07  5.3747E+07  1.8582E+07  4.9226E+07  3.2104E+08  9.4761E+07  1.7106E+07  2.2462E+07  1.6917E+07  4.8265E+07  8.0272E+07  5.2875E+07  1.8058E+07  4.8887E+07  2.5355E+08  7.1668E+07  1.4870E+07  1.5185E+07  4.0800E+07  2.1079E+07  4.8352E+07  2.5507E+07  5.6467E+07  6.4063E+07  4.9784E+07  6.1239E+07  5.3532E+07  8.2408E+07  5.0081E+07  3.1165E+07  5.8987E+07  8.2243E+07  6.1041E+07  7.8841E+07  6.5137E+07  1.2006E+08  6.5107E+07  3.0592E+07  2.0666E+07  2.0035E+07  5.2153E+07  1.5917E+08  7.7211E+07  3.2128E+07  1.5009E+07  8.9181E+07  1.4922E+07  4.7243E+07  9.0677E+07  6.7219E+07  3.5371E+07  2.0195E+07  1.8032E+07  1.6587E+07  3.0044E+07  1.5922E+07  2.4066E+07  6.3687E+07  3.6685E+07  1.6734E+07  2.2270E+07  6.6620E+07  3.8044E+07  1.5730E+07  2.0915E+07  5.2389E+07  3.5392E+07  1.5160E+07  1.6292E+07  4.1952E+07  8.5522E+07  8.5801E+07  4.1314E+07  1.4706E+07  1.4532E+07  1.7106E+07  6.6118E+07  2.3599E+07  2.2576E+07  4.1933E+07  2.1444E+08  9.3600E+07  3.3785E+07  1.4670E+07  1.4868E+07  1.4686E+07  1.8592E+07  9.7679E+07  3.4240E+08  1.3199E+08  1.7042E+07  1.5800E+07  1.5840E+07  3.1642E+07  1.9863E+08  6.9241E+07  2.4391E+07  1.9174E+07  1.7995E+07  1.7539E+07  1.8541E+07  5.0174E+07  3.5220E+08  1.2313E+08  5.7910E+07  1.7024E+07  1.6839E+07  1.6611E+07  1.6859E+07  3.3492E+07  1.5306E+08  7.0371E+07  4.1826E+07  1.4556E+07  1.4403E+07  1.4642E+07
binned(%)              9.6381E+01  9.1222E+01  9.1191E+01  9.1179E+01  9.1182E+01  9.1688E+01  9.1296E+01  9.1553E+01  9.1150E+01  9.1521E+01  9.1157E+01  9.1453E+01  9.1871E+01  9.1077E+01  9.0986E+01  9.0975E+01  9.1022E+01  9.1744E+01  9.0796E+01  9.1622E+01  9.0807E+01  9.1375E+01  9.1943E+01  9.1336E+01  9.0567E+01  9.1617E+01  9.2161E+01  9.1502E+01  9.0663E+01  9.0844E+01  9.1619E+01  9.2143E+01  9.1491E+01  9.0745E+01  9.1520E+01  9.1998E+01  9.1301E+01  9.1986E+01  9.1276E+01  9.1993E+01  9.1203E+01  9.0536E+01  9.1077E+01  9.0738E+01  9.1287E+01  9.2024E+01  9.1203E+01  9.0465E+01  9.0883E+01  9.0903E+01  9.1510E+01  9.1140E+01  9.1425E+01  9.0887E+01  9.1366E+01  9.1986E+01  9.1256E+01  9.0529E+01  9.1648E+01  9.1891E+01  9.1281E+01  9.0778E+01  9.1726E+01  9.2017E+01  9.1131E+01  9.0091E+01  9.0902E+01  9.1447E+01  9.1635E+01  9.0147E+01  9.1082E+01  9.1098E+01  9.1985E+01  9.2373E+01  9.1817E+01  9.0754E+01  9.1603E+01  9.2175E+01  9.1520E+01  9.2085E+01  9.1278E+01  9.2063E+01  9.1261E+01  9.0402E+01  9.1494E+01  9.1935E+01  9.1561E+01  9.1882E+01  9.1459E+01  9.2067E+01  9.1204E+01  8.9915E+01  8.9944E+01  8.9999E+01  9.0707E+01  9.0797E+01  9.1603E+01  9.2072E+01  9.1539E+01  9.0699E+01  9.1468E+01  9.2021E+01  9.1537E+01  9.1895E+01  9.1372E+01  9.1803E+01  9.1364E+01  9.1782E+01  9.1353E+01  9.1784E+01  9.1110E+01  9.0407E+01  9.1291E+01  9.2027E+01  9.1249E+01  9.0160E+01  9.0885E+01  9.0924E+01  9.1754E+01  9.0713E+01  9.1525E+01  9.1071E+01  9.1407E+01  9.2020E+01  9.1316E+01  9.0413E+01  9.1540E+01  9.2161E+01  9.1470E+01  9.0236E+01  9.0845E+01  9.0821E+01  9.0880E+01  9.1323E+01  9.0912E+01  9.1814E+01  9.2230E+01  9.1675E+01  9.0781E+01  9.1752E+01  9.2053E+01  9.0598E+01  9.0813E+01  9.1274E+01  9.0842E+01  9.1804E+01  9.2226E+01  9.1664E+01  9.0778E+01  9.1758E+01  9.2102E+01  9.0625E+01  9.1087E+01  9.1104E+01  9.1768E+01  9.0951E+01  9.1350E+01  9.0710E+01  9.1518E+01  9.1792E+01  9.1275E+01  9.1718E+01  9.1280E+01  9.1762E+01  9.1083E+01  9.0550E+01  9.1402E+01  9.1769E+01  9.1340E+01  9.1676E+01  9.1345E+01  9.1916E+01  9.1138E+01  9.0087E+01  9.0667E+01  9.0813E+01  9.1790E+01  9.2254E+01  9.1600E+01  9.0407E+01  9.1072E+01  9.1579E+01  9.1131E+01  9.2098E+01  9.1996E+01  9.1657E+01  9.0974E+01  9.0932E+01  9.0760E+01  9.0983E+01  9.1621E+01  9.1032E+01  9.1406E+01  9.2023E+01  9.1434E+01  9.0930E+01  9.1260E+01  9.2012E+01  9.1395E+01  9.1034E+01  9.1307E+01  9.1930E+01  9.1476E+01  9.1066E+01  9.1125E+01  9.1990E+01  9.2389E+01  9.2305E+01  9.1671E+01  9.1117E+01  9.1100E+01  9.1165E+01  9.1666E+01  9.0615E+01  9.0799E+01  9.1507E+01  9.2036E+01  9.1095E+01  8.9794E+01  9.1131E+01  9.1148E+01  9.1131E+01  9.1227E+01  9.2164E+01  9.2214E+01  9.1302E+01  9.0970E+01  9.1025E+01  9.1040E+01  9.1801E+01  9.2327E+01  9.1445E+01  9.0190E+01  9.0648E+01  9.0782E+01  9.0849E+01  9.0964E+01  9.1881E+01  9.2253E+01  9.1284E+01  9.0086E+01  9.0900E+01  9.0893E+01  9.0922E+01  9.0951E+01  9.1647E+01  9.2180E+01  9.1414E+01  9.0739E+01  9.1159E+01  9.1146E+01  9.1162E+01
=========================================================================================================================
.
.
=========================================================================================================================
=   Gamma source summary (MeV/s) for case 'irrad' (#1/2)                                                                =
-------------------------------------------------------------------------------------------------------------------------
                           0.0hr   10000.0hr   10013.9hr   10013.9hr   10016.0hr   10016.0hr   10016.1hr   10016.1hr   10016.1hr   10016.2hr   10017.4hr   10017.7hr   10017.7hr   10017.8hr   10018.9hr   10024.0hr   10037.7hr   10037.7hr   10037.8hr   10037.9hr   10038.1hr   10038.3hr   10038.3hr   10038.3hr   10038.5hr   10038.5hr   10038.5hr   10038.5hr   10038.9hr   10039.3hr   10039.3hr   10039.3hr   10039.3hr   10039.4hr   10039.4hr   10039.4hr   10039.5hr   10039.5hr   10039.6hr   10039.6hr   10039.6hr   10039.7hr   10039.7hr   10039.8hr   10040.0hr   10040.1hr   10040.1hr   10040.1hr   10041.6hr   10042.0hr   10042.0hr   10042.0hr   10042.1hr   10042.1hr   10042.2hr   10042.2hr   10042.2hr   10042.3hr   10042.4hr   10042.4hr   10042.4hr   10042.5hr   10042.5hr   10042.5hr   10042.5hr   10042.6hr   10045.2hr   10045.4hr   10045.6hr   10045.6hr   10061.9hr   10062.5hr   10062.5hr   10062.5hr   10062.5hr   10062.6hr   10062.7hr   10062.7hr   10062.7hr   10062.8hr   10062.8hr   10062.8hr   10062.8hr   10062.9hr   10063.0hr   10063.0hr   10063.0hr   10063.0hr   10063.1hr   10063.1hr   10063.1hr   10063.2hr   10063.2hr   10063.2hr   10063.7hr   10063.8hr   10063.8hr   10063.8hr   10063.9hr   10063.9hr   10064.0hr   10064.0hr   10064.0hr   10064.0hr   10064.0hr   10064.0hr   10064.1hr   10064.1hr   10064.1hr   10064.1hr   10064.1hr   10064.2hr   10064.3hr   10064.3hr   10064.3hr   10064.4hr   10065.8hr   10066.0hr   10066.1hr   10066.1hr   10066.2hr   10066.2hr   10066.3hr   10066.3hr   10066.3hr   10066.4hr   10066.5hr   10066.5hr   10066.5hr   10066.5hr   10067.9hr   10067.9hr   10068.4hr   10068.4hr   10068.6hr   10068.7hr   10068.7hr   10068.7hr   10069.0hr   10069.0hr   10069.1hr   10069.1hr   10071.0hr   10071.0hr   10071.6hr   10071.7hr   10071.7hr   10071.7hr   10072.1hr   10072.1hr   10072.2hr   10072.2hr   10085.9hr   10086.0hr   10086.1hr   10086.1hr   10086.4hr   10086.5hr   10086.6hr   10086.6hr   10086.6hr   10086.6hr   10086.7hr   10086.7hr   10086.7hr   10086.8hr   10086.9hr   10086.9hr   10086.9hr   10086.9hr   10086.9hr   10086.9hr   10086.9hr   10087.0hr   10087.3hr   10087.5hr   10087.6hr   10087.6hr   10087.6hr   10087.6hr   10096.6hr   10096.7hr   10109.6hr   10109.6hr   10109.7hr   10109.7hr   10109.8hr   10110.1hr   10110.1hr   10110.4hr   10110.4hr   10110.8hr   10110.9hr   10110.9hr   10111.0hr   10111.2hr   10111.3hr   10111.3hr   10111.3hr   10112.2hr   10112.3hr   10112.3hr   10112.4hr   10114.0hr   10114.1hr   10114.1hr   10114.1hr   10114.1hr   10114.2hr   10120.1hr   10120.1hr   10120.4hr   10120.6hr   10120.7hr   10120.7hr   10120.8hr   10120.8hr   10120.8hr   10120.9hr   10133.0hr   10133.0hr   10133.1hr   10133.4hr   10133.4hr   10133.4hr   10133.4hr   10134.6hr   10135.3hr   10135.6hr   10135.6hr   10135.6hr   10135.6hr   10135.7hr   10135.9hr   10136.0hr   10136.1hr   10136.2hr   10136.2hr   10136.3hr   10136.3hr   10136.3hr   10137.6hr   10137.6hr   10137.9hr   10138.0hr   10138.0hr   10138.1hr   10138.1hr   10138.1hr   10158.8hr   10158.8hr   10159.8hr  
total                  1.0871E+06  1.3428E+06  1.8921E+06  1.8054E+06  2.6733E+06  1.1776E+07  6.9756E+06  1.1488E+07  6.4028E+06  1.1548E+07  2.3038E+06  4.0284E+07  8.2905E+07  3.3066E+07  3.9400E+06  2.6598E+07  2.4524E+06  2.3808E+07  5.1314E+06  2.2369E+07  4.9390E+06  2.7869E+07  4.6636E+07  2.8578E+07  6.8709E+06  2.6191E+07  8.6495E+07  4.1136E+07  5.2497E+06  3.7454E+06  1.3548E+07  3.5390E+07  1.6298E+07  5.0498E+06  1.4461E+07  2.3401E+07  1.3973E+07  3.4036E+07  1.7072E+07  4.4075E+07  1.9462E+07  6.7970E+06  1.1403E+07  5.6275E+06  2.0100E+07  1.0171E+08  4.6495E+07  2.5428E+07  3.2585E+06  3.1193E+06  1.2078E+07  7.8368E+06  1.3514E+07  7.0156E+06  1.6993E+07  4.3006E+07  1.9715E+07  6.8148E+06  2.8437E+07  4.2652E+07  2.3620E+07  1.3021E+07  3.5784E+07  8.9215E+07  3.7414E+07  1.5508E+07  2.9836E+06  2.6854E+07  2.1216E+08  7.2539E+07  2.2074E+06  2.6575E+06  2.3399E+07  4.5394E+07  2.9923E+07  6.5836E+06  2.5439E+07  5.6490E+07  3.0986E+07  6.5471E+07  2.9030E+07  7.8852E+07  3.4996E+07  1.0420E+07  3.4910E+07  5.2534E+07  4.3293E+07  6.1105E+07  4.5133E+07  1.2823E+08  5.4816E+07  1.4152E+07  1.2775E+07  1.1798E+07  5.4966E+06  5.3980E+06  1.7723E+07  2.4956E+07  2.0870E+07  7.8455E+06  1.8967E+07  4.1174E+07  2.6491E+07  3.8841E+07  2.5368E+07  3.8330E+07  2.7370E+07  4.1656E+07  2.9351E+07  4.5803E+07  2.5431E+07  9.9298E+06  2.4760E+07  7.5913E+07  3.4902E+07  1.1713E+07  3.5139E+06  3.8099E+06  2.6966E+07  7.2548E+06  2.0752E+07  1.3207E+07  2.9894E+07  6.1397E+07  3.1412E+07  9.1672E+06  2.8777E+07  9.4207E+07  4.4006E+07  1.4447E+07  3.4075E+06  3.2317E+06  3.3588E+06  6.6822E+06  3.7822E+06  2.3877E+07  4.6422E+07  2.7732E+07  4.5645E+06  2.4565E+07  2.0268E+08  5.5209E+07  3.6618E+06  7.1625E+06  3.5337E+06  2.3987E+07  4.5155E+07  2.7145E+07  4.2286E+06  2.4346E+07  1.5831E+08  4.0210E+07  2.2144E+06  2.4212E+06  1.9196E+07  6.2646E+06  2.3924E+07  8.9102E+06  2.9247E+07  3.4545E+07  2.4829E+07  3.2727E+07  2.7211E+07  4.5951E+07  2.5013E+07  1.2508E+07  3.0768E+07  4.5947E+07  3.2172E+07  4.3887E+07  3.4802E+07  7.0355E+07  3.4754E+07  1.2076E+07  5.8179E+06  5.4824E+06  2.6393E+07  9.5826E+07  4.3025E+07  1.3644E+07  2.3089E+06  5.0661E+07  2.2796E+06  2.3206E+07  5.1880E+07  3.6748E+07  1.5434E+07  5.5978E+06  4.2020E+06  3.3168E+06  1.2076E+07  2.9134E+06  8.2539E+06  3.3995E+07  1.6680E+07  3.4061E+06  7.0470E+06  3.5892E+07  1.7542E+07  2.8020E+06  6.2017E+06  2.6696E+07  1.5798E+07  2.4418E+06  3.1823E+06  1.9795E+07  4.8413E+07  4.8287E+07  1.9678E+07  2.1461E+06  2.0334E+06  3.7018E+06  3.5750E+07  7.7119E+06  7.0840E+06  1.9792E+07  1.3274E+08  5.4620E+07  1.3950E+07  2.1276E+06  2.2562E+06  2.1380E+06  4.6786E+06  5.6157E+07  2.1614E+08  8.0434E+07  3.6479E+06  2.8697E+06  2.8970E+06  1.3126E+07  1.2163E+08  3.8550E+07  8.2298E+06  4.9005E+06  4.1913E+06  3.9231E+06  4.5983E+06  2.5163E+07  2.2227E+08  7.4810E+07  3.1061E+07  3.6466E+06  3.5279E+06  3.3873E+06  3.5516E+06  1.4391E+07  9.2350E+07  3.8889E+07  2.0611E+07  2.0635E+06  1.9640E+06  2.1207E+06
unbinned               8.5190E+02  5.6281E+03  6.2737E+03  6.1951E+03  7.1464E+03  1.5691E+04  1.1537E+04  1.5775E+04  1.1266E+04  1.5971E+04  6.7748E+03  4.6370E+04  8.6087E+04  4.1192E+04  8.8610E+03  3.4489E+04  7.2651E+03  2.7747E+04  1.0729E+04  2.6887E+04  1.0507E+04  3.3827E+04  4.9157E+04  3.4814E+04  1.3332E+04  3.1035E+04  8.6316E+04  4.6907E+04  1.1175E+04  9.0264E+03  1.7956E+04  3.7376E+04  2.1015E+04  1.0712E+04  1.9223E+04  2.6240E+04  1.9226E+04  3.6842E+04  2.2622E+04  4.6745E+04  2.5423E+04  1.3232E+04  1.7210E+04  1.1422E+04  2.5894E+04  1.0234E+05  5.4338E+04  3.4464E+04  8.3589E+03  8.1691E+03  1.6591E+04  1.2899E+04  1.8331E+04  1.2553E+04  2.2224E+04  4.5767E+04  2.5395E+04  1.3240E+04  3.3099E+04  4.6013E+04  2.9553E+04  1.9858E+04  4.0399E+04  9.0487E+04  4.4824E+04  2.4691E+04  8.0356E+03  3.2313E+04  2.2132E+05  9.4926E+04  6.9164E+03  7.3907E+03  2.6502E+04  4.4899E+04  3.3502E+04  1.2489E+04  3.0137E+04  5.6993E+04  3.6231E+04  6.6557E+04  3.5546E+04  8.0137E+04  4.1940E+04  1.8067E+04  4.0669E+04  5.5097E+04  4.8925E+04  6.4207E+04  5.1526E+04  1.2797E+05  6.3408E+04  2.4338E+04  2.2520E+04  2.1113E+04  1.1374E+04  1.1053E+04  2.2345E+04  2.7296E+04  2.5694E+04  1.4033E+04  2.4139E+04  4.3739E+04  3.1515E+04  4.1907E+04  3.1072E+04  4.1967E+04  3.3288E+04  4.5551E+04  3.5462E+04  4.9774E+04  3.2433E+04  1.7361E+04  3.0952E+04  7.7736E+04  4.1922E+04  2.0123E+04  8.6528E+03  8.9253E+03  3.0898E+04  1.3292E+04  2.5677E+04  1.9022E+04  3.5759E+04  6.3234E+04  3.7896E+04  1.6437E+04  3.4180E+04  9.3814E+04  5.0234E+04  2.2926E+04  8.6136E+03  8.4488E+03  8.5025E+03  1.1376E+04  8.9364E+03  2.7639E+04  4.6959E+04  3.1995E+04  1.0104E+04  2.8653E+04  1.9893E+05  6.8319E+04  8.9679E+03  1.2011E+04  8.7804E+03  2.7808E+04  4.5756E+04  3.1470E+04  9.7234E+03  2.8407E+04  1.5526E+05  5.0604E+04  6.9264E+03  7.1299E+03  2.3047E+04  1.1629E+04  2.9773E+04  1.5396E+04  3.4557E+04  3.8180E+04  3.1096E+04  3.6737E+04  3.3695E+04  5.0370E+04  3.2168E+04  2.0088E+04  3.6873E+04  5.0217E+04  3.8625E+04  4.8638E+04  4.1435E+04  7.3465E+04  4.2628E+04  2.0936E+04  1.1863E+04  1.1130E+04  3.0405E+04  9.3949E+04  4.8122E+04  2.1262E+04  7.0462E+03  5.6266E+04  6.9025E+03  2.5898E+04  5.3958E+04  4.1041E+04  2.1961E+04  1.1014E+04  9.7130E+03  8.3103E+03  1.6377E+04  7.7603E+03  1.2835E+04  3.6640E+04  2.1434E+04  8.4954E+03  1.1886E+04  3.8563E+04  2.2492E+04  7.6203E+03  1.0851E+04  2.9908E+04  2.0415E+04  7.1653E+03  7.8917E+03  2.2980E+04  4.7753E+04  4.8524E+04  2.3746E+04  6.7684E+03  6.6658E+03  8.4084E+03  4.0248E+04  1.4166E+04  1.3017E+04  2.4741E+04  1.3193E+05  6.3300E+04  2.4401E+04  6.7236E+03  6.8423E+03  6.7346E+03  9.3594E+03  5.6981E+04  2.0760E+05  8.8402E+04  8.6690E+03  7.6869E+03  7.6936E+03  1.6945E+04  1.1691E+05  4.3731E+04  1.5713E+04  1.0760E+04  9.6549E+03  9.2142E+03  9.7648E+03  2.8702E+04  2.1246E+05  8.2409E+04  4.2982E+04  8.7668E+03  8.6416E+03  8.4308E+03  8.5679E+03  1.8618E+04  9.1203E+04  4.4695E+04  2.7565E+04  6.6049E+03  6.5126E+03  6.6620E+03
binned                 1.0863E+06  1.3372E+06  1.8858E+06  1.7993E+06  2.6662E+06  1.1761E+07  6.9641E+06  1.1472E+07  6.3915E+06  1.1533E+07  2.2970E+06  4.0237E+07  8.2819E+07  3.3025E+07  3.9312E+06  2.6563E+07  2.4451E+06  2.3781E+07  5.1207E+06  2.2342E+07  4.9285E+06  2.7835E+07  4.6587E+07  2.8543E+07  6.8576E+06  2.6160E+07  8.6409E+07  4.1089E+07  5.2385E+06  3.7364E+06  1.3530E+07  3.5353E+07  1.6277E+07  5.0391E+06  1.4441E+07  2.3375E+07  1.3954E+07  3.3999E+07  1.7049E+07  4.4028E+07  1.9437E+07  6.7837E+06  1.1386E+07  5.6161E+06  2.0074E+07  1.0161E+08  4.6440E+07  2.5394E+07  3.2501E+06  3.1111E+06  1.2062E+07  7.8239E+06  1.3496E+07  7.0031E+06  1.6971E+07  4.2960E+07  1.9690E+07  6.8016E+06  2.8404E+07  4.2606E+07  2.3591E+07  1.3001E+07  3.5744E+07  8.9125E+07  3.7369E+07  1.5484E+07  2.9755E+06  2.6821E+07  2.1194E+08  7.2444E+07  2.2005E+06  2.6501E+06  2.3373E+07  4.5349E+07  2.9889E+07  6.5711E+06  2.5408E+07  5.6433E+07  3.0950E+07  6.5404E+07  2.8994E+07  7.8772E+07  3.4954E+07  1.0402E+07  3.4869E+07  5.2479E+07  4.3244E+07  6.1041E+07  4.5082E+07  1.2810E+08  5.4752E+07  1.4128E+07  1.2752E+07  1.1777E+07  5.4852E+06  5.3870E+06  1.7700E+07  2.4928E+07  2.0844E+07  7.8315E+06  1.8943E+07  4.1131E+07  2.6460E+07  3.8799E+07  2.5337E+07  3.8288E+07  2.7337E+07  4.1610E+07  2.9316E+07  4.5753E+07  2.5398E+07  9.9124E+06  2.4729E+07  7.5835E+07  3.4860E+07  1.1692E+07  3.5053E+06  3.8009E+06  2.6935E+07  7.2415E+06  2.0726E+07  1.3188E+07  2.9859E+07  6.1334E+07  3.1374E+07  9.1508E+06  2.8743E+07  9.4113E+07  4.3956E+07  1.4424E+07  3.3989E+06  3.2232E+06  3.3503E+06  6.6709E+06  3.7733E+06  2.3849E+07  4.6375E+07  2.7700E+07  4.5544E+06  2.4536E+07  2.0248E+08  5.5141E+07  3.6528E+06  7.1505E+06  3.5249E+06  2.3959E+07  4.5109E+07  2.7113E+07  4.2189E+06  2.4318E+07  1.5816E+08  4.0160E+07  2.2075E+06  2.4141E+06  1.9173E+07  6.2529E+06  2.3894E+07  8.8948E+06  2.9213E+07  3.4506E+07  2.4798E+07  3.2690E+07  2.7177E+07  4.5900E+07  2.4981E+07  1.2488E+07  3.0732E+07  4.5896E+07  3.2133E+07  4.3839E+07  3.4761E+07  7.0281E+07  3.4712E+07  1.2055E+07  5.8061E+06  5.4712E+06  2.6363E+07  9.5732E+07  4.2977E+07  1.3623E+07  2.3018E+06  5.0604E+07  2.2727E+06  2.3180E+07  5.1826E+07  3.6707E+07  1.5412E+07  5.5867E+06  4.1923E+06  3.3085E+06  1.2060E+07  2.9056E+06  8.2411E+06  3.3958E+07  1.6659E+07  3.3976E+06  7.0351E+06  3.5854E+07  1.7519E+07  2.7944E+06  6.1909E+06  2.6666E+07  1.5778E+07  2.4347E+06  3.1744E+06  1.9772E+07  4.8365E+07  4.8238E+07  1.9654E+07  2.1393E+06  2.0267E+06  3.6934E+06  3.5710E+07  7.6977E+06  7.0710E+06  1.9767E+07  1.3261E+08  5.4556E+07  1.3926E+07  2.1209E+06  2.2494E+06  2.1313E+06  4.6692E+06  5.6100E+07  2.1593E+08  8.0346E+07  3.6393E+06  2.8620E+06  2.8893E+06  1.3109E+07  1.2151E+08  3.8506E+07  8.2141E+06  4.8898E+06  4.1816E+06  3.9139E+06  4.5886E+06  2.5134E+07  2.2205E+08  7.4728E+07  3.1018E+07  3.6378E+06  3.5193E+06  3.3788E+06  3.5431E+06  1.4373E+07  9.2259E+07  3.8845E+07  2.0584E+07  2.0569E+06  1.9575E+06  2.1140E+06
binned(%)              9.9922E+01  9.9581E+01  9.9668E+01  9.9657E+01  9.9733E+01  9.9867E+01  9.9835E+01  9.9863E+01  9.9824E+01  9.9862E+01  9.9706E+01  9.9885E+01  9.9896E+01  9.9875E+01  9.9775E+01  9.9870E+01  9.9704E+01  9.9883E+01  9.9791E+01  9.9880E+01  9.9787E+01  9.9879E+01  9.9895E+01  9.9878E+01  9.9806E+01  9.9882E+01  9.9900E+01  9.9886E+01  9.9787E+01  9.9759E+01  9.9867E+01  9.9894E+01  9.9871E+01  9.9788E+01  9.9867E+01  9.9888E+01  9.9862E+01  9.9892E+01  9.9867E+01  9.9894E+01  9.9869E+01  9.9805E+01  9.9849E+01  9.9797E+01  9.9871E+01  9.9899E+01  9.9883E+01  9.9864E+01  9.9743E+01  9.9738E+01  9.9863E+01  9.9835E+01  9.9864E+01  9.9821E+01  9.9869E+01  9.9894E+01  9.9871E+01  9.9806E+01  9.9884E+01  9.9892E+01  9.9875E+01  9.9847E+01  9.9887E+01  9.9899E+01  9.9880E+01  9.9841E+01  9.9731E+01  9.9880E+01  9.9896E+01  9.9869E+01  9.9687E+01  9.9722E+01  9.9887E+01  9.9901E+01  9.9888E+01  9.9810E+01  9.9882E+01  9.9899E+01  9.9883E+01  9.9898E+01  9.9878E+01  9.9898E+01  9.9880E+01  9.9827E+01  9.9884E+01  9.9895E+01  9.9887E+01  9.9895E+01  9.9886E+01  9.9900E+01  9.9884E+01  9.9828E+01  9.9824E+01  9.9821E+01  9.9793E+01  9.9795E+01  9.9874E+01  9.9891E+01  9.9877E+01  9.9821E+01  9.9873E+01  9.9894E+01  9.9881E+01  9.9892E+01  9.9878E+01  9.9891E+01  9.9878E+01  9.9891E+01  9.9879E+01  9.9891E+01  9.9872E+01  9.9825E+01  9.9875E+01  9.9898E+01  9.9880E+01  9.9828E+01  9.9754E+01  9.9766E+01  9.9885E+01  9.9817E+01  9.9876E+01  9.9856E+01  9.9880E+01  9.9897E+01  9.9879E+01  9.9821E+01  9.9881E+01  9.9900E+01  9.9886E+01  9.9841E+01  9.9747E+01  9.9739E+01  9.9747E+01  9.9830E+01  9.9764E+01  9.9884E+01  9.9899E+01  9.9885E+01  9.9779E+01  9.9883E+01  9.9902E+01  9.9876E+01  9.9755E+01  9.9832E+01  9.9752E+01  9.9884E+01  9.9899E+01  9.9884E+01  9.9770E+01  9.9883E+01  9.9902E+01  9.9874E+01  9.9687E+01  9.9706E+01  9.9880E+01  9.9814E+01  9.9876E+01  9.9827E+01  9.9882E+01  9.9889E+01  9.9875E+01  9.9888E+01  9.9876E+01  9.9890E+01  9.9871E+01  9.9839E+01  9.9880E+01  9.9891E+01  9.9880E+01  9.9889E+01  9.9881E+01  9.9896E+01  9.9877E+01  9.9827E+01  9.9796E+01  9.9797E+01  9.9885E+01  9.9902E+01  9.9888E+01  9.9844E+01  9.9695E+01  9.9889E+01  9.9697E+01  9.9888E+01  9.9896E+01  9.9888E+01  9.9858E+01  9.9803E+01  9.9769E+01  9.9749E+01  9.9864E+01  9.9734E+01  9.9845E+01  9.9892E+01  9.9872E+01  9.9751E+01  9.9831E+01  9.9893E+01  9.9872E+01  9.9728E+01  9.9825E+01  9.9888E+01  9.9871E+01  9.9707E+01  9.9752E+01  9.9884E+01  9.9901E+01  9.9900E+01  9.9879E+01  9.9685E+01  9.9672E+01  9.9773E+01  9.9887E+01  9.9816E+01  9.9816E+01  9.9875E+01  9.9901E+01  9.9884E+01  9.9825E+01  9.9684E+01  9.9697E+01  9.9685E+01  9.9800E+01  9.9899E+01  9.9904E+01  9.9890E+01  9.9762E+01  9.9732E+01  9.9734E+01  9.9871E+01  9.9904E+01  9.9887E+01  9.9809E+01  9.9780E+01  9.9770E+01  9.9765E+01  9.9788E+01  9.9886E+01  9.9904E+01  9.9890E+01  9.9862E+01  9.9760E+01  9.9755E+01  9.9751E+01  9.9759E+01  9.9871E+01  9.9901E+01  9.9885E+01  9.9866E+01  9.9680E+01  9.9668E+01  9.9686E+01
missing spectra        0.0000E+00  0.0000E+00  3.9921E+03  2.7137E+03  1.0249E+04  1.2495E+05  5.2072E+04  1.1526E+05  4.2206E+04  1.1584E+05  5.8494E+03  3.9200E+05  9.5480E+05  2.6710E+05  8.8476E+03  1.8962E+05  5.8950E+03  2.6093E+05  1.9574E+04  2.3316E+05  1.5899E+04  2.6071E+05  5.9696E+05  2.5402E+05  1.5545E+04  2.7217E+05  1.1257E+06  3.3583E+05  5.5277E+03  3.7487E+03  1.4491E+05  4.8703E+05  1.4133E+05  1.1147E+04  1.4797E+05  3.1319E+05  1.1726E+05  4.4514E+05  1.4392E+05  5.6968E+05  1.3842E+05  1.4145E+04  8.0508E+04  1.3173E+04  1.7362E+05  1.2139E+06  2.8802E+05  7.6763E+04  3.8320E+03  4.7059E+03  1.1714E+05  4.7148E+04  1.2601E+05  3.3823E+04  1.5493E+05  5.4801E+05  1.4956E+05  1.7485E+04  3.0152E+05  5.1238E+05  2.0197E+05  7.5766E+04  4.1551E+05  1.0748E+06  2.3238E+05  2.9814E+04  6.0387E+03  2.6196E+05  2.2341E+06  3.1619E+05  4.2645E+03  8.4924E+03  2.9118E+05  6.7022E+05  3.3223E+05  2.7904E+04  2.6163E+05  7.8025E+05  3.0573E+05  8.6939E+05  2.5894E+05  1.0383E+06  2.7499E+05  3.0872E+04  3.3907E+05  6.5356E+05  4.3437E+05  7.3472E+05  4.3237E+05  1.6018E+06  3.7418E+05  1.5545E+04  9.4521E+03  7.0356E+03  4.8648E+03  9.0493E+03  1.8001E+05  3.2894E+05  1.9866E+05  2.3888E+04  1.8262E+05  5.3684E+05  2.5239E+05  4.6671E+05  2.2416E+05  4.5016E+05  2.4355E+05  4.8602E+05  2.6013E+05  5.3470E+05  1.7807E+05  2.2861E+04  2.1118E+05  9.4499E+05  2.3994E+05  1.4986E+04  4.1677E+03  9.1258E+03  2.9260E+05  2.8345E+04  2.0706E+05  8.3995E+04  2.8221E+05  8.0269E+05  2.6177E+05  2.3562E+04  2.9435E+05  1.2381E+06  3.5693E+05  3.1578E+04  4.0356E+03  1.6406E+03  6.5062E+03  6.2123E+04  1.1645E+04  2.7265E+05  6.5123E+05  2.8905E+05  1.1488E+04  2.7294E+05  2.4128E+06  3.0928E+05  5.4516E+03  6.3575E+04  7.4886E+03  2.7353E+05  6.3381E+05  2.8209E+05  9.6536E+03  2.7217E+05  1.9227E+06  2.0354E+05  4.2020E+03  6.5196E+03  2.1177E+05  3.2709E+04  2.1930E+05  3.8853E+04  2.8675E+05  3.9650E+05  2.1628E+05  3.7625E+05  2.3887E+05  5.3639E+05  1.7516E+05  5.1241E+04  2.8446E+05  5.3141E+05  2.8402E+05  4.8479E+05  3.1334E+05  8.6087E+05  2.4017E+05  1.3701E+04  5.1264E+03  1.0815E+04  2.9263E+05  1.2835E+06  3.5915E+05  3.4097E+04  4.7591E+03  5.2178E+05  5.2587E+03  3.1406E+05  6.1330E+05  3.6402E+05  1.1184E+05  2.1866E+04  2.0527E+03  5.7707E+03  1.2421E+05  4.6988E+03  6.9717E+04  4.2020E+05  1.3678E+05  4.5387E+03  5.0246E+04  4.3925E+05  1.4672E+05  4.2142E+03  4.5655E+04  3.1658E+05  1.3737E+05  4.1495E+03  1.2740E+04  2.5772E+05  7.2739E+05  6.9862E+05  1.8922E+05  4.0864E+03  2.4269E+03  1.9404E+04  3.7769E+05  2.7638E+04  2.9704E+04  1.9165E+05  1.5754E+06  3.2064E+05  1.1853E+04  4.1759E+03  5.8855E+03  4.2552E+03  3.0568E+04  7.1885E+05  2.7272E+06  5.1458E+05  5.9298E+03  4.0908E+03  5.5706E+03  1.5901E+05  1.6414E+06  2.5769E+05  9.7534E+03  3.7708E+03  3.6617E+03  4.6454E+03  1.5101E+04  2.9575E+05  2.8455E+06  4.7094E+05  8.2597E+04  4.3084E+03  3.2463E+03  4.2593E+03  7.2964E+03  1.5043E+05  1.1689E+06  2.6442E+05  7.2921E+04  3.9456E+03  2.6284E+03  4.4854E+03
=========================================================================================================================
.
.
=========================================================================================================================
=   Gamma source intensity (1/s) as a function of time for case 'irrad' (#1/2)                                          =
-------------------------------------------------------------------------------------------------------------------------
     boundaries (MeV)         0.0hr   10000.0hr   10013.9hr   10013.9hr   10016.0hr   10016.0hr   10016.1hr   10016.1hr   10016.1hr   10016.2hr   10017.4hr   10017.7hr   10017.7hr   10017.8hr   10018.9hr   10024.0hr   10037.7hr   10037.7hr   10037.8hr   10037.9hr   10038.1hr   10038.3hr   10038.3hr   10038.3hr   10038.5hr   10038.5hr   10038.5hr   10038.5hr   10038.9hr   10039.3hr   10039.3hr   10039.3hr   10039.3hr   10039.4hr   10039.4hr   10039.4hr   10039.5hr   10039.5hr   10039.6hr   10039.6hr   10039.6hr   10039.7hr   10039.7hr   10039.8hr   10040.0hr   10040.1hr   10040.1hr   10040.1hr   10041.6hr   10042.0hr   10042.0hr   10042.0hr   10042.1hr   10042.1hr   10042.2hr   10042.2hr   10042.2hr   10042.3hr   10042.4hr   10042.4hr   10042.4hr   10042.5hr   10042.5hr   10042.5hr   10042.5hr   10042.6hr   10045.2hr   10045.4hr   10045.6hr   10045.6hr   10061.9hr   10062.5hr   10062.5hr   10062.5hr   10062.5hr   10062.6hr   10062.7hr   10062.7hr   10062.7hr   10062.8hr   10062.8hr   10062.8hr   10062.8hr   10062.9hr   10063.0hr   10063.0hr   10063.0hr   10063.0hr   10063.1hr   10063.1hr   10063.1hr   10063.2hr   10063.2hr   10063.2hr   10063.7hr   10063.8hr   10063.8hr   10063.8hr   10063.9hr   10063.9hr   10064.0hr   10064.0hr   10064.0hr   10064.0hr   10064.0hr   10064.0hr   10064.1hr   10064.1hr   10064.1hr   10064.1hr   10064.1hr   10064.2hr   10064.3hr   10064.3hr   10064.3hr   10064.4hr   10065.8hr   10066.0hr   10066.1hr   10066.1hr   10066.2hr   10066.2hr   10066.3hr   10066.3hr   10066.3hr   10066.4hr   10066.5hr   10066.5hr   10066.5hr   10066.5hr   10067.9hr   10067.9hr   10068.4hr   10068.4hr   10068.6hr   10068.7hr   10068.7hr   10068.7hr   10069.0hr   10069.0hr   10069.1hr   10069.1hr   10071.0hr   10071.0hr   10071.6hr   10071.7hr   10071.7hr   10071.7hr   10072.1hr   10072.1hr   10072.2hr   10072.2hr   10085.9hr   10086.0hr   10086.1hr   10086.1hr   10086.4hr   10086.5hr   10086.6hr   10086.6hr   10086.6hr   10086.6hr   10086.7hr   10086.7hr   10086.7hr   10086.8hr   10086.9hr   10086.9hr   10086.9hr   10086.9hr   10086.9hr   10086.9hr   10086.9hr   10087.0hr   10087.3hr   10087.5hr   10087.6hr   10087.6hr   10087.6hr   10087.6hr   10096.6hr   10096.7hr   10109.6hr   10109.6hr   10109.7hr   10109.7hr   10109.8hr   10110.1hr   10110.1hr   10110.4hr   10110.4hr   10110.8hr   10110.9hr   10110.9hr   10111.0hr   10111.2hr   10111.3hr   10111.3hr   10111.3hr   10112.2hr   10112.3hr   10112.3hr   10112.4hr   10114.0hr   10114.1hr   10114.1hr   10114.1hr   10114.1hr   10114.2hr   10120.1hr   10120.1hr   10120.4hr   10120.6hr   10120.7hr   10120.7hr   10120.8hr   10120.8hr   10120.8hr   10120.9hr   10133.0hr   10133.0hr   10133.1hr   10133.4hr   10133.4hr   10133.4hr   10133.4hr   10134.6hr   10135.3hr   10135.6hr   10135.6hr   10135.6hr   10135.6hr   10135.7hr   10135.9hr   10136.0hr   10136.1hr   10136.2hr   10136.2hr   10136.3hr   10136.3hr   10136.3hr   10137.6hr   10137.6hr   10137.9hr   10138.0hr   10138.0hr   10138.1hr   10138.1hr   10138.1hr   10158.8hr   10158.8hr   10159.8hr  
 1.191E+01 - 8.090E+00    9.6554E-04  9.6554E-04  7.4918E-02  4.8930E-02  1.9083E-01  2.3671E+00  9.1943E-01  2.1901E+00  7.6191E-01  2.2350E+00  1.0921E-01  7.2758E+00  1.8196E+01  4.9389E+00  1.6369E-01  3.5135E+00  1.1017E-01  4.8828E+00  3.5819E-01  4.3736E+00  2.9354E-01  4.8385E+00  1.3535E+01  4.4515E+00  2.8386E-01  5.2112E+00  2.2239E+01  4.6933E+00  9.8886E-02  6.8378E-02  2.8943E+00  1.0360E+01  2.4483E+00  2.0094E-01  2.9431E+00  7.2027E+00  2.1742E+00  9.6257E+00  2.6455E+00  1.1798E+01  2.1209E+00  2.4764E-01  1.5327E+00  2.4175E-01  3.2217E+00  2.3061E+01  2.4493E+00  2.7937E-01  7.1558E-02  8.7996E-02  2.2165E+00  7.2048E-01  2.3614E+00  5.6537E-01  2.8815E+00  1.1031E+01  2.3998E+00  3.0527E-01  5.7397E+00  1.0143E+01  3.6244E+00  1.3740E+00  8.2968E+00  2.0588E+01  2.7694E+00  1.7652E-01  1.1281E-01  4.8644E+00  4.1479E+01  4.3693E+00  7.9963E-02  1.5836E-01  5.6865E+00  1.5290E+01  6.1876E+00  4.9717E-01  4.8928E+00  1.7245E+01  5.6337E+00  1.8456E+01  4.7564E+00  2.1335E+01  4.4029E+00  5.5115E-01  6.3317E+00  1.4458E+01  8.1064E+00  1.5462E+01  7.9759E+00  3.1252E+01  4.8746E+00  2.1599E-01  1.2769E-01  1.0054E-01  8.6065E-02  1.6494E-01  3.5245E+00  7.0681E+00  3.7208E+00  4.0009E-01  3.5524E+00  1.1441E+01  4.6586E+00  1.0078E+01  4.0971E+00  9.8178E+00  4.4691E+00  1.0372E+01  4.7572E+00  1.1212E+01  2.7048E+00  3.9287E-01  3.9261E+00  1.8643E+01  3.1164E+00  1.4930E-01  7.7737E-02  1.6994E-01  5.5019E+00  4.9897E-01  3.9329E+00  1.3147E+00  5.2402E+00  1.7332E+01  4.2495E+00  4.2060E-01  5.6914E+00  2.4690E+01  5.0026E+00  2.5075E-01  7.5247E-02  2.6582E-02  1.2140E-01  1.4353E+00  2.1679E-01  5.2212E+00  1.4468E+01  5.3240E+00  2.1259E-01  5.2296E+00  4.5301E+01  4.2871E+00  1.0166E-01  1.4520E+00  1.3964E-01  5.2427E+00  1.4218E+01  5.1975E+00  1.7878E-01  5.2163E+00  3.6338E+01  2.4346E+00  7.8806E-02  1.2187E-01  3.9836E+00  5.5768E-01  4.0699E+00  7.1085E-01  5.3454E+00  7.9637E+00  3.9915E+00  7.9514E+00  4.4309E+00  1.0899E+01  2.7931E+00  9.0592E-01  5.3062E+00  1.0948E+01  5.1858E+00  1.0132E+01  5.7770E+00  1.7288E+01  3.2845E+00  1.3556E-01  9.0454E-02  1.9780E-01  5.6726E+00  2.5532E+01  4.9909E+00  2.5708E-01  8.9126E-02  9.6881E+00  9.8381E-02  6.3754E+00  1.1549E+01  6.3919E+00  2.0456E+00  4.0391E-01  1.1978E-03  1.0625E-01  2.4098E+00  8.7162E-02  1.3061E+00  8.1751E+00  2.2643E+00  8.3632E-02  9.4059E-01  8.5225E+00  2.5248E+00  7.8478E-02  8.5542E-01  6.0985E+00  2.3716E+00  7.7772E-02  2.3755E-01  5.2172E+00  1.6383E+01  1.4892E+01  3.2735E+00  7.6665E-02  4.2931E-02  3.6087E-01  7.0203E+00  4.9916E-01  5.4922E-01  3.6049E+00  2.9662E+01  3.1980E+00  1.2583E-01  7.8322E-02  1.1138E-01  7.9778E-02  5.6818E-01  1.3924E+01  5.2034E+01  5.0549E+00  1.0952E-01  7.6479E-02  1.0406E-01  3.2541E+00  3.2253E+01  2.7707E+00  1.1867E-01  6.7844E-02  6.6156E-02  8.4810E-02  2.7974E-01  5.7678E+00  5.4611E+01  4.9304E+00  3.2975E-01  7.9862E-02  5.9398E-02  7.9358E-02  1.3591E-01  2.8968E+00  2.2497E+01  2.4412E+00  2.9902E-01  7.4055E-02  4.8588E-02  8.4062E-02
 8.090E+00 - 7.910E+00    2.1607E-04  2.1607E-04  6.6028E-02  4.2933E-02  1.6918E-01  2.1059E+00  8.1774E-01  1.9481E+00  6.7742E-01  1.9876E+00  9.6543E-02  6.4743E+00  1.6191E+01  4.3946E+00  1.4503E-01  3.1261E+00  9.7397E-02  4.3446E+00  3.1812E-01  3.8916E+00  2.6059E-01  4.3052E+00  1.1759E+01  3.9730E+00  2.5197E-01  4.6367E+00  1.9776E+01  4.2399E+00  8.7358E-02  6.0208E-02  2.5730E+00  9.1768E+00  2.1839E+00  1.7818E-01  2.6165E+00  6.2197E+00  1.9342E+00  8.5052E+00  2.3537E+00  1.0464E+01  1.9013E+00  2.1974E-01  1.3633E+00  2.1450E-01  2.8664E+00  2.0521E+01  2.2939E+00  2.5668E-01  6.3038E-02  7.7667E-02  1.9719E+00  6.4484E-01  2.1008E+00  5.0265E-01  2.5636E+00  9.7992E+00  2.1444E+00  2.7103E-01  5.1071E+00  9.0122E+00  3.2253E+00  1.2222E+00  7.3744E+00  1.8320E+01  2.5017E+00  1.5683E-01  9.9746E-02  4.3283E+00  3.6912E+01  3.8916E+00  7.0518E-02  1.4029E-01  5.0586E+00  1.3348E+01  5.5061E+00  4.4181E-01  4.3536E+00  1.5178E+01  5.0130E+00  1.6320E+01  4.2322E+00  1.8933E+01  3.9380E+00  4.8984E-01  5.6341E+00  1.2600E+01  7.2138E+00  1.3627E+01  7.0976E+00  2.7798E+01  4.3974E+00  1.9159E-01  1.1311E-01  8.8879E-02  7.5948E-02  1.4615E-01  3.1349E+00  6.0600E+00  3.3106E+00  3.5542E-01  3.1597E+00  1.0126E+01  4.1463E+00  8.8372E+00  3.6458E+00  8.5977E+00  3.9773E+00  9.1332E+00  4.2341E+00  9.9041E+00  2.4292E+00  3.4899E-01  3.4933E+00  1.6579E+01  2.8231E+00  1.3226E-01  6.8537E-02  1.5060E-01  4.8956E+00  4.4341E-01  3.4992E+00  1.1758E+00  4.6627E+00  1.5298E+01  3.8069E+00  3.7367E-01  5.0635E+00  2.1950E+01  4.5217E+00  2.2285E-01  6.6321E-02  2.3073E-02  1.0739E-01  1.2603E+00  1.9228E-01  4.6456E+00  1.2707E+01  4.7383E+00  1.8854E-01  4.6530E+00  4.0314E+01  3.8182E+00  8.9827E-02  1.2775E+00  1.2362E-01  4.6647E+00  1.2455E+01  4.6259E+00  1.5845E-01  4.6412E+00  3.2338E+01  2.1711E+00  6.9488E-02  1.0781E-01  3.5445E+00  4.9567E-01  3.6213E+00  6.3197E-01  4.7564E+00  6.9177E+00  3.5515E+00  6.8425E+00  3.9425E+00  9.6688E+00  2.4991E+00  8.0557E-01  4.7214E+00  9.6926E+00  4.6155E+00  8.9269E+00  5.1408E+00  1.5355E+01  2.9698E+00  1.2003E-01  7.9854E-02  1.7539E-01  5.0468E+00  2.2702E+01  4.5106E+00  2.2859E-01  7.8672E-02  8.6211E+00  8.6909E-02  5.6653E+00  1.0277E+01  5.6940E+00  1.8198E+00  3.5881E-01  9.1936E-04  9.3913E-02  2.1435E+00  7.6924E-02  1.1617E+00  7.2727E+00  2.0188E+00  7.3783E-02  8.3641E-01  7.5823E+00  2.2478E+00  6.9196E-02  7.6062E-01  5.4259E+00  2.1127E+00  6.8568E-02  2.1076E-01  4.6361E+00  1.4409E+01  1.3235E+01  2.9193E+00  6.7583E-02  3.7603E-02  3.2050E-01  6.2469E+00  4.4358E-01  4.8813E-01  3.2075E+00  2.6396E+01  2.9106E+00  1.1136E-01  6.9058E-02  9.8471E-02  7.0353E-02  5.0500E-01  1.2389E+01  4.6304E+01  4.6134E+00  9.6819E-02  6.7417E-02  9.1964E-02  2.8902E+00  2.8692E+01  2.5182E+00  1.0498E-01  5.9733E-02  5.8230E-02  7.4831E-02  2.4831E-01  5.1310E+00  4.8595E+01  4.4666E+00  2.9480E-01  7.0428E-02  5.2219E-02  6.9980E-02  1.2031E-01  2.5771E+00  2.0018E+01  2.2692E+00  2.7491E-01  6.5261E-02  4.2599E-02  7.4165E-02
 7.910E+00 - 4.090E+00    7.8941E-02  7.8941E-02  4.2251E+03  3.2259E+03  1.0840E+04  1.1426E+05  5.9685E+04  1.1025E+05  5.0731E+04  1.0856E+05  6.1921E+03  4.1194E+05  8.9086E+05  3.0145E+05  9.3692E+03  2.0060E+05  6.2491E+03  2.4909E+05  2.8934E+04  2.2377E+05  2.0225E+04  2.7255E+05  5.0284E+05  2.7508E+05  2.3471E+04  2.4413E+05  9.3666E+05  3.9191E+05  6.5748E+03  3.9504E+03  1.1670E+05  3.7675E+05  1.4451E+05  1.7761E+04  1.2541E+05  2.3296E+05  1.1917E+05  3.6152E+05  1.5289E+05  4.7170E+05  1.7212E+05  2.8769E+04  8.0365E+04  1.6409E+04  1.8041E+05  1.1052E+06  4.4344E+05  2.3501E+05  4.1127E+03  5.0390E+03  1.0714E+05  5.7371E+04  1.2301E+05  4.8179E+04  1.5788E+05  4.5997E+05  1.8255E+05  3.4289E+04  2.7837E+05  4.4524E+05  2.2344E+05  9.7291E+04  3.5859E+05  9.6021E+05  3.5529E+05  1.2033E+05  6.4461E+03  2.7085E+05  2.3086E+06  6.8941E+05  4.5182E+03  8.9878E+03  2.4495E+05  5.1548E+05  3.1894E+05  4.5602E+04  2.5670E+05  6.3679E+05  3.1709E+05  7.3327E+05  2.8612E+05  8.7076E+05  3.3966E+05  5.6804E+04  3.3480E+05  5.5129E+05  4.2923E+05  6.4836E+05  4.4802E+05  1.3955E+06  5.2772E+05  7.2471E+04  5.4284E+04  4.1941E+04  5.0863E+03  9.2925E+03  1.5064E+05  2.3285E+05  1.8750E+05  3.9012E+04  1.6482E+05  4.3109E+05  2.4892E+05  4.0174E+05  2.3634E+05  3.9629E+05  2.5680E+05  4.3236E+05  2.7666E+05  4.7736E+05  2.2377E+05  4.7340E+04  2.1505E+05  8.0139E+05  3.1022E+05  6.2570E+04  4.4770E+03  9.6856E+03  2.7334E+05  4.4781E+04  1.9572E+05  1.0710E+05  2.9194E+05  6.7465E+05  2.9791E+05  4.3779E+04  2.6588E+05  1.0193E+06  4.1353E+05  1.0406E+05  4.3379E+03  2.4663E+03  6.9537E+03  4.7618E+04  1.2392E+04  2.4068E+05  5.1800E+05  2.8427E+05  1.3072E+04  2.4090E+05  2.2666E+06  5.8154E+05  5.8531E+03  4.8521E+04  8.0031E+03  2.4046E+05  5.0135E+05  2.7613E+05  1.0439E+04  2.3950E+05  1.7624E+06  4.1778E+05  4.4524E+03  6.7969E+03  1.9750E+05  4.8639E+04  2.3093E+05  5.2928E+04  2.8409E+05  3.4433E+05  2.3109E+05  3.2271E+05  2.5170E+05  4.7378E+05  2.1904E+05  7.8225E+04  2.8441E+05  4.6815E+05  2.9917E+05  4.4383E+05  3.2798E+05  7.4355E+05  3.0933E+05  6.2621E+04  5.6454E+03  1.1308E+04  2.5005E+05  1.0487E+06  4.1382E+05  1.0714E+05  5.0476E+03  5.3946E+05  5.5681E+03  2.4690E+05  5.6948E+05  3.9433E+05  1.4040E+05  2.3761E+04  8.1285E+03  6.0992E+03  1.0616E+05  5.0003E+03  6.6342E+04  3.5943E+05  1.5980E+05  5.6306E+03  4.8243E+04  3.7660E+05  1.6768E+05  4.4703E+03  4.3582E+04  2.7644E+05  1.5130E+05  4.4153E+03  1.2994E+04  2.0457E+05  5.5321E+05  5.4627E+05  1.9670E+05  4.3328E+03  3.0358E+03  2.0500E+04  3.8088E+05  4.7328E+04  3.8209E+04  1.8318E+05  1.4672E+06  5.5252E+05  8.6234E+04  4.4239E+03  5.8881E+03  4.5328E+03  3.2041E+04  6.1664E+05  2.4336E+06  8.4397E+05  6.2714E+03  4.3625E+03  5.9205E+03  1.2449E+05  1.3589E+06  3.8661E+05  5.2844E+04  8.2950E+03  4.6311E+03  5.0186E+03  1.5271E+04  2.4978E+05  2.4888E+06  7.7921E+05  3.1606E+05  4.6024E+03  3.6942E+03  4.5579E+03  7.6739E+03  1.3103E+05  1.0170E+06  3.7792E+05  1.9889E+05  4.1767E+03  3.0485E+03  4.7473E+03
 4.090E+00 - 3.910E+00    1.7011E-02  1.7011E-02  9.1165E+02  7.2327E+02  2.3311E+03  2.3895E+04  1.2624E+04  2.2340E+04  1.0201E+04  2.1597E+04  1.4122E+03  8.3713E+04  1.8172E+05  6.0893E+04  2.7181E+03  4.3283E+04  1.3474E+03  5.1879E+04  5.4301E+03  4.6623E+04  4.4120E+03  5.5802E+04  8.8559E+04  5.9118E+04  5.5359E+03  5.1471E+04  1.8612E+05  1.0162E+05  2.8188E+03  1.7218E+03  2.3588E+04  6.7855E+04  3.4091E+04  3.9438E+03  2.4951E+04  4.0642E+04  2.5248E+04  6.3832E+04  3.1936E+04  8.6459E+04  4.1377E+04  5.7963E+03  1.6985E+04  4.2447E+03  3.7554E+04  2.2977E+05  1.2250E+05  5.7002E+04  1.2632E+03  1.3123E+03  2.2602E+04  1.3950E+04  2.5493E+04  9.9941E+03  3.2539E+04  8.7392E+04  4.2508E+04  6.3779E+03  5.7766E+04  8.7707E+04  4.7176E+04  1.9386E+04  6.8764E+04  1.9815E+05  9.1996E+04  2.3832E+04  1.4625E+03  5.5144E+04  4.6943E+05  1.3633E+05  9.7443E+02  1.8984E+03  4.9607E+04  8.9367E+04  6.6869E+04  8.2442E+03  5.3185E+04  1.1096E+05  6.5525E+04  1.3156E+05  5.7857E+04  1.5965E+05  7.8279E+04  1.0975E+04  7.0382E+04  1.0123E+05  8.9833E+04  1.2234E+05  9.3438E+04  2.7896E+05  1.3420E+05  1.2870E+04  1.0111E+04  8.3937E+03  2.9018E+03  3.5033E+03  3.1809E+04  4.4141E+04  4.0599E+04  8.6522E+03  3.3802E+04  7.7862E+04  5.3819E+04  7.5693E+04  5.0127E+04  7.3009E+04  5.4043E+04  7.9977E+04  5.8295E+04  8.8832E+04  5.2306E+04  9.5972E+03  4.5668E+04  1.5891E+05  8.1460E+04  1.2302E+04  1.4014E+03  2.3406E+03  5.7343E+04  8.4822E+03  4.0328E+04  2.4971E+04  5.9892E+04  1.1945E+05  6.7979E+04  8.5604E+03  5.4526E+04  1.9900E+05  1.0689E+05  2.1806E+04  1.3212E+03  9.6002E+02  1.6790E+03  7.9017E+03  2.7357E+03  5.0007E+04  9.1582E+04  6.0345E+04  3.1507E+03  5.0315E+04  4.7267E+05  1.2100E+05  1.6199E+03  8.2569E+03  1.8737E+03  4.9987E+04  8.8500E+04  5.8757E+04  2.6095E+03  4.9998E+04  3.6761E+05  9.1533E+04  9.6022E+02  1.4396E+03  4.1237E+04  9.3944E+03  4.7110E+04  1.0729E+04  5.9506E+04  6.8410E+04  4.7693E+04  6.0961E+04  5.2021E+04  8.9475E+04  5.0594E+04  1.5880E+04  5.9958E+04  8.9081E+04  6.3819E+04  8.4784E+04  6.8770E+04  1.4230E+05  7.7142E+04  1.2190E+04  3.0733E+03  3.8086E+03  5.2476E+04  2.0651E+05  1.0870E+05  2.3083E+04  1.0885E+03  1.0960E+05  1.2012E+03  4.6703E+04  1.1878E+05  8.5760E+04  2.6964E+04  5.6368E+03  2.6878E+03  1.8642E+03  2.2233E+04  1.4555E+03  1.4208E+04  7.3040E+04  3.6886E+04  1.6793E+03  1.0568E+04  7.7110E+04  3.7134E+04  1.2632E+03  9.3885E+03  5.6978E+04  3.3922E+04  1.0268E+03  2.7791E+03  3.8892E+04  9.3435E+04  9.6550E+04  4.5223E+04  9.3470E+02  6.9015E+02  4.2301E+03  7.8089E+04  8.7036E+03  7.9401E+03  3.8630E+04  3.0627E+05  1.4357E+05  1.3470E+04  9.5419E+02  1.2548E+03  9.7462E+02  6.5535E+03  1.2604E+05  5.0403E+05  2.2620E+05  2.0457E+03  1.2272E+03  1.4629E+03  2.3399E+04  2.7271E+05  1.0697E+05  8.0984E+03  2.3513E+03  1.8281E+03  1.8457E+03  3.8671E+03  5.1239E+04  5.1481E+05  2.0709E+05  6.4950E+04  1.6141E+03  1.4012E+03  1.4322E+03  1.9900E+03  2.7365E+04  2.0969E+05  1.0657E+05  5.0427E+04  9.0112E+02  6.6950E+02  1.0208E+03
 3.910E+00 - 2.090E+00    6.1589E-01  2.6228E+00  3.8081E+04  3.1332E+04  9.3509E+04  8.0061E+05  4.1863E+05  7.6683E+05  3.6422E+05  7.6497E+05  6.5386E+04  2.8877E+06  6.1976E+06  2.2636E+06  1.6899E+05  1.7760E+06  5.9901E+04  1.7071E+06  2.3596E+05  1.5754E+06  2.1835E+05  1.9442E+06  3.4195E+06  1.9964E+06  3.2847E+05  1.8414E+06  6.5368E+06  3.0034E+06  2.2299E+05  1.3584E+05  9.0074E+05  2.6022E+06  1.1144E+06  2.2301E+05  9.5863E+05  1.6658E+06  9.1250E+05  2.4750E+06  1.1386E+06  3.2384E+06  1.3234E+06  3.2783E+05  6.9478E+05  2.5825E+05  1.3577E+06  7.6987E+06  3.3820E+06  1.6943E+06  1.0888E+05  1.0153E+05  7.9739E+05  4.6473E+05  8.9759E+05  3.8381E+05  1.1473E+06  3.1697E+06  1.3542E+06  3.3512E+05  2.0257E+06  3.1288E+06  1.6273E+06  7.9051E+05  2.5664E+06  6.7276E+06  2.6758E+06  9.1274E+05  9.4199E+04  1.8913E+06  1.5818E+07  4.8347E+06  4.2738E+04  7.5877E+04  1.6930E+06  3.4185E+06  2.1809E+06  3.3551E+05  1.8002E+06  4.2233E+06  2.2052E+06  4.8890E+06  2.0143E+06  5.8901E+06  2.4784E+06  5.5718E+05  2.4717E+06  3.8567E+06  3.1122E+06  4.5030E+06  3.2302E+06  9.6951E+06  3.9691E+06  7.5288E+05  6.5946E+05  5.9676E+05  2.4025E+05  2.4202E+05  1.2047E+06  1.7894E+06  1.4423E+06  4.1359E+05  1.2831E+06  3.0137E+06  1.8646E+06  2.8308E+06  1.7582E+06  2.7728E+06  1.9031E+06  3.0180E+06  2.0473E+06  3.3285E+06  1.7367E+06  5.2582E+05  1.6874E+06  5.6709E+06  2.4776E+06  6.3110E+05  1.2466E+05  1.4921E+05  1.9421E+06  3.8216E+05  1.4368E+06  8.4696E+05  2.1007E+06  4.5560E+06  2.2159E+06  4.7842E+05  2.0173E+06  7.1145E+06  3.2081E+06  8.4887E+05  1.1768E+05  1.0420E+05  1.1759E+05  3.7710E+05  1.4981E+05  1.7143E+06  3.4763E+06  1.9973E+06  1.9318E+05  1.7526E+06  1.5507E+07  3.8405E+06  1.3335E+05  4.0652E+05  1.2750E+05  1.7202E+06  3.3769E+06  1.9504E+06  1.7009E+05  1.7378E+06  1.2116E+07  2.7865E+06  4.2363E+04  5.8164E+04  1.3568E+06  3.3049E+05  1.6462E+06  4.8318E+05  2.0620E+06  2.4899E+06  1.6977E+06  2.3303E+06  1.8686E+06  3.3262E+06  1.6967E+06  7.1683E+05  2.1454E+06  3.3268E+06  2.2448E+06  3.1591E+06  2.4368E+06  5.2001E+06  2.4303E+06  6.4190E+05  2.5674E+05  2.4826E+05  1.8802E+06  7.2854E+06  3.1732E+06  8.1752E+05  4.9961E+04  3.6883E+06  5.1561E+04  1.6819E+06  3.8914E+06  2.6910E+06  9.8701E+05  2.6950E+05  1.6205E+05  1.1396E+05  7.9777E+05  8.9294E+04  5.0293E+05  2.5066E+06  1.1473E+06  1.1663E+05  4.0123E+05  2.6484E+06  1.2010E+06  8.2691E+04  3.4603E+05  1.9407E+06  1.0820E+06  6.1110E+04  1.1788E+05  1.4120E+06  3.6489E+06  3.6293E+06  1.4003E+06  4.2729E+04  3.3951E+04  1.5747E+05  2.5955E+06  4.0017E+05  3.6620E+05  1.3600E+06  1.0103E+07  3.9824E+06  7.4034E+05  4.1872E+04  5.1904E+04  4.2627E+04  2.3232E+05  4.2438E+06  1.6658E+07  6.0353E+06  1.3713E+05  8.7899E+04  9.1480E+04  8.8825E+05  9.3480E+06  2.8609E+06  4.1117E+05  2.0072E+05  1.6167E+05  1.4882E+05  2.0549E+05  1.8095E+06  1.7147E+07  5.5954E+06  2.0365E+06  1.3567E+05  1.2710E+05  1.1988E+05  1.3393E+05  9.7866E+05  7.0449E+06  2.8684E+06  1.4015E+06  3.8584E+04  3.0843E+04  4.2975E+04
 2.090E+00 - 1.910E+00    1.5152E-01  8.2534E+01  9.1689E+03  7.6999E+03  2.2584E+04  1.7832E+05  9.5127E+04  1.7229E+05  8.5805E+04  1.7425E+05  1.5289E+04  6.6868E+05  1.4010E+06  5.5750E+05  3.7473E+04  4.2421E+05  1.5234E+04  3.7905E+05  6.3041E+04  3.5878E+05  6.3549E+04  4.5350E+05  7.6903E+05  4.6868E+05  1.0252E+05  4.3295E+05  1.4576E+06  7.0381E+05  6.9724E+04  3.4152E+04  2.0084E+05  5.6739E+05  2.5156E+05  5.5900E+04  2.1662E+05  3.6780E+05  2.0843E+05  5.4353E+05  2.6090E+05  7.1406E+05  3.0803E+05  8.9477E+04  1.7008E+05  7.1236E+04  3.1550E+05  1.7137E+06  7.8904E+05  4.0421E+05  2.3014E+04  2.1793E+04  1.7517E+05  1.0360E+05  1.9891E+05  8.7677E+04  2.6020E+05  6.9944E+05  3.1189E+05  8.9710E+04  4.6235E+05  7.0120E+05  3.7727E+05  1.9790E+05  5.8515E+05  1.5053E+06  6.3094E+05  2.3489E+05  2.1447E+04  4.2826E+05  3.5907E+06  1.2116E+06  1.1208E+04  1.9202E+04  3.7406E+05  7.4342E+05  4.8414E+05  8.6636E+04  4.1176E+05  9.3025E+05  5.0516E+05  1.0811E+06  4.7279E+05  1.3109E+06  5.8669E+05  1.6553E+05  5.8504E+05  8.8103E+05  7.2691E+05  1.0244E+06  7.5605E+05  2.1724E+06  9.4407E+05  2.3204E+05  2.1202E+05  1.9766E+05  6.7650E+04  6.2354E+04  2.7245E+05  3.9416E+05  3.2503E+05  1.0030E+05  2.9149E+05  6.6364E+05  4.2191E+05  6.2821E+05  4.0000E+05  6.1695E+05  4.3468E+05  6.7324E+05  4.6960E+05  7.4397E+05  4.0712E+05  1.4246E+05  3.9800E+05  1.2680E+06  5.8626E+05  1.7177E+05  2.6025E+04  3.2050E+04  4.2764E+05  9.0639E+04  3.2467E+05  1.9777E+05  4.8156E+05  1.0078E+06  5.1476E+05  1.3511E+05  4.7266E+05  1.5835E+06  7.5185E+05  2.1950E+05  2.5074E+04  2.2131E+04  2.5679E+04  8.1191E+04  3.3772E+04  3.7811E+05  7.5507E+05  4.4278E+05  5.2053E+04  3.9429E+05  3.4304E+06  8.8861E+05  2.8166E+04  8.6642E+04  2.8275E+04  3.7873E+05  7.3312E+05  4.3168E+05  4.3963E+04  3.8823E+05  2.6764E+06  6.4043E+05  1.1144E+04  1.4675E+04  3.0110E+05  7.8388E+04  3.8711E+05  1.3553E+05  4.8223E+05  5.7123E+05  4.0506E+05  5.3824E+05  4.4774E+05  7.6189E+05  4.1562E+05  1.9825E+05  5.1172E+05  7.6489E+05  5.3492E+05  7.3008E+05  5.7821E+05  1.1764E+06  5.8858E+05  1.8915E+05  7.7097E+04  6.4561E+04  4.2192E+05  1.6010E+06  7.2477E+05  1.9367E+05  1.2748E+04  8.3644E+05  1.3088E+04  3.6795E+05  8.5991E+05  6.0110E+05  2.3829E+05  7.7324E+04  5.3248E+04  3.1593E+04  1.8119E+05  2.2429E+04  1.1324E+05  5.5296E+05  2.5883E+05  3.3579E+04  9.5019E+04  5.8814E+05  2.7307E+05  1.9501E+04  7.7396E+04  4.2811E+05  2.4218E+05  1.4188E+04  2.6863E+04  3.0860E+05  7.8864E+05  7.8652E+05  3.1304E+05  1.0815E+04  8.9051E+03  3.7850E+04  5.8230E+05  1.1196E+05  1.0430E+05  3.2154E+05  2.2490E+06  9.2917E+05  2.2183E+05  1.0685E+04  1.2891E+04  1.0882E+04  5.4432E+04  9.3610E+05  3.6720E+06  1.3827E+06  3.1435E+04  1.8855E+04  1.9970E+04  1.9305E+05  2.0492E+06  6.5246E+05  1.1001E+05  6.4670E+04  5.0197E+04  4.3232E+04  5.2818E+04  4.0420E+05  3.7788E+06  1.2798E+06  4.7729E+05  2.8955E+04  2.6971E+04  2.5082E+04  2.8318E+04  2.1412E+05  1.5485E+06  6.5403E+05  3.1861E+05  9.8845E+03  8.1825E+03  1.0943E+04
 1.910E+00 - 1.090E+00    1.6695E+00  2.3488E+03  1.0463E+05  8.9038E+04  2.4876E+05  1.9246E+06  1.0536E+06  1.8647E+06  9.3564E+05  1.8650E+06  1.8129E+05  7.1610E+06  1.4948E+07  5.8127E+06  4.8867E+05  4.6834E+06  2.0298E+05  4.1467E+06  6.8440E+05  3.8714E+06  6.5523E+05  4.8791E+06  8.1732E+06  5.0342E+06  1.0075E+06  4.5568E+06  1.5478E+07  7.5510E+06  7.2527E+05  4.4676E+05  2.2185E+06  6.1111E+06  2.8017E+06  6.7814E+05  2.3792E+06  3.9594E+06  2.3307E+06  5.8763E+06  2.9032E+06  7.7052E+06  3.4055E+06  9.8996E+05  1.8375E+06  7.8687E+05  3.4545E+06  1.8453E+07  8.7174E+06  4.6750E+06  3.5383E+05  3.2773E+05  1.9781E+06  1.2262E+06  2.2429E+06  1.0544E+06  2.8826E+06  7.5415E+06  3.4545E+06  9.9325E+05  4.9699E+06  7.5246E+06  4.1342E+06  2.1400E+06  6.2328E+06  1.6112E+07  6.9280E+06  2.6569E+06  3.0623E+05  4.7006E+06  3.8814E+07  1.3242E+07  1.4888E+05  2.3140E+05  4.0111E+06  7.8847E+06  5.2747E+06  9.3979E+05  4.4261E+06  9.8948E+06  5.4630E+06  1.1554E+07  5.0841E+06  1.3960E+07  6.2929E+06  1.6320E+06  6.1739E+06  9.2693E+06  7.7216E+06  1.0855E+07  8.0748E+06  2.3118E+07  1.0184E+07  2.3032E+06  2.0513E+06  1.8765E+06  7.6976E+05  7.4984E+05  2.9912E+06  4.2860E+06  3.6056E+06  1.1980E+06  3.2118E+06  7.1575E+06  4.6482E+06  6.8148E+06  4.4415E+06  6.7126E+06  4.8022E+06  7.3104E+06  5.1679E+06  8.0628E+06  4.4995E+06  1.5561E+06  4.3085E+06  1.3550E+07  6.3660E+06  1.9013E+06  3.9539E+05  4.4965E+05  4.7222E+06  1.0757E+06  3.5534E+06  2.2175E+06  5.2516E+06  1.0808E+07  5.5986E+06  1.4145E+06  5.0012E+06  1.6825E+07  8.0684E+06  2.4623E+06  3.8262E+05  3.5087E+05  3.7278E+05  9.5813E+05  4.5053E+05  4.1378E+06  8.1097E+06  4.8928E+06  5.9451E+05  4.2645E+06  3.7157E+07  1.0195E+07  4.3160E+05  1.0490E+06  4.0730E+05  4.1598E+06  7.8856E+06  4.7863E+06  5.3703E+05  4.2277E+06  2.8928E+07  7.4464E+06  1.4924E+05  1.8732E+05  3.2821E+06  8.9818E+05  4.1389E+06  1.3668E+06  5.1344E+06  6.0811E+06  4.3162E+06  5.7195E+06  4.7483E+06  8.0777E+06  4.4100E+06  2.0326E+06  5.4110E+06  8.0948E+06  5.6932E+06  7.7469E+06  6.1649E+06  1.2511E+07  6.2858E+06  1.9582E+06  8.2671E+05  7.6316E+05  4.5821E+06  1.7140E+07  7.9206E+06  2.3328E+06  1.7032E+05  9.0710E+06  1.6352E+05  3.9293E+06  9.3118E+06  6.6095E+06  2.5631E+06  7.7670E+05  5.2580E+05  3.5929E+05  1.9585E+06  2.8339E+05  1.2692E+06  5.9550E+06  2.8870E+06  3.7225E+05  1.0459E+06  6.3078E+06  3.0327E+06  2.6294E+05  8.9047E+05  4.6378E+06  2.7046E+06  1.9680E+05  3.3351E+05  3.3231E+06  8.3834E+06  8.3932E+06  3.4344E+06  1.4251E+05  1.2221E+05  4.2820E+05  6.3405E+06  1.1429E+06  1.0385E+06  3.3896E+06  2.4222E+07  1.0310E+07  2.2528E+06  1.3918E+05  1.6270E+05  1.4100E+05  6.0806E+05  1.0015E+07  3.9460E+07  1.5387E+07  4.2502E+05  2.7782E+05  2.8247E+05  2.1186E+06  2.1883E+07  7.2389E+06  1.2333E+06  6.4451E+05  5.2349E+05  4.7620E+05  6.0135E+05  4.3485E+06  4.0524E+07  1.4315E+07  5.6905E+06  4.2822E+05  4.0626E+05  3.7920E+05  4.0905E+05  2.3939E+06  1.6679E+07  7.2751E+06  3.7883E+06  1.2659E+05  1.0839E+05  1.3722E+05
 1.090E+00 - 9.100E-01    7.3897E-01  8.9679E+03  5.5404E+04  4.9991E+04  1.2112E+05  6.8546E+05  4.0631E+05  6.9755E+05  4.0212E+05  7.2524E+05  9.4603E+04  2.8155E+06  5.4900E+06  2.6030E+06  2.7072E+05  2.1403E+06  1.0511E+05  1.4539E+06  3.6744E+05  1.4381E+06  3.8409E+05  1.9547E+06  3.1462E+06  2.0014E+06  6.5271E+05  1.8225E+06  5.5786E+06  2.6766E+06  4.9762E+05  2.7969E+05  8.8585E+05  2.2642E+06  1.0345E+06  3.9230E+05  9.7341E+05  1.5377E+06  9.5263E+05  2.2302E+06  1.1813E+06  2.8965E+06  1.3172E+06  5.9628E+05  8.6454E+05  4.7427E+05  1.4270E+06  6.4952E+06  3.0179E+06  1.8889E+06  1.8925E+05  1.6810E+05  7.2304E+05  4.5999E+05  8.3969E+05  4.5834E+05  1.1168E+06  2.7605E+06  1.2821E+06  5.6107E+05  1.8837E+06  2.7857E+06  1.6340E+06  1.0319E+06  2.4536E+06  5.7360E+06  2.5018E+06  1.3585E+06  1.4898E+05  1.7784E+06  1.4522E+07  6.2417E+06  8.0709E+04  1.1571E+05  1.3973E+06  2.7890E+06  1.8310E+06  4.8576E+05  1.6640E+06  3.6420E+06  2.0730E+06  4.2758E+06  2.0689E+06  5.2279E+06  2.4188E+06  9.9938E+05  2.4919E+06  3.6106E+06  3.0373E+06  4.1742E+06  3.2122E+06  8.4074E+06  3.7657E+06  1.5271E+06  1.4183E+06  1.3323E+06  5.1811E+05  4.6762E+05  1.2218E+06  1.6827E+06  1.4187E+06  6.4951E+05  1.3347E+06  2.7398E+06  1.7956E+06  2.5839E+06  1.7716E+06  2.5990E+06  1.9254E+06  2.8390E+06  2.0754E+06  3.1296E+06  1.8339E+06  9.3280E+05  1.8330E+06  5.0253E+06  2.4046E+06  1.1342E+06  2.1031E+05  2.2183E+05  1.6685E+06  5.2730E+05  1.3588E+06  8.8803E+05  2.0546E+06  4.0635E+06  2.1400E+06  8.3985E+05  2.0303E+06  6.1101E+06  2.8851E+06  1.2528E+06  1.9951E+05  1.8765E+05  1.8220E+05  3.9326E+05  2.1049E+05  1.4511E+06  2.8837E+06  1.7178E+06  3.2845E+05  1.5565E+06  1.2763E+07  4.0909E+06  2.1767E+05  4.3985E+05  1.9617E+05  1.4581E+06  2.8020E+06  1.6782E+06  2.8827E+05  1.5255E+06  9.8876E+06  2.8729E+06  8.0060E+04  9.3691E+04  1.1427E+06  3.9642E+05  1.6753E+06  7.6257E+05  2.0255E+06  2.3648E+06  1.8081E+06  2.3120E+06  2.0073E+06  3.1995E+06  1.8604E+06  1.1379E+06  2.2499E+06  3.2180E+06  2.3550E+06  3.1055E+06  2.5531E+06  4.8072E+06  2.5221E+06  1.2348E+06  5.6711E+05  4.6762E+05  1.7490E+06  6.0798E+06  2.6972E+06  1.0984E+06  8.7272E+04  3.3934E+06  8.4197E+04  1.3921E+06  3.1859E+06  2.2867E+06  1.1386E+06  4.4422E+05  3.5269E+05  2.2286E+05  7.5927E+05  1.6658E+05  4.9762E+05  2.0963E+06  1.0268E+06  2.3658E+05  4.5433E+05  2.2382E+06  1.1260E+06  1.4762E+05  3.5822E+05  1.6284E+06  9.6326E+05  1.0058E+05  1.4803E+05  1.1870E+06  2.9958E+06  2.9856E+06  1.1523E+06  7.2954E+04  6.5903E+04  1.8823E+05  2.3013E+06  6.4998E+05  5.8526E+05  1.3571E+06  8.4226E+06  3.5821E+06  1.4629E+06  7.1889E+04  7.9814E+04  7.2823E+04  2.5183E+05  3.4318E+06  1.3386E+07  4.9282E+06  2.4485E+05  1.4784E+05  1.4361E+05  7.8456E+05  7.4898E+06  2.2522E+06  7.2954E+05  4.3957E+05  3.4807E+05  3.0260E+05  3.2581E+05  1.5927E+06  1.3775E+07  4.6240E+06  2.4436E+06  2.3448E+05  2.2421E+05  1.9991E+05  2.0407E+05  8.7179E+05  5.6964E+06  2.3187E+06  1.3378E+06  6.6027E+04  5.9885E+04  7.0601E+04
 9.100E-01 - 8.900E-01    8.2108E-02  2.7907E+02  5.5279E+03  4.7646E+03  1.2884E+04  9.6488E+04  5.4556E+04  9.4797E+04  4.9530E+04  9.5187E+04  9.2956E+03  3.7201E+05  7.5834E+05  3.0833E+05  2.3519E+04  2.4162E+05  9.1252E+03  2.0774E+05  3.6583E+04  1.9541E+05  3.3991E+04  2.5091E+05  4.0243E+05  2.6070E+05  5.3127E+04  2.2809E+05  7.6583E+05  3.8951E+05  3.4527E+04  1.9488E+04  1.0659E+05  2.9362E+05  1.3852E+05  3.3546E+04  1.1691E+05  1.8959E+05  1.1690E+05  2.8529E+05  1.4751E+05  3.7924E+05  1.7579E+05  5.2781E+04  9.3625E+04  3.9626E+04  1.7621E+05  9.2350E+05  4.6181E+05  2.5352E+05  1.7341E+04  1.6539E+04  9.9003E+04  6.3085E+04  1.1381E+05  5.5890E+04  1.4811E+05  3.7536E+05  1.7977E+05  5.5482E+04  2.5189E+05  3.7652E+05  2.1430E+05  1.1486E+05  3.1462E+05  8.0745E+05  3.6537E+05  1.5031E+05  1.5678E+04  2.4212E+05  2.0009E+06  7.4351E+05  6.5559E+03  1.0886E+04  1.9765E+05  3.7708E+05  2.6479E+05  5.1446E+04  2.2506E+05  4.8169E+05  2.8011E+05  5.6944E+05  2.6496E+05  6.9420E+05  3.2958E+05  9.0836E+04  3.1522E+05  4.5774E+05  3.9355E+05  5.3981E+05  4.1427E+05  1.1559E+06  5.3498E+05  1.3128E+05  1.1642E+05  1.0554E+05  3.4306E+04  3.3419E+04  1.4411E+05  2.0360E+05  1.7702E+05  5.9505E+04  1.5852E+05  3.4696E+05  2.3216E+05  3.3256E+05  2.2449E+05  3.2961E+05  2.4381E+05  3.6093E+05  2.6339E+05  3.9975E+05  2.3427E+05  8.3339E+04  2.1930E+05  6.7367E+05  3.3134E+05  1.0438E+05  1.9811E+04  2.3078E+04  2.3738E+05  5.8780E+04  1.8116E+05  1.1691E+05  2.7135E+05  5.3368E+05  2.9324E+05  7.9211E+04  2.5498E+05  8.3528E+05  4.2016E+05  1.3735E+05  1.9141E+04  1.7609E+04  1.9229E+04  4.6719E+04  2.3405E+04  2.0660E+05  3.9213E+05  2.4764E+05  3.1350E+04  2.1332E+05  1.8675E+06  5.5480E+05  2.1757E+04  5.0881E+04  2.1052E+04  2.0746E+05  3.8070E+05  2.4194E+05  2.7688E+04  2.1085E+05  1.4479E+06  4.0324E+05  6.5131E+03  8.4678E+03  1.6362E+05  4.7440E+04  2.1406E+05  7.3596E+04  2.6133E+05  3.0480E+05  2.2265E+05  2.8693E+05  2.4482E+05  4.0485E+05  2.3096E+05  1.0911E+05  2.7574E+05  4.0313E+05  2.9142E+05  3.8702E+05  3.1588E+05  6.2420E+05  3.2996E+05  1.0832E+05  3.8184E+04  3.4612E+04  2.2366E+05  8.4158E+05  4.0426E+05  1.2414E+05  7.7784E+03  4.6655E+05  7.6031E+03  1.9199E+05  4.6616E+05  3.3730E+05  1.3742E+05  3.9514E+04  2.7037E+04  1.6425E+04  9.5523E+04  1.2872E+04  6.2482E+04  2.9437E+05  1.4665E+05  1.8403E+04  5.1922E+04  3.1237E+05  1.5460E+05  1.2304E+04  4.3920E+04  2.2995E+05  1.3718E+05  9.7122E+03  1.6698E+04  1.6311E+05  4.0103E+05  4.0613E+05  1.7349E+05  6.5996E+03  5.6050E+03  2.1473E+04  3.2331E+05  6.3966E+04  5.6110E+04  1.7222E+05  1.2162E+06  5.4716E+05  1.3348E+05  6.3073E+03  7.4730E+03  6.4116E+03  3.0618E+04  4.9639E+05  1.9669E+06  8.1089E+05  1.9051E+04  1.3361E+04  1.3954E+04  1.0364E+05  1.0802E+06  3.7620E+05  7.2766E+04  3.5262E+04  2.6933E+04  2.3690E+04  2.9660E+04  2.1481E+05  2.0134E+06  7.4978E+05  3.1901E+05  2.0413E+04  1.9418E+04  1.8597E+04  2.0437E+04  1.1894E+05  8.2864E+05  3.8228E+05  2.0344E+05  5.6883E+03  4.7872E+03  6.2595E+03
 8.900E-01 - 7.100E-01    7.3993E-01  8.2566E+03  7.8455E+04  7.0305E+04  1.7120E+05  1.0316E+06  6.0495E+05  1.0394E+06  5.7983E+05  1.0633E+06  1.4599E+05  4.0966E+06  8.1234E+06  3.5700E+06  4.5788E+05  3.1914E+06  1.7985E+05  2.2333E+06  5.2367E+05  2.1473E+06  5.0278E+05  2.8355E+06  4.6410E+06  2.9062E+06  7.9414E+05  2.5857E+06  8.2671E+06  3.9713E+06  6.0963E+05  4.3741E+05  1.3577E+06  3.4247E+06  1.6135E+06  6.1165E+05  1.4896E+06  2.3546E+06  1.4666E+06  3.3743E+06  1.8030E+06  4.3645E+06  2.0253E+06  8.6376E+05  1.2693E+06  6.8581E+05  2.1332E+06  9.8419E+06  4.6545E+06  2.8527E+06  4.0893E+05  3.7017E+05  1.2146E+06  8.2062E+05  1.3820E+06  7.9192E+05  1.7612E+06  4.2229E+06  2.0230E+06  8.5053E+05  2.8554E+06  4.2075E+06  2.4674E+06  1.5013E+06  3.6344E+06  8.6438E+06  3.8046E+06  1.9401E+06  3.0497E+05  2.7232E+06  2.1588E+07  8.7641E+06  1.5667E+05  2.0458E+05  2.1495E+06  4.2545E+06  2.8192E+06  7.0770E+05  2.4827E+06  5.4425E+06  3.0811E+06  6.3657E+06  3.0069E+06  7.7239E+06  3.5547E+06  1.2627E+06  3.5355E+06  5.2323E+06  4.3602E+06  6.0657E+06  4.6096E+06  1.2450E+07  5.5349E+06  1.8881E+06  1.7139E+06  1.5799E+06  6.9475E+05  6.8276E+05  1.8383E+06  2.5564E+06  2.1603E+06  9.8883E+05  2.0268E+06  4.1304E+06  2.7445E+06  3.9319E+06  2.6991E+06  3.9442E+06  2.9210E+06  4.2879E+06  3.1362E+06  4.7080E+06  2.7760E+06  1.3338E+06  2.7016E+06  7.5190E+06  3.6325E+06  1.5976E+06  4.7696E+05  4.8689E+05  2.6890E+06  9.0638E+05  2.1573E+06  1.4500E+06  3.1420E+06  6.1404E+06  3.2826E+06  1.1985E+06  3.0017E+06  9.1566E+06  4.3865E+06  1.8068E+06  4.3107E+05  4.1329E+05  3.9518E+05  7.1078E+05  4.2520E+05  2.3123E+06  4.4648E+06  2.7221E+06  5.2430E+05  2.3971E+06  1.9470E+07  6.1609E+06  4.7827E+05  8.1027E+05  4.2076E+05  2.3407E+06  4.3649E+06  2.6805E+06  4.9072E+05  2.3775E+06  1.5122E+07  4.4152E+06  1.6092E+05  1.8139E+05  1.7799E+06  6.2323E+05  2.4405E+06  1.0019E+06  2.9247E+06  3.4525E+06  2.5717E+06  3.3518E+06  2.8382E+06  4.6165E+06  2.6280E+06  1.4769E+06  3.1730E+06  4.6197E+06  3.3351E+06  4.4594E+06  3.6242E+06  6.9969E+06  3.6132E+06  1.5698E+06  7.2844E+05  6.8531E+05  2.6456E+06  9.1921E+06  4.1896E+06  1.6656E+06  1.7074E+05  5.0849E+06  1.6173E+05  2.1314E+06  4.8881E+06  3.5282E+06  1.6560E+06  5.7028E+05  4.3635E+05  3.2259E+05  1.1436E+06  2.8515E+05  7.9543E+05  3.2201E+06  1.6180E+06  3.6070E+05  7.0099E+05  3.4118E+06  1.7374E+06  2.8502E+05  6.0893E+05  2.5394E+06  1.5407E+06  2.1758E+05  2.8803E+05  1.8522E+06  4.5701E+06  4.5411E+06  1.8375E+06  1.4315E+05  1.3251E+05  3.0672E+05  3.4885E+06  8.7604E+05  7.6486E+05  1.9435E+06  1.2709E+07  5.4479E+06  1.8769E+06  1.3859E+05  1.5064E+05  1.3979E+05  4.0190E+05  5.2325E+06  2.0393E+07  7.7391E+06  4.2994E+05  3.2244E+05  3.1335E+05  1.2766E+06  1.1451E+07  3.6482E+06  1.0912E+06  6.0509E+05  4.9056E+05  4.4707E+05  5.0465E+05  2.4326E+06  2.0987E+07  7.2780E+06  3.6838E+06  4.7483E+05  4.6129E+05  4.3176E+05  4.3819E+05  1.4535E+06  8.7923E+06  3.7635E+06  2.2043E+06  1.2921E+05  1.1986E+05  1.3499E+05
 7.100E-01 - 6.900E-01    8.2588E-02  9.1713E+02  6.9342E+03  6.1025E+03  1.6086E+04  1.1781E+05  7.7859E+04  1.2316E+05  7.3741E+04  1.2260E+05  1.0254E+04  5.1824E+05  9.6430E+05  4.3725E+05  1.8932E+04  2.8331E+05  1.1374E+04  2.6663E+05  5.7855E+04  2.5043E+05  4.3731E+04  3.4403E+05  5.0057E+05  3.5837E+05  6.5181E+04  2.6658E+05  8.7178E+05  5.0596E+05  2.8543E+04  1.4296E+04  1.1064E+05  3.1320E+05  1.6734E+05  4.1853E+04  1.3151E+05  2.0593E+05  1.4808E+05  3.2706E+05  1.9641E+05  4.4360E+05  2.4100E+05  7.4248E+04  1.1325E+05  4.0634E+04  2.3023E+05  1.1283E+06  6.6589E+05  4.4383E+05  1.1697E+04  1.2120E+04  1.1332E+05  7.8527E+04  1.4110E+05  7.8932E+04  1.9266E+05  4.3904E+05  2.4732E+05  8.1219E+04  3.0539E+05  4.4602E+05  2.9167E+05  1.6299E+05  3.7505E+05  9.6999E+05  5.3197E+05  2.7209E+05  1.3176E+04  3.2918E+05  2.7747E+06  1.3407E+06  8.8693E+03  1.4741E+04  2.2749E+05  4.1766E+05  3.4104E+05  8.8811E+04  2.9588E+05  5.6841E+05  3.8433E+05  6.9197E+05  3.8118E+05  8.3726E+05  4.7332E+05  1.3873E+05  4.0375E+05  5.5227E+05  5.0823E+05  6.6469E+05  5.5534E+05  1.3864E+06  7.7125E+05  2.1872E+05  1.8319E+05  1.5547E+05  2.3918E+04  2.5636E+04  1.5125E+05  2.0962E+05  2.0858E+05  7.9051E+04  1.8549E+05  3.8783E+05  2.8875E+05  3.9539E+05  2.9592E+05  4.0614E+05  3.2396E+05  4.4766E+05  3.5258E+05  4.9702E+05  3.2714E+05  1.1931E+05  2.7610E+05  7.7966E+05  4.4201E+05  1.6634E+05  1.2861E+04  1.8719E+04  2.8776E+05  8.5329E+04  2.2222E+05  1.5777E+05  3.6185E+05  6.3975E+05  3.9702E+05  1.0956E+05  3.0086E+05  9.4441E+05  5.3936E+05  2.2972E+05  1.2439E+04  1.0830E+04  1.4799E+04  4.3797E+04  2.1526E+04  2.3844E+05  4.3714E+05  3.1393E+05  2.9602E+04  2.4407E+05  2.3559E+06  9.7901E+05  1.4708E+04  4.5482E+04  1.6496E+04  2.3707E+05  4.2184E+05  3.0348E+05  2.3311E+04  2.3983E+05  1.7809E+06  7.0702E+05  8.7853E+03  1.1470E+04  2.0593E+05  8.0546E+04  2.9681E+05  1.0549E+05  3.3792E+05  3.8050E+05  3.0418E+05  3.6718E+05  3.3059E+05  5.0075E+05  3.2424E+05  1.5970E+05  3.5278E+05  4.8965E+05  3.8465E+05  4.8586E+05  4.2010E+05  7.5212E+05  4.5616E+05  1.7635E+05  2.8115E+04  2.8241E+04  2.4654E+05  9.3952E+05  5.1606E+05  2.1723E+05  9.5919E+03  6.4922E+05  9.8722E+03  2.1079E+05  5.8395E+05  4.6769E+05  2.1689E+05  4.4567E+04  3.0738E+04  1.5126E+04  1.0626E+05  1.1968E+04  7.5341E+04  3.4155E+05  2.0193E+05  1.7858E+04  5.9977E+04  3.6039E+05  2.1294E+05  1.0617E+04  5.1078E+04  2.6908E+05  1.8393E+05  9.1585E+03  1.8743E+04  1.7848E+05  4.3307E+05  4.4275E+05  2.2239E+05  8.1294E+03  7.0486E+03  2.8843E+04  4.3923E+05  1.0394E+05  7.7030E+04  2.1427E+05  1.5218E+06  8.5102E+05  2.5284E+05  8.1231E+03  9.4807E+03  8.3094E+03  4.2220E+04  5.8009E+05  2.3790E+06  1.2350E+06  1.5214E+04  1.0350E+04  1.1912E+04  1.0902E+05  1.2196E+06  5.3480E+05  1.4058E+05  3.7138E+04  2.1499E+04  1.7774E+04  2.7054E+04  2.3858E+05  2.3775E+06  1.1359E+06  6.3225E+05  1.3251E+04  1.2252E+04  1.2203E+04  1.5465E+04  1.3073E+05  9.6937E+05  5.2842E+05  3.4647E+05  7.6035E+03  6.5556E+03  8.3483E+03
 6.900E-01 - 5.100E-01    7.4329E-01  7.5457E+03  8.3060E+04  7.0681E+04  1.8470E+05  1.4335E+06  7.3512E+05  1.3758E+06  6.5439E+05  1.3887E+06  1.3841E+05  5.1142E+06  1.1053E+07  4.0774E+06  3.5147E+05  3.3539E+06  2.4796E+05  3.1309E+06  5.7007E+05  2.9229E+06  5.4996E+05  3.5718E+06  6.3436E+06  3.6399E+06  7.7360E+05  3.4619E+06  1.1988E+07  5.2241E+06  5.7595E+05  4.0087E+05  1.7950E+06  4.9516E+06  2.0746E+06  5.5780E+05  1.9014E+06  3.2125E+06  1.7614E+06  4.6900E+06  2.1509E+06  6.0666E+06  2.4054E+06  7.6006E+05  1.4194E+06  6.3859E+05  2.5559E+06  1.3796E+07  5.6457E+06  2.7898E+06  3.6228E+05  3.4694E+05  1.5737E+06  9.4763E+05  1.7423E+06  8.2041E+05  2.1825E+06  5.9195E+06  2.4614E+06  7.7571E+05  3.7812E+06  5.8036E+06  2.9939E+06  1.5774E+06  4.8470E+06  1.2158E+07  4.5389E+06  1.6768E+06  3.3496E+05  3.4821E+06  2.7902E+07  8.3226E+06  2.2274E+05  2.7942E+05  3.1899E+06  6.4183E+06  3.9549E+06  7.4205E+05  3.3204E+06  7.8692E+06  4.0033E+06  9.0379E+06  3.6845E+06  1.0901E+07  4.3825E+06  1.1918E+06  4.5433E+06  7.1418E+06  5.6618E+06  8.2719E+06  5.8372E+06  1.7592E+07  6.7443E+06  1.5608E+06  1.4128E+06  1.3115E+06  6.1095E+05  6.0801E+05  2.3449E+06  3.3699E+06  2.7102E+06  8.9388E+05  2.4800E+06  5.7022E+06  3.4413E+06  5.2582E+06  3.2391E+06  5.1518E+06  3.5034E+06  5.6033E+06  3.7567E+06  6.1678E+06  3.1482E+06  1.1364E+06  3.1738E+06  1.0440E+07  4.3486E+06  1.2928E+06  4.0545E+05  4.4684E+05  3.5949E+06  8.5308E+05  2.7378E+06  1.6281E+06  3.8789E+06  8.4875E+06  4.0090E+06  1.0722E+06  3.8366E+06  1.3130E+07  5.6355E+06  1.5989E+06  3.9706E+05  3.7229E+05  3.9420E+05  8.8164E+05  4.4991E+05  3.2315E+06  6.5312E+06  3.6594E+06  5.4050E+05  3.3125E+06  2.7400E+07  6.4096E+06  4.4261E+05  9.5532E+05  4.2881E+05  3.2610E+06  6.3651E+06  3.5967E+06  5.1135E+05  3.2987E+06  2.1552E+07  4.6205E+06  2.2681E+05  2.5387E+05  2.5345E+06  7.1383E+05  3.0619E+06  1.0450E+06  3.8029E+06  4.5544E+06  3.1557E+06  4.2962E+06  3.4730E+06  6.1934E+06  3.0925E+06  1.4624E+06  3.9768E+06  6.1874E+06  4.1163E+06  5.8402E+06  4.4652E+06  9.5937E+06  4.3081E+06  1.3217E+06  6.5324E+05  6.2451E+05  3.5491E+06  1.3385E+07  5.5027E+06  1.4820E+06  2.3341E+05  6.6073E+06  2.0893E+05  3.2011E+06  6.9565E+06  4.7116E+06  1.8614E+06  6.2053E+05  4.2217E+05  3.3072E+05  1.5568E+06  2.8461E+05  1.0087E+06  4.6185E+06  2.0547E+06  3.4391E+05  8.3959E+05  4.8744E+06  2.1668E+06  2.7483E+05  7.3589E+05  3.5874E+06  1.9680E+06  2.3282E+05  3.3153E+05  2.7065E+06  6.8814E+06  6.8288E+06  2.5175E+06  1.8618E+05  1.7003E+05  3.8866E+05  4.6472E+06  8.4832E+05  7.9492E+05  2.5397E+06  1.7901E+07  6.4689E+06  1.4764E+06  1.7855E+05  1.9641E+05  1.7956E+05  5.1273E+05  7.6995E+06  2.9623E+07  9.6652E+06  3.6884E+05  2.8030E+05  2.8582E+05  1.7536E+06  1.6990E+07  4.6896E+06  8.5290E+05  5.1808E+05  4.3579E+05  4.0477E+05  4.9839E+05  3.3843E+06  3.0637E+07  8.9693E+06  3.2680E+06  3.8628E+05  3.7090E+05  3.5750E+05  3.8145E+05  1.8891E+06  1.2697E+07  4.7787E+06  2.2663E+06  1.6292E+05  1.4902E+05  1.6892E+05
 5.100E-01 - 4.900E-01    8.2588E-02  1.2431E+03  7.4490E+03  6.1037E+03  1.6692E+04  1.4318E+05  7.0226E+04  1.3867E+05  6.3454E+04  1.4129E+05  1.1092E+04  5.0937E+05  1.1208E+06  3.9906E+05  2.1981E+04  2.8847E+05  1.4578E+04  3.0486E+05  4.6596E+04  2.8267E+05  4.1906E+04  3.4510E+05  6.4699E+05  3.4259E+05  5.9244E+04  3.3352E+05  1.2420E+06  4.3910E+05  3.6083E+04  2.0752E+04  1.6977E+05  5.2523E+05  1.7744E+05  3.7163E+04  1.8057E+05  3.1657E+05  1.5757E+05  4.9373E+05  1.9621E+05  6.3974E+05  2.0018E+05  5.6250E+04  1.2297E+05  4.2467E+04  2.3589E+05  1.3783E+06  4.3702E+05  2.0961E+05  1.6053E+04  1.6057E+04  1.4037E+05  6.9378E+04  1.5749E+05  6.2352E+04  2.0104E+05  6.1438E+05  2.0830E+05  5.8821E+04  3.6363E+05  5.8749E+05  2.7533E+05  1.3770E+05  4.9296E+05  1.2192E+06  3.5777E+05  1.3741E+05  1.7157E+04  3.3428E+05  2.7890E+06  7.6898E+05  1.2726E+04  1.8473E+04  3.2122E+05  6.7654E+05  3.8677E+05  6.5143E+04  3.2308E+05  8.4302E+05  3.8914E+05  9.6767E+05  3.5745E+05  1.1700E+06  3.9069E+05  1.0337E+05  4.3797E+05  7.2085E+05  5.5019E+05  8.4595E+05  5.6493E+05  1.8120E+06  5.5699E+05  1.3494E+05  1.1852E+05  1.0707E+05  3.5317E+04  3.5887E+04  2.1772E+05  3.1591E+05  2.4788E+05  6.5114E+04  2.3197E+05  5.9749E+05  3.1772E+05  5.2158E+05  2.9841E+05  5.1291E+05  3.2532E+05  5.6524E+05  3.4937E+05  6.2739E+05  2.6996E+05  8.7983E+04  2.9085E+05  1.0687E+06  3.4942E+05  1.0008E+05  1.8109E+04  2.3527E+04  3.4126E+05  6.5190E+04  2.5654E+05  1.3055E+05  3.6815E+05  8.9691E+05  3.5681E+05  8.3516E+04  3.6825E+05  1.3672E+06  4.7085E+05  1.2579E+05  1.8069E+04  1.5471E+04  1.9836E+04  7.5717E+04  2.6277E+04  3.1033E+05  6.8293E+05  3.4497E+05  3.3928E+04  3.1720E+05  2.7417E+06  5.7950E+05  2.0572E+04  7.9465E+04  2.1871E+04  3.1123E+05  6.5857E+05  3.3641E+05  2.9506E+04  3.1441E+05  2.1577E+06  3.9432E+05  1.3272E+04  1.6042E+04  2.4607E+05  6.1760E+04  2.9578E+05  9.0540E+04  3.6654E+05  4.3886E+05  3.0092E+05  4.1354E+05  3.3180E+05  6.4091E+05  2.7170E+05  1.2746E+05  3.7893E+05  6.3225E+05  3.8758E+05  5.8468E+05  4.2546E+05  9.9926E+05  3.6554E+05  1.0866E+05  3.9819E+04  3.8474E+04  3.4082E+05  1.3939E+06  4.5481E+05  1.1512E+05  1.4224E+04  6.5569E+05  1.4097E+04  3.3911E+05  6.9512E+05  4.4790E+05  1.8047E+05  5.0004E+04  2.8535E+04  2.1688E+04  1.4858E+05  1.7478E+04  9.0549E+04  4.6731E+05  1.8051E+05  2.2177E+04  7.2227E+04  4.9080E+05  1.9600E+05  1.5852E+04  6.2442E+04  3.5623E+05  1.7633E+05  1.3640E+04  2.3738E+04  2.8172E+05  7.5092E+05  7.5058E+05  2.2739E+05  1.2361E+04  1.0612E+04  3.2599E+04  4.6123E+05  7.7038E+04  6.9559E+04  2.4488E+05  1.7952E+06  5.1207E+05  1.3714E+05  1.2303E+04  1.4147E+04  1.2436E+04  4.5908E+04  7.8745E+05  3.0099E+06  7.5085E+05  2.1783E+04  1.5325E+04  1.6618E+04  1.7766E+05  1.7641E+06  3.5272E+05  7.4963E+04  3.5804E+04  2.7552E+04  2.5022E+04  3.4998E+04  3.3535E+05  3.1162E+06  6.9217E+05  2.8056E+05  1.9682E+04  1.8280E+04  1.8027E+04  2.1104E+04  1.7595E+05  1.2838E+06  3.6447E+05  1.6280E+05  1.1765E+04  1.0340E+04  1.2477E+04
 4.900E-01 - 3.100E-01    5.5588E+03  2.8640E+04  1.0780E+05  9.5701E+04  2.2448E+05  1.5108E+06  8.3709E+05  1.4755E+06  7.6722E+05  1.4929E+06  1.6808E+05  5.6676E+06  1.1697E+07  4.7558E+06  4.1522E+05  3.7255E+06  1.6750E+05  3.1898E+06  5.8476E+05  3.0216E+06  5.7499E+05  3.8638E+06  6.4683E+06  3.9859E+06  9.1560E+05  3.6342E+06  1.2084E+07  5.8642E+06  6.6338E+05  3.8734E+05  1.7593E+06  4.7864E+06  2.1788E+06  5.7913E+05  1.8971E+06  3.1408E+06  1.8387E+06  4.6086E+06  2.2867E+06  6.0298E+06  2.6694E+06  8.6170E+05  1.5091E+06  6.7991E+05  2.7369E+06  1.4275E+07  6.6596E+06  3.5769E+06  2.6779E+05  2.4280E+05  1.5085E+06  9.2137E+05  1.7183E+06  8.0857E+05  2.2345E+06  5.8587E+06  2.6615E+06  8.3086E+05  3.8851E+06  5.8613E+06  3.2177E+06  1.7414E+06  4.9243E+06  1.2501E+07  5.3183E+06  2.1372E+06  2.2217E+05  3.6436E+06  3.0242E+07  1.0692E+07  1.3546E+05  2.0270E+05  3.1237E+06  6.1742E+06  4.0622E+06  8.0317E+05  3.4746E+06  7.7605E+06  4.2772E+06  9.0396E+06  4.0430E+06  1.0960E+07  4.9664E+06  1.4699E+06  4.9205E+06  7.3655E+06  6.1119E+06  8.5735E+06  6.3902E+06  1.8065E+07  7.9461E+06  2.1134E+06  1.9198E+06  1.7776E+06  7.0343E+05  6.6494E+05  2.3944E+06  3.3813E+06  2.8426E+06  1.0088E+06  2.5747E+06  5.6473E+06  3.6525E+06  5.3590E+06  3.4954E+06  5.2889E+06  3.7901E+06  5.7622E+06  4.0832E+06  6.3519E+06  3.5650E+06  1.3630E+06  3.4504E+06  1.0619E+07  4.9903E+06  1.6355E+06  3.0213E+05  3.4060E+05  3.6145E+06  8.5750E+05  2.7696E+06  1.7244E+06  4.1047E+06  8.4539E+06  4.3701E+06  1.2197E+06  3.9804E+06  1.3133E+07  6.2616E+06  1.9779E+06  2.8496E+05  2.5997E+05  2.7280E+05  7.3124E+05  3.3474E+05  3.1723E+06  6.2884E+06  3.7311E+06  4.7979E+05  3.3010E+06  2.8501E+07  7.8016E+06  3.1295E+05  7.9575E+05  2.9191E+05  3.1797E+06  6.1087E+06  3.6397E+06  4.1672E+05  3.2553E+06  2.2198E+07  5.6110E+06  1.3770E+05  1.6730E+05  2.5395E+06  7.2736E+05  3.3010E+06  1.1983E+06  4.0689E+06  4.7913E+06  3.4622E+06  4.5486E+06  3.8238E+06  6.4192E+06  3.5545E+06  1.7669E+06  4.3433E+06  6.4386E+06  4.5529E+06  6.1687E+06  4.9291E+06  9.8705E+06  5.0065E+06  1.7482E+06  7.6421E+05  6.7528E+05  3.6180E+06  1.3340E+07  6.1061E+06  1.8444E+06  1.5115E+05  7.0821E+06  1.5492E+05  3.0785E+06  7.1685E+06  5.0673E+06  2.0983E+06  6.9396E+05  4.9701E+05  3.3562E+05  1.5680E+06  2.6039E+05  1.0131E+06  4.6372E+06  2.2303E+06  3.4564E+05  8.5545E+05  4.9190E+06  2.3527E+06  2.3268E+05  7.1182E+05  3.6031E+06  2.0859E+06  1.6924E+05  2.7429E+05  2.5955E+06  6.5583E+06  6.5436E+06  2.6354E+06  1.3458E+05  1.1885E+05  3.6208E+05  4.9245E+06  1.0160E+06  9.2298E+05  2.7121E+06  1.8683E+07  7.8518E+06  2.0572E+06  1.3467E+05  1.5283E+05  1.3638E+05  5.0308E+05  7.7628E+06  3.0377E+07  1.1575E+07  3.7326E+05  2.3377E+05  2.3432E+05  1.6605E+06  1.6938E+07  5.4506E+06  1.0748E+06  5.9553E+05  4.7536E+05  4.2487E+05  5.1128E+05  3.4054E+06  3.1237E+07  1.0743E+07  4.3511E+06  3.4674E+05  3.2831E+05  2.9975E+05  3.1952E+05  1.8485E+06  1.2851E+07  5.4832E+06  2.8025E+06  1.2877E+05  1.1475E+05  1.3770E+05
 3.100E-01 - 2.900E-01    2.6609E+03  7.8725E+03  2.4896E+04  2.2480E+04  5.0017E+04  2.9193E+05  1.6046E+05  2.8684E+05  1.5052E+05  2.9372E+05  3.8697E+04  1.0749E+06  2.2349E+06  9.3847E+05  1.0297E+05  7.9248E+05  4.7032E+04  6.1096E+05  1.2754E+05  5.8655E+05  1.4013E+05  7.6301E+05  1.2622E+06  7.7606E+05  2.3265E+05  7.5225E+05  2.4138E+06  1.0745E+06  2.0609E+05  1.2313E+05  3.9205E+05  1.0106E+06  4.3770E+05  1.4809E+05  4.0739E+05  6.2955E+05  3.7955E+05  9.5484E+05  4.6056E+05  1.2317E+06  5.0379E+05  1.9877E+05  3.2388E+05  1.7176E+05  5.5571E+05  2.7345E+06  1.1361E+06  6.2543E+05  6.4201E+04  5.6019E+04  2.9358E+05  1.7162E+05  3.3182E+05  1.5727E+05  4.2972E+05  1.1637E+06  4.8128E+05  1.7497E+05  7.5606E+05  1.1552E+06  6.1770E+05  3.5805E+05  9.9670E+05  2.4076E+06  9.2040E+05  4.2145E+05  5.5302E+04  6.9470E+05  5.6771E+06  1.9591E+06  4.2877E+04  5.6201E+04  6.1968E+05  1.2164E+06  7.7375E+05  1.6991E+05  6.7356E+05  1.5573E+06  8.2219E+05  1.8133E+06  7.8721E+05  2.2080E+06  9.1490E+05  3.3143E+05  9.8907E+05  1.4576E+06  1.2161E+06  1.7174E+06  1.2675E+06  3.5601E+06  1.4255E+06  4.9414E+05  4.6223E+05  4.4000E+05  2.3829E+05  2.1354E+05  5.4498E+05  6.9937E+05  6.1099E+05  2.5897E+05  5.6206E+05  1.1932E+06  7.4239E+05  1.0828E+06  7.0982E+05  1.0679E+06  7.6416E+05  1.1689E+06  8.1594E+05  1.2877E+06  6.9531E+05  3.1584E+05  7.1074E+05  2.1273E+06  9.2123E+05  3.7172E+05  7.1634E+04  7.6062E+04  6.8828E+05  1.7217E+05  5.3597E+05  3.1953E+05  7.8910E+05  1.6916E+06  8.1041E+05  2.6670E+05  8.0125E+05  2.6145E+06  1.1275E+06  4.0100E+05  7.3634E+04  6.8297E+04  6.5987E+04  1.6080E+05  7.7842E+04  6.1594E+05  1.2476E+06  7.0456E+05  1.1945E+05  6.5601E+05  5.3599E+06  1.3882E+06  7.4236E+04  1.7435E+05  6.9698E+04  6.1743E+05  1.2033E+06  6.8741E+05  1.0911E+05  6.4790E+05  4.1969E+06  9.7900E+05  4.4398E+04  4.9879E+04  4.9371E+05  1.5197E+05  6.4923E+05  2.7043E+05  8.1526E+05  9.2881E+05  7.0618E+05  8.8384E+05  7.8326E+05  1.3202E+06  7.0652E+05  4.0868E+05  8.9880E+05  1.3338E+06  9.3228E+05  1.2639E+06  1.0097E+06  2.0196E+06  9.6991E+05  4.2267E+05  2.5035E+05  2.1080E+05  7.7121E+05  2.6855E+06  1.1209E+06  3.9277E+05  4.6630E+04  1.3412E+06  4.5321E+04  6.2918E+05  1.3584E+06  9.3004E+05  4.1039E+05  1.8008E+05  1.4149E+05  1.0804E+05  3.4324E+05  7.8724E+04  2.1727E+05  9.1715E+05  4.1864E+05  9.5314E+04  1.9096E+05  9.7245E+05  4.5222E+05  6.6714E+04  1.5467E+05  7.0658E+05  3.9359E+05  4.5805E+04  6.5231E+04  5.2877E+05  1.3332E+06  1.3491E+06  4.8298E+05  3.9991E+04  3.6847E+04  8.3492E+04  9.3476E+05  2.1531E+05  2.0595E+05  5.4773E+05  3.5430E+06  1.3183E+06  4.4014E+05  3.9110E+04  4.2571E+04  3.9406E+04  1.0825E+05  1.4989E+06  5.7543E+06  1.8576E+06  1.0663E+05  5.5797E+04  5.4038E+04  3.4091E+05  3.2907E+06  8.7471E+05  2.1165E+05  1.4320E+05  1.2993E+05  1.2205E+05  1.3647E+05  6.9393E+05  5.9655E+06  1.7473E+06  7.7064E+05  8.9288E+04  8.4269E+04  7.1609E+04  7.2358E+04  3.6313E+05  2.4554E+06  8.9874E+05  4.4966E+05  3.6492E+04  3.3810E+04  3.8201E+04
 2.900E-01 - 1.100E-01    4.7965E+06  4.9203E+06  5.0488E+06  5.0264E+06  5.2324E+06  7.4608E+06  6.2145E+06  7.3792E+06  6.0941E+06  7.4188E+06  5.1395E+06  1.4191E+07  2.4844E+07  1.2439E+07  5.4826E+06  1.0785E+07  5.2288E+06  1.0378E+07  5.8545E+06  1.0041E+07  5.8184E+06  1.1281E+07  1.6201E+07  1.1413E+07  6.2691E+06  1.1059E+07  2.6406E+07  1.4128E+07  5.8686E+06  5.4963E+06  8.0064E+06  1.3670E+07  8.4485E+06  5.7951E+06  8.2119E+06  1.0554E+07  7.9362E+06  1.3188E+07  8.6472E+06  1.5711E+07  9.0801E+06  6.1974E+06  7.3617E+06  5.9421E+06  9.3913E+06  2.9473E+07  1.4799E+07  9.6941E+06  5.3670E+06  5.3417E+06  7.5312E+06  6.4013E+06  7.8480E+06  6.2074E+06  8.6625E+06  1.5414E+07  9.1216E+06  6.1959E+06  1.1549E+07  1.5188E+07  1.0131E+07  7.6623E+06  1.3561E+07  2.6572E+07  1.2769E+07  7.8806E+06  5.3287E+06  1.1022E+07  5.5207E+07  2.0310E+07  5.1795E+06  5.2860E+06  1.0508E+07  1.6226E+07  1.1841E+07  6.1831E+06  1.0769E+07  1.8883E+07  1.2009E+07  2.1044E+07  1.1508E+07  2.4533E+07  1.2697E+07  7.0948E+06  1.3032E+07  1.7644E+07  1.5041E+07  1.9684E+07  1.5373E+07  3.6557E+07  1.6847E+07  7.8890E+06  7.6030E+06  7.3985E+06  5.9048E+06  5.8765E+06  8.9917E+06  1.0916E+07  9.6172E+06  6.4022E+06  9.2531E+06  1.5025E+07  1.0924E+07  1.4149E+07  1.0584E+07  1.3983E+07  1.1077E+07  1.4818E+07  1.1539E+07  1.5852E+07  1.0461E+07  6.9032E+06  1.0505E+07  2.3604E+07  1.2541E+07  7.2085E+06  5.4208E+06  5.4978E+06  1.1116E+07  6.2787E+06  9.6400E+06  7.6299E+06  1.1727E+07  1.9973E+07  1.1966E+07  6.7547E+06  1.1690E+07  2.8423E+07  1.4814E+07  7.6826E+06  5.4069E+06  5.3622E+06  5.4063E+06  6.2766E+06  5.5127E+06  1.0484E+07  1.6348E+07  1.1229E+07  5.7053E+06  1.0658E+07  5.3657E+07  1.6304E+07  5.4650E+06  6.3820E+06  5.4501E+06  1.0513E+07  1.6019E+07  1.1092E+07  5.6236E+06  1.0605E+07  4.3184E+07  1.2931E+07  5.1840E+06  5.2332E+06  9.3033E+06  6.0862E+06  1.0357E+07  6.7609E+06  1.1665E+07  1.3078E+07  1.0543E+07  1.2646E+07  1.1131E+07  1.6031E+07  1.0426E+07  7.5613E+06  1.2018E+07  1.5978E+07  1.2259E+07  1.5330E+07  1.2908E+07  2.2174E+07  1.2622E+07  7.3531E+06  5.9940E+06  5.9044E+06  1.1140E+07  2.8850E+07  1.4531E+07  7.4498E+06  5.2010E+06  1.6728E+07  5.1861E+06  1.0585E+07  1.7230E+07  1.3192E+07  8.2654E+06  5.9732E+06  5.6135E+06  5.4183E+06  7.6134E+06  5.3180E+06  6.6084E+06  1.3093E+07  8.4330E+06  5.4353E+06  6.3149E+06  1.3552E+07  8.6537E+06  5.2845E+06  6.1064E+06  1.1216E+07  8.2779E+06  5.2067E+06  5.3846E+06  9.6707E+06  1.7100E+07  1.7042E+07  9.2387E+06  5.1506E+06  5.1215E+06  5.5214E+06  1.3178E+07  6.4485E+06  6.3245E+06  9.4216E+06  3.6842E+07  1.6222E+07  7.7928E+06  5.1457E+06  5.1778E+06  5.1481E+06  5.7535E+06  1.8628E+07  5.7782E+07  2.1686E+07  5.4628E+06  5.2846E+06  5.2947E+06  7.9444E+06  3.5294E+07  1.2910E+07  6.4584E+06  5.7765E+06  5.6063E+06  5.5399E+06  5.6999E+06  1.0877E+07  5.9582E+07  2.0337E+07  1.0736E+07  5.4445E+06  5.4160E+06  5.3879E+06  5.4304E+06  8.1278E+06  2.7465E+07  1.3167E+07  8.6601E+06  5.1293E+06  5.1045E+06  5.1422E+06
 1.100E-01 - 9.000E-02    7.7599E+05  9.4249E+05  9.6332E+05  9.5919E+05  9.9381E+05  1.4143E+06  1.1813E+06  1.3945E+06  1.1506E+06  1.3947E+06  9.7612E+05  2.6271E+06  4.6131E+06  2.2384E+06  1.0165E+06  1.9035E+06  9.8460E+05  1.9582E+06  1.0846E+06  1.8759E+06  1.0675E+06  2.0794E+06  2.8770E+06  2.1135E+06  1.1166E+06  2.0210E+06  4.8726E+06  2.6865E+06  1.0478E+06  1.0064E+06  1.4727E+06  2.4937E+06  1.5774E+06  1.0588E+06  1.5070E+06  1.8725E+06  1.4650E+06  2.3956E+06  1.5958E+06  2.8729E+06  1.6950E+06  1.1158E+06  1.3351E+06  1.0735E+06  1.7218E+06  5.5010E+06  2.8823E+06  1.8277E+06  9.9598E+05  9.9541E+05  1.4093E+06  1.2046E+06  1.4671E+06  1.1571E+06  1.6110E+06  2.8470E+06  1.7139E+06  1.1267E+06  2.1344E+06  2.8007E+06  1.8759E+06  1.3884E+06  2.4743E+06  4.9396E+06  2.4313E+06  1.4268E+06  9.9708E+05  2.0544E+06  1.0234E+07  3.6193E+06  9.7568E+05  9.9450E+05  1.9704E+06  2.9230E+06  2.2361E+06  1.1431E+06  2.0071E+06  3.4158E+06  2.2373E+06  3.8364E+06  2.1199E+06  4.4825E+06  2.3699E+06  1.2510E+06  2.3787E+06  3.1274E+06  2.7559E+06  3.5499E+06  2.8155E+06  6.7450E+06  3.1846E+06  1.3421E+06  1.2865E+06  1.2484E+06  1.0477E+06  1.0530E+06  1.6362E+06  1.9063E+06  1.7652E+06  1.1541E+06  1.6832E+06  2.7156E+06  2.0110E+06  2.5502E+06  1.9444E+06  2.5114E+06  2.0312E+06  2.6726E+06  2.1142E+06  2.8667E+06  1.9313E+06  1.2152E+06  1.8992E+06  4.3258E+06  2.3481E+06  1.2639E+06  1.0023E+06  1.0198E+06  2.0825E+06  1.1550E+06  1.7846E+06  1.4198E+06  2.1641E+06  3.6112E+06  2.2336E+06  1.1989E+06  2.1240E+06  5.2238E+06  2.8072E+06  1.3864E+06  1.0013E+06  9.9332E+05  1.0063E+06  1.1580E+06  1.0269E+06  1.9623E+06  2.9674E+06  2.1128E+06  1.0470E+06  1.9797E+06  1.0113E+07  3.0730E+06  1.0107E+06  1.1719E+06  1.0134E+06  1.9658E+06  2.8973E+06  2.0853E+06  1.0349E+06  1.9727E+06  8.1276E+06  2.4646E+06  9.7628E+05  9.8555E+05  1.7549E+06  1.1414E+06  1.9096E+06  1.2170E+06  2.1469E+06  2.3443E+06  1.9268E+06  2.2295E+06  2.0245E+06  2.9067E+06  1.9100E+06  1.3372E+06  2.1808E+06  2.8814E+06  2.2298E+06  2.7528E+06  2.3451E+06  4.0332E+06  2.3399E+06  1.2765E+06  1.0579E+06  1.0599E+06  2.0426E+06  5.3281E+06  2.7800E+06  1.3665E+06  9.7976E+05  3.1187E+06  9.7896E+05  1.9752E+06  3.2548E+06  2.5114E+06  1.5229E+06  1.0905E+06  1.0250E+06  1.0026E+06  1.4146E+06  9.9094E+05  1.2362E+06  2.4465E+06  1.5964E+06  1.0038E+06  1.1726E+06  2.5268E+06  1.6273E+06  9.8725E+05  1.1435E+06  2.1012E+06  1.5645E+06  9.7996E+05  1.0138E+06  1.8045E+06  3.0969E+06  3.1427E+06  1.7575E+06  9.7367E+05  9.6831E+05  1.0404E+06  2.4764E+06  1.1732E+06  1.1502E+06  1.7381E+06  6.9190E+06  3.1594E+06  1.3500E+06  9.7321E+05  9.7923E+05  9.7362E+05  1.0848E+06  3.4964E+06  1.0880E+07  4.3250E+06  1.0081E+06  9.8783E+05  9.9191E+05  1.4793E+06  6.5899E+06  2.5403E+06  1.1726E+06  1.0430E+06  1.0204E+06  1.0145E+06  1.0496E+06  2.0181E+06  1.1182E+07  4.0239E+06  2.0286E+06  1.0051E+06  1.0006E+06  9.9974E+05  1.0099E+06  1.5167E+06  5.1494E+06  2.5972E+06  1.6759E+06  9.7076E+05  9.6611E+05  9.7311E+05
 9.000E-02 - 6.000E-02    1.1278E+04  6.6384E+05  7.0681E+05  6.9989E+05  7.6827E+05  1.5018E+06  1.1123E+06  1.4785E+06  1.0683E+06  1.4838E+06  7.3695E+05  3.7956E+06  7.2357E+06  3.2107E+06  8.5036E+05  2.6323E+06  7.5442E+05  2.4718E+06  9.7215E+05  2.3562E+06  9.5126E+05  2.7960E+06  4.1412E+06  2.8793E+06  1.0998E+06  2.6571E+06  7.4946E+06  3.9972E+06  9.5969E+05  8.4043E+05  1.6282E+06  3.3201E+06  1.8680E+06  9.4807E+05  1.7039E+06  2.3318E+06  1.6636E+06  3.1935E+06  1.9125E+06  4.0204E+06  2.1456E+06  1.0892E+06  1.4593E+06  9.9009E+05  2.1557E+06  8.7378E+06  4.4787E+06  2.5677E+06  8.0104E+05  7.9318E+05  1.5153E+06  1.1817E+06  1.6312E+06  1.1064E+06  1.9116E+06  3.9733E+06  2.1553E+06  1.0948E+06  2.8369E+06  3.9512E+06  2.4374E+06  1.5917E+06  3.4111E+06  7.7380E+06  3.6324E+06  1.7735E+06  7.8923E+05  2.7127E+06  1.7635E+07  6.3621E+06  7.3503E+05  7.7098E+05  2.4453E+06  4.0466E+06  2.9631E+06  1.0906E+06  2.6035E+06  4.9282E+06  3.0459E+06  5.6756E+06  2.8908E+06  6.7977E+06  3.4294E+06  1.3929E+06  3.3539E+06  4.6176E+06  4.0297E+06  5.3479E+06  4.1735E+06  1.0864E+07  5.1002E+06  1.6890E+06  1.5764E+06  1.4944E+06  9.6965E+05  9.6264E+05  1.9573E+06  2.4294E+06  2.2079E+06  1.1607E+06  2.0601E+06  3.7652E+06  2.6657E+06  3.5643E+06  2.5689E+06  3.5144E+06  2.7347E+06  3.7945E+06  2.8961E+06  4.1326E+06  2.6236E+06  1.3318E+06  2.5183E+06  6.6257E+06  3.4518E+06  1.4672E+06  8.1792E+05  8.4463E+05  2.7087E+06  1.1257E+06  2.2145E+06  1.6177E+06  2.9460E+06  5.3279E+06  3.1288E+06  1.2790E+06  2.8600E+06  8.0913E+06  4.2375E+06  1.6813E+06  8.1408E+05  8.0019E+05  8.1466E+05  1.0643E+06  8.5070E+05  2.4726E+06  4.1426E+06  2.7785E+06  9.1260E+05  2.5267E+06  1.6853E+07  4.9364E+06  8.3406E+05  1.0987E+06  8.2964E+05  2.4805E+06  4.0349E+06  2.7311E+06  8.8550E+05  2.5093E+06  1.3296E+07  3.7367E+06  7.3685E+05  7.5347E+05  2.1034E+06  1.0619E+06  2.4828E+06  1.2723E+06  2.9027E+06  3.2474E+06  2.5474E+06  3.0734E+06  2.7389E+06  4.1933E+06  2.5968E+06  1.5538E+06  3.0182E+06  4.1723E+06  3.1313E+06  3.9951E+06  3.3412E+06  6.1425E+06  3.4408E+06  1.5112E+06  9.9807E+05  9.7260E+05  2.6614E+06  8.2225E+06  4.1553E+06  1.6124E+06  7.4482E+05  4.6394E+06  7.4200E+05  2.4144E+06  4.7343E+06  3.5225E+06  1.8067E+06  1.0011E+06  8.8938E+05  8.1712E+05  1.5245E+06  7.8498E+05  1.2147E+06  3.2919E+06  1.8998E+06  8.2331E+05  1.1160E+06  3.4449E+06  1.9565E+06  7.7505E+05  1.0488E+06  2.7037E+06  1.8247E+06  7.5049E+05  8.1039E+05  2.1382E+06  4.2889E+06  4.3514E+06  2.1569E+06  7.3209E+05  7.2308E+05  8.5724E+05  3.4358E+06  1.1831E+06  1.1270E+06  2.1470E+06  1.1238E+07  5.0714E+06  1.6901E+06  7.3103E+05  7.4141E+05  7.3186E+05  9.3646E+05  5.0932E+06  1.7987E+07  7.2711E+06  8.3534E+05  7.7781E+05  7.8169E+05  1.5960E+06  1.0358E+07  3.7794E+06  1.2205E+06  9.3956E+05  8.8062E+05  8.5946E+05  9.1444E+05  2.5748E+06  1.8479E+07  6.7208E+06  2.9923E+06  8.3121E+05  8.2200E+05  8.1306E+05  8.2779E+05  1.7033E+06  7.9945E+06  3.8580E+06  2.1914E+06  7.2587E+05  7.1783E+05  7.3039E+05
 6.000E-02 - 4.000E-02    8.7943E+03  1.2323E+05  1.5958E+05  1.5348E+05  2.1063E+05  8.3172E+05  4.9523E+05  8.1347E+05  4.6048E+05  8.2116E+05  1.8454E+05  2.7497E+06  5.6882E+06  2.2463E+06  2.7613E+05  1.7699E+06  2.1010E+05  1.6580E+06  3.9032E+05  1.5581E+06  3.7027E+05  1.9196E+06  3.2532E+06  1.9580E+06  4.8805E+05  1.8133E+06  6.0231E+06  2.7258E+06  3.7017E+05  2.7582E+05  9.6263E+05  2.5108E+06  1.1121E+06  3.6627E+05  1.0254E+06  1.6505E+06  9.6855E+05  2.4017E+06  1.1756E+06  3.0977E+06  1.3111E+06  4.8195E+05  7.9766E+05  3.9968E+05  1.3808E+06  6.9637E+06  2.9936E+06  1.5981E+06  2.4924E+05  2.4398E+05  8.5509E+05  5.5103E+05  9.5104E+05  5.0133E+05  1.1839E+06  3.0232E+06  1.3345E+06  4.9230E+05  1.9712E+06  2.9693E+06  1.6094E+06  9.0663E+05  2.5106E+06  6.1383E+06  2.4209E+06  1.0274E+06  2.4278E+05  1.8590E+06  1.4394E+07  4.7547E+06  1.9426E+05  2.2402E+05  1.6615E+06  3.2236E+06  2.0684E+06  4.8885E+05  1.7647E+06  3.9840E+06  2.1289E+06  4.5937E+06  1.9958E+06  5.5371E+06  2.3512E+06  7.3158E+05  2.3852E+06  3.6367E+06  2.9532E+06  4.2248E+06  3.0651E+06  8.8705E+06  3.5701E+06  9.6755E+05  8.7330E+05  8.0505E+05  3.7682E+05  3.7335E+05  1.2303E+06  1.7091E+06  1.4248E+06  5.3820E+05  1.3160E+06  2.8934E+06  1.8008E+06  2.6822E+06  1.7193E+06  2.6465E+06  1.8585E+06  2.8812E+06  1.9906E+06  3.1684E+06  1.7000E+06  6.7920E+05  1.6799E+06  5.2635E+06  2.2893E+06  7.8397E+05  2.6413E+05  2.8771E+05  1.8618E+06  5.2114E+05  1.4463E+06  9.0408E+05  2.0515E+06  4.3032E+06  2.1274E+06  6.4316E+05  1.9965E+06  6.5761E+06  2.9210E+06  9.5302E+05  2.6280E+05  2.5068E+05  2.6476E+05  5.0252E+05  2.9531E+05  1.6742E+06  3.2809E+06  1.9094E+06  3.4414E+05  1.7171E+06  1.3796E+07  3.5887E+06  2.8125E+05  5.3163E+05  2.7917E+05  1.6830E+06  3.1906E+06  1.8712E+06  3.2380E+05  1.7050E+06  1.0819E+07  2.5861E+06  1.9580E+05  2.0973E+05  1.3496E+06  4.6460E+05  1.6577E+06  6.3562E+05  2.0095E+06  2.3606E+06  1.7061E+06  2.2415E+06  1.8665E+06  3.2003E+06  1.6855E+06  8.6388E+05  2.1006E+06  3.1832E+06  2.1819E+06  3.0213E+06  2.3649E+06  4.8869E+06  2.3078E+06  8.1827E+05  3.9981E+05  3.8244E+05  1.8277E+06  6.6820E+06  2.8397E+06  8.8888E+05  2.0197E+05  3.4743E+06  1.9643E+05  1.6693E+06  3.5685E+06  2.4881E+06  1.0855E+06  4.0684E+05  3.0880E+05  2.5497E+05  8.6069E+05  2.2961E+05  5.9241E+05  2.3783E+06  1.1309E+06  2.6038E+05  5.0776E+05  2.5038E+06  1.1912E+06  2.2256E+05  4.5370E+05  1.8668E+06  1.0819E+06  2.0411E+05  2.5458E+05  1.4239E+06  3.4598E+06  3.4499E+06  1.3488E+06  1.8760E+05  1.7966E+05  2.9225E+05  2.4612E+06  5.5917E+05  5.1173E+05  1.3739E+06  9.0523E+06  3.4819E+06  9.6929E+05  1.8552E+05  1.9437E+05  1.8617E+05  3.5782E+05  3.9114E+06  1.4830E+07  5.1024E+06  2.6803E+05  2.2393E+05  2.2801E+05  9.5005E+05  8.4750E+06  2.4704E+06  5.8876E+05  3.5368E+05  3.0542E+05  2.8882E+05  3.3610E+05  1.7617E+06  1.5279E+07  4.7173E+06  1.9754E+06  2.6820E+05  2.6064E+05  2.5463E+05  2.6778E+05  1.0142E+06  6.3729E+06  2.5157E+06  1.2929E+06  1.7952E+05  1.7266E+05  1.8311E+05
 4.000E-02 - 1.000E-02    1.8016E+06  6.5503E+06  6.7218E+06  6.6959E+06  6.9613E+06  9.7007E+06  8.2659E+06  9.6370E+06  8.1190E+06  9.6681E+06  6.8455E+06  1.8506E+07  3.1347E+07  1.6422E+07  7.3234E+06  1.4316E+07  6.9575E+06  1.3397E+07  7.8281E+06  1.2996E+07  7.7490E+06  1.4746E+07  1.9650E+07  1.5037E+07  8.3688E+06  1.4160E+07  3.2237E+07  1.9026E+07  7.8125E+06  7.3266E+06  1.0267E+07  1.6637E+07  1.1140E+07  7.7572E+06  1.0575E+07  1.2804E+07  1.0438E+07  1.6208E+07  1.1397E+07  1.9336E+07  1.2225E+07  8.3390E+06  9.7015E+06  7.9274E+06  1.2334E+07  3.6907E+07  2.0880E+07  1.4026E+07  7.1787E+06  7.1435E+06  9.8406E+06  8.5916E+06  1.0296E+07  8.3547E+06  1.1381E+07  1.9118E+07  1.2270E+07  8.3647E+06  1.4846E+07  1.9042E+07  1.3408E+07  1.0268E+07  1.7067E+07  3.3178E+07  1.7810E+07  1.1095E+07  7.1242E+06  1.4418E+07  7.1049E+07  2.9208E+07  6.8816E+06  7.0186E+06  1.3259E+07  1.9162E+07  1.5234E+07  8.2968E+06  1.3945E+07  2.2679E+07  1.5649E+07  2.5570E+07  1.5140E+07  2.9838E+07  1.7082E+07  9.5494E+06  1.6851E+07  2.1460E+07  1.9395E+07  2.4326E+07  1.9985E+07  4.4971E+07  2.3307E+07  1.0826E+07  1.0375E+07  1.0041E+07  7.8605E+06  7.8226E+06  1.1528E+07  1.3095E+07  1.2481E+07  8.6045E+06  1.1951E+07  1.8376E+07  1.4216E+07  1.7549E+07  1.3898E+07  1.7401E+07  1.4534E+07  1.8507E+07  1.5153E+07  1.9814E+07  1.4105E+07  9.3302E+06  1.3743E+07  2.9088E+07  1.7105E+07  9.9028E+06  7.2555E+06  7.3530E+06  1.4328E+07  8.4691E+06  1.2519E+07  1.0283E+07  1.5340E+07  2.4312E+07  1.5966E+07  9.1240E+06  1.4994E+07  3.4556E+07  1.9969E+07  1.0717E+07  7.2435E+06  7.1911E+06  7.2382E+06  8.1766E+06  7.3731E+06  1.3421E+07  1.9663E+07  1.4598E+07  7.6292E+06  1.3645E+07  6.7327E+07  2.3268E+07  7.3312E+06  8.3276E+06  7.3054E+06  1.3461E+07  1.9240E+07  1.4428E+07  7.5292E+06  1.3582E+07  5.3930E+07  1.8564E+07  6.8903E+06  6.9528E+06  1.2004E+07  8.1576E+06  1.3560E+07  9.0240E+06  1.5118E+07  1.6261E+07  1.3832E+07  1.5616E+07  1.4571E+07  2.0053E+07  1.4002E+07  1.0158E+07  1.5608E+07  1.9961E+07  1.6047E+07  1.9281E+07  1.6858E+07  2.7390E+07  1.7134E+07  1.0079E+07  7.9776E+06  7.8602E+06  1.4152E+07  3.4945E+07  1.9572E+07  1.0396E+07  6.9212E+06  2.1695E+07  6.8965E+06  1.3152E+07  2.1835E+07  1.7347E+07  1.1035E+07  7.9269E+06  7.5074E+06  7.2081E+06  9.8431E+06  7.0796E+06  8.6882E+06  1.6438E+07  1.1257E+07  7.2405E+06  8.3320E+06  1.7016E+07  1.1505E+07  7.0438E+06  8.0684E+06  1.4242E+07  1.0980E+07  6.9427E+06  7.1679E+06  1.2135E+07  2.0185E+07  2.0515E+07  1.2173E+07  6.8569E+06  6.8231E+06  7.3348E+06  1.7069E+07  8.6729E+06  8.4310E+06  1.2228E+07  4.6247E+07  2.3168E+07  1.0831E+07  6.8482E+06  6.8868E+06  6.8513E+06  7.6297E+06  2.3123E+07  7.1302E+07  3.1173E+07  7.2865E+06  7.0563E+06  7.0687E+06  1.0118E+07  4.2774E+07  1.8116E+07  8.8867E+06  7.7315E+06  7.4844E+06  7.3938E+06  7.5942E+06  1.3782E+07  7.3112E+07  2.9210E+07  1.5844E+07  7.2906E+06  7.2553E+06  7.2163E+06  7.2695E+06  1.0533E+07  3.4002E+07  1.8433E+07  1.2474E+07  6.8218E+06  6.7918E+06  6.8385E+06
  --------------------
                 total    7.4024E+06  1.3266E+07  1.4127E+07  1.3993E+07  1.5342E+07  2.9262E+07  2.1855E+07  2.8871E+07  2.1080E+07  2.9044E+07  1.4769E+07  7.3251E+07  1.3879E+08  6.2642E+07  1.7319E+07  5.2551E+07  1.5204E+07  4.7796E+07  1.9462E+07  4.5748E+07  1.9190E+07  5.4356E+07  8.2487E+07  5.5506E+07  2.2356E+07  5.1923E+07  1.4484E+08  7.4460E+07  1.9738E+07  1.7251E+07  3.2374E+07  6.5926E+07  3.6314E+07  1.9306E+07  3.3826E+07  4.7067E+07  3.2889E+07  6.3672E+07  3.7638E+07  7.9305E+07  4.1245E+07  2.2129E+07  2.9171E+07  2.0243E+07  4.2380E+07  1.6736E+08  8.2166E+07  4.9420E+07  1.6421E+07  1.6204E+07  2.9898E+07  2.3328E+07  3.2108E+07  2.2145E+07  3.7497E+07  7.7687E+07  4.1486E+07  2.2122E+07  5.5214E+07  7.7062E+07  4.7583E+07  3.1688E+07  6.6875E+07  1.4851E+08  6.8085E+07  3.5246E+07  1.6024E+07  5.2640E+07  3.3701E+08  1.2320E+08  1.4841E+07  1.5534E+07  4.7443E+07  8.0556E+07  5.7101E+07  2.1732E+07  5.0497E+07  9.7851E+07  5.8936E+07  1.1187E+08  5.6164E+07  1.3310E+08  6.5137E+07  2.8030E+07  6.5274E+07  9.1684E+07  7.8094E+07  1.0514E+08  8.0867E+07  2.0910E+08  9.5048E+07  3.4156E+07  3.2047E+07  3.0518E+07  2.0104E+07  1.9887E+07  3.8852E+07  4.9222E+07  4.3473E+07  2.3623E+07  4.0803E+07  7.4864E+07  5.2069E+07  7.0711E+07  5.0335E+07  6.9928E+07  5.3483E+07  7.5223E+07  5.6545E+07  8.1705E+07  5.0591E+07  2.7114E+07  4.9655E+07  1.2861E+08  6.4977E+07  2.9808E+07  1.6830E+07  1.7283E+07  5.2641E+07  2.2677E+07  4.3375E+07  3.1664E+07  5.7385E+07  1.0560E+08  5.9776E+07  2.5949E+07  5.6051E+07  1.5690E+08  7.9024E+07  3.3607E+07  1.6696E+07  1.6424E+07  1.6619E+07  2.1694E+07  1.7277E+07  4.8074E+07  8.2281E+07  5.3747E+07  1.8582E+07  4.9226E+07  3.2104E+08  9.4761E+07  1.7106E+07  2.2462E+07  1.6917E+07  4.8265E+07  8.0272E+07  5.2875E+07  1.8058E+07  4.8887E+07  2.5355E+08  7.1668E+07  1.4870E+07  1.5185E+07  4.0800E+07  2.1079E+07  4.8352E+07  2.5507E+07  5.6467E+07  6.4063E+07  4.9784E+07  6.1239E+07  5.3532E+07  8.2408E+07  5.0081E+07  3.1165E+07  5.8987E+07  8.2243E+07  6.1041E+07  7.8841E+07  6.5137E+07  1.2006E+08  6.5107E+07  3.0592E+07  2.0666E+07  2.0035E+07  5.2153E+07  1.5917E+08  7.7211E+07  3.2128E+07  1.5009E+07  8.9181E+07  1.4922E+07  4.7243E+07  9.0677E+07  6.7219E+07  3.5371E+07  2.0195E+07  1.8032E+07  1.6587E+07  3.0044E+07  1.5922E+07  2.4066E+07  6.3687E+07  3.6685E+07  1.6734E+07  2.2270E+07  6.6620E+07  3.8044E+07  1.5730E+07  2.0915E+07  5.2389E+07  3.5392E+07  1.5160E+07  1.6292E+07  4.1952E+07  8.5522E+07  8.5801E+07  4.1314E+07  1.4706E+07  1.4532E+07  1.7106E+07  6.6118E+07  2.3599E+07  2.2576E+07  4.1933E+07  2.1444E+08  9.3600E+07  3.3785E+07  1.4670E+07  1.4868E+07  1.4686E+07  1.8592E+07  9.7679E+07  3.4240E+08  1.3199E+08  1.7042E+07  1.5800E+07  1.5840E+07  3.1642E+07  1.9863E+08  6.9241E+07  2.4391E+07  1.9174E+07  1.7995E+07  1.7539E+07  1.8541E+07  5.0174E+07  3.5220E+08  1.2313E+08  5.7910E+07  1.7024E+07  1.6839E+07  1.6611E+07  1.6859E+07  3.3492E+07  1.5306E+08  7.0371E+07  4.1826E+07  1.4556E+07  1.4403E+07  1.4642E+07
=========================================================================================================================
.
.
=========================================================================================================================
=   Gamma energy release rate (MeV/s) as a function of time for case 'irrad' (#1/2)                                     =
-------------------------------------------------------------------------------------------------------------------------
     boundaries (MeV)         0.0hr   10000.0hr   10013.9hr   10013.9hr   10016.0hr   10016.0hr   10016.1hr   10016.1hr   10016.1hr   10016.2hr   10017.4hr   10017.7hr   10017.7hr   10017.8hr   10018.9hr   10024.0hr   10037.7hr   10037.7hr   10037.8hr   10037.9hr   10038.1hr   10038.3hr   10038.3hr   10038.3hr   10038.5hr   10038.5hr   10038.5hr   10038.5hr   10038.9hr   10039.3hr   10039.3hr   10039.3hr   10039.3hr   10039.4hr   10039.4hr   10039.4hr   10039.5hr   10039.5hr   10039.6hr   10039.6hr   10039.6hr   10039.7hr   10039.7hr   10039.8hr   10040.0hr   10040.1hr   10040.1hr   10040.1hr   10041.6hr   10042.0hr   10042.0hr   10042.0hr   10042.1hr   10042.1hr   10042.2hr   10042.2hr   10042.2hr   10042.3hr   10042.4hr   10042.4hr   10042.4hr   10042.5hr   10042.5hr   10042.5hr   10042.5hr   10042.6hr   10045.2hr   10045.4hr   10045.6hr   10045.6hr   10061.9hr   10062.5hr   10062.5hr   10062.5hr   10062.5hr   10062.6hr   10062.7hr   10062.7hr   10062.7hr   10062.8hr   10062.8hr   10062.8hr   10062.8hr   10062.9hr   10063.0hr   10063.0hr   10063.0hr   10063.0hr   10063.1hr   10063.1hr   10063.1hr   10063.2hr   10063.2hr   10063.2hr   10063.7hr   10063.8hr   10063.8hr   10063.8hr   10063.9hr   10063.9hr   10064.0hr   10064.0hr   10064.0hr   10064.0hr   10064.0hr   10064.0hr   10064.1hr   10064.1hr   10064.1hr   10064.1hr   10064.1hr   10064.2hr   10064.3hr   10064.3hr   10064.3hr   10064.4hr   10065.8hr   10066.0hr   10066.1hr   10066.1hr   10066.2hr   10066.2hr   10066.3hr   10066.3hr   10066.3hr   10066.4hr   10066.5hr   10066.5hr   10066.5hr   10066.5hr   10067.9hr   10067.9hr   10068.4hr   10068.4hr   10068.6hr   10068.7hr   10068.7hr   10068.7hr   10069.0hr   10069.0hr   10069.1hr   10069.1hr   10071.0hr   10071.0hr   10071.6hr   10071.7hr   10071.7hr   10071.7hr   10072.1hr   10072.1hr   10072.2hr   10072.2hr   10085.9hr   10086.0hr   10086.1hr   10086.1hr   10086.4hr   10086.5hr   10086.6hr   10086.6hr   10086.6hr   10086.6hr   10086.7hr   10086.7hr   10086.7hr   10086.8hr   10086.9hr   10086.9hr   10086.9hr   10086.9hr   10086.9hr   10086.9hr   10086.9hr   10087.0hr   10087.3hr   10087.5hr   10087.6hr   10087.6hr   10087.6hr   10087.6hr   10096.6hr   10096.7hr   10109.6hr   10109.6hr   10109.7hr   10109.7hr   10109.8hr   10110.1hr   10110.1hr   10110.4hr   10110.4hr   10110.8hr   10110.9hr   10110.9hr   10111.0hr   10111.2hr   10111.3hr   10111.3hr   10111.3hr   10112.2hr   10112.3hr   10112.3hr   10112.4hr   10114.0hr   10114.1hr   10114.1hr   10114.1hr   10114.1hr   10114.2hr   10120.1hr   10120.1hr   10120.4hr   10120.6hr   10120.7hr   10120.7hr   10120.8hr   10120.8hr   10120.8hr   10120.9hr   10133.0hr   10133.0hr   10133.1hr   10133.4hr   10133.4hr   10133.4hr   10133.4hr   10134.6hr   10135.3hr   10135.6hr   10135.6hr   10135.6hr   10135.6hr   10135.7hr   10135.9hr   10136.0hr   10136.1hr   10136.2hr   10136.2hr   10136.3hr   10136.3hr   10136.3hr   10137.6hr   10137.6hr   10137.9hr   10138.0hr   10138.0hr   10138.1hr   10138.1hr   10138.1hr   10158.8hr   10158.8hr   10159.8hr  
 1.191E+01 - 8.090E+00    9.6554E-03  9.6554E-03  7.4918E-01  4.8930E-01  1.9083E+00  2.3671E+01  9.1943E+00  2.1901E+01  7.6191E+00  2.2350E+01  1.0921E+00  7.2758E+01  1.8196E+02  4.9389E+01  1.6369E+00  3.5135E+01  1.1017E+00  4.8828E+01  3.5819E+00  4.3736E+01  2.9354E+00  4.8385E+01  1.3535E+02  4.4515E+01  2.8386E+00  5.2112E+01  2.2239E+02  4.6933E+01  9.8886E-01  6.8378E-01  2.8943E+01  1.0360E+02  2.4483E+01  2.0094E+00  2.9431E+01  7.2027E+01  2.1742E+01  9.6257E+01  2.6455E+01  1.1798E+02  2.1209E+01  2.4764E+00  1.5327E+01  2.4175E+00  3.2217E+01  2.3061E+02  2.4493E+01  2.7937E+00  7.1558E-01  8.7996E-01  2.2165E+01  7.2048E+00  2.3614E+01  5.6537E+00  2.8815E+01  1.1031E+02  2.3998E+01  3.0527E+00  5.7397E+01  1.0143E+02  3.6244E+01  1.3740E+01  8.2968E+01  2.0588E+02  2.7694E+01  1.7652E+00  1.1281E+00  4.8644E+01  4.1479E+02  4.3693E+01  7.9963E-01  1.5836E+00  5.6865E+01  1.5290E+02  6.1876E+01  4.9717E+00  4.8928E+01  1.7245E+02  5.6337E+01  1.8456E+02  4.7564E+01  2.1335E+02  4.4029E+01  5.5115E+00  6.3317E+01  1.4458E+02  8.1064E+01  1.5462E+02  7.9759E+01  3.1252E+02  4.8746E+01  2.1599E+00  1.2769E+00  1.0054E+00  8.6065E-01  1.6494E+00  3.5245E+01  7.0681E+01  3.7208E+01  4.0009E+00  3.5524E+01  1.1441E+02  4.6586E+01  1.0078E+02  4.0971E+01  9.8178E+01  4.4691E+01  1.0372E+02  4.7572E+01  1.1212E+02  2.7048E+01  3.9287E+00  3.9261E+01  1.8643E+02  3.1164E+01  1.4930E+00  7.7737E-01  1.6994E+00  5.5019E+01  4.9897E+00  3.9329E+01  1.3147E+01  5.2402E+01  1.7332E+02  4.2495E+01  4.2060E+00  5.6914E+01  2.4690E+02  5.0026E+01  2.5075E+00  7.5247E-01  2.6582E-01  1.2140E+00  1.4353E+01  2.1679E+00  5.2212E+01  1.4468E+02  5.3240E+01  2.1259E+00  5.2296E+01  4.5301E+02  4.2871E+01  1.0166E+00  1.4520E+01  1.3964E+00  5.2427E+01  1.4218E+02  5.1975E+01  1.7878E+00  5.2163E+01  3.6338E+02  2.4346E+01  7.8806E-01  1.2187E+00  3.9836E+01  5.5768E+00  4.0699E+01  7.1085E+00  5.3454E+01  7.9637E+01  3.9915E+01  7.9514E+01  4.4309E+01  1.0899E+02  2.7931E+01  9.0592E+00  5.3062E+01  1.0948E+02  5.1858E+01  1.0132E+02  5.7770E+01  1.7288E+02  3.2845E+01  1.3556E+00  9.0454E-01  1.9780E+00  5.6726E+01  2.5532E+02  4.9909E+01  2.5708E+00  8.9126E-01  9.6881E+01  9.8381E-01  6.3754E+01  1.1549E+02  6.3919E+01  2.0456E+01  4.0391E+00  1.1978E-02  1.0625E+00  2.4098E+01  8.7162E-01  1.3061E+01  8.1751E+01  2.2643E+01  8.3632E-01  9.4059E+00  8.5225E+01  2.5248E+01  7.8478E-01  8.5542E+00  6.0985E+01  2.3716E+01  7.7772E-01  2.3755E+00  5.2172E+01  1.6383E+02  1.4892E+02  3.2735E+01  7.6665E-01  4.2931E-01  3.6087E+00  7.0203E+01  4.9916E+00  5.4922E+00  3.6049E+01  2.9662E+02  3.1980E+01  1.2583E+00  7.8322E-01  1.1138E+00  7.9778E-01  5.6818E+00  1.3924E+02  5.2034E+02  5.0549E+01  1.0952E+00  7.6479E-01  1.0406E+00  3.2541E+01  3.2253E+02  2.7707E+01  1.1867E+00  6.7844E-01  6.6156E-01  8.4810E-01  2.7974E+00  5.7678E+01  5.4611E+02  4.9304E+01  3.2975E+00  7.9862E-01  5.9398E-01  7.9358E-01  1.3591E+00  2.8968E+01  2.2497E+02  2.4412E+01  2.9902E+00  7.4055E-01  4.8588E-01  8.4062E-01
 8.090E+00 - 7.910E+00    1.7286E-03  1.7286E-03  5.2822E-01  3.4347E-01  1.3534E+00  1.6847E+01  6.5419E+00  1.5585E+01  5.4193E+00  1.5901E+01  7.7234E-01  5.1794E+01  1.2953E+02  3.5157E+01  1.1602E+00  2.5009E+01  7.7918E-01  3.4757E+01  2.5450E+00  3.1132E+01  2.0847E+00  3.4442E+01  9.4071E+01  3.1784E+01  2.0158E+00  3.7093E+01  1.5821E+02  3.3919E+01  6.9887E-01  4.8167E-01  2.0584E+01  7.3414E+01  1.7471E+01  1.4255E+00  2.0932E+01  4.9757E+01  1.5474E+01  6.8041E+01  1.8829E+01  8.3712E+01  1.5210E+01  1.7579E+00  1.0906E+01  1.7160E+00  2.2931E+01  1.6417E+02  1.8351E+01  2.0535E+00  5.0430E-01  6.2133E-01  1.5775E+01  5.1587E+00  1.6807E+01  4.0212E+00  2.0509E+01  7.8393E+01  1.7155E+01  2.1682E+00  4.0857E+01  7.2098E+01  2.5802E+01  9.7772E+00  5.8995E+01  1.4656E+02  2.0013E+01  1.2546E+00  7.9797E-01  3.4626E+01  2.9530E+02  3.1133E+01  5.6415E-01  1.1223E+00  4.0469E+01  1.0678E+02  4.4049E+01  3.5345E+00  3.4829E+01  1.2142E+02  4.0104E+01  1.3056E+02  3.3858E+01  1.5146E+02  3.1504E+01  3.9187E+00  4.5072E+01  1.0080E+02  5.7711E+01  1.0901E+02  5.6781E+01  2.2239E+02  3.5179E+01  1.5327E+00  9.0491E-01  7.1103E-01  6.0759E-01  1.1692E+00  2.5079E+01  4.8480E+01  2.6485E+01  2.8434E+00  2.5277E+01  8.1007E+01  3.3171E+01  7.0698E+01  2.9167E+01  6.8782E+01  3.1818E+01  7.3066E+01  3.3873E+01  7.9233E+01  1.9433E+01  2.7919E+00  2.7947E+01  1.3263E+02  2.2584E+01  1.0581E+00  5.4829E-01  1.2048E+00  3.9165E+01  3.5473E+00  2.7994E+01  9.4066E+00  3.7302E+01  1.2238E+02  3.0455E+01  2.9893E+00  4.0508E+01  1.7560E+02  3.6173E+01  1.7828E+00  5.3057E-01  1.8458E-01  8.5912E-01  1.0083E+01  1.5383E+00  3.7165E+01  1.0166E+02  3.7907E+01  1.5084E+00  3.7224E+01  3.2251E+02  3.0546E+01  7.1862E-01  1.0220E+01  9.8899E-01  3.7318E+01  9.9641E+01  3.7007E+01  1.2676E+00  3.7129E+01  2.5870E+02  1.7369E+01  5.5591E-01  8.6249E-01  2.8356E+01  3.9654E+00  2.8970E+01  5.0557E+00  3.8051E+01  5.5341E+01  2.8412E+01  5.4740E+01  3.1540E+01  7.7350E+01  1.9993E+01  6.4446E+00  3.7772E+01  7.7541E+01  3.6924E+01  7.1416E+01  4.1127E+01  1.2284E+02  2.3758E+01  9.6027E-01  6.3883E-01  1.4031E+00  4.0374E+01  1.8161E+02  3.6085E+01  1.8287E+00  6.2938E-01  6.8969E+01  6.9527E-01  4.5322E+01  8.2214E+01  4.5552E+01  1.4558E+01  2.8705E+00  7.3549E-03  7.5130E-01  1.7148E+01  6.1539E-01  9.2936E+00  5.8182E+01  1.6151E+01  5.9026E-01  6.6913E+00  6.0659E+01  1.7982E+01  5.5357E-01  6.0850E+00  4.3407E+01  1.6901E+01  5.4855E-01  1.6861E+00  3.7089E+01  1.1527E+02  1.0588E+02  2.3354E+01  5.4066E-01  3.0083E-01  2.5640E+00  4.9975E+01  3.5486E+00  3.9050E+00  2.5660E+01  2.1117E+02  2.3285E+01  8.9088E-01  5.5246E-01  7.8777E-01  5.6283E-01  4.0400E+00  9.9112E+01  3.7043E+02  3.6907E+01  7.7456E-01  5.3934E-01  7.3572E-01  2.3122E+01  2.2953E+02  2.0146E+01  8.3981E-01  4.7787E-01  4.6584E-01  5.9865E-01  1.9864E+00  4.1048E+01  3.8876E+02  3.5733E+01  2.3584E+00  5.6343E-01  4.1775E-01  5.5984E-01  9.6244E-01  2.0617E+01  1.6014E+02  1.8153E+01  2.1993E+00  5.2209E-01  3.4079E-01  5.9332E-01
 7.910E+00 - 4.090E+00    4.7365E-01  4.7365E-01  2.5350E+04  1.9356E+04  6.5041E+04  6.8555E+05  3.5811E+05  6.6150E+05  3.0438E+05  6.5135E+05  3.7153E+04  2.4716E+06  5.3452E+06  1.8087E+06  5.6215E+04  1.2036E+06  3.7494E+04  1.4945E+06  1.7360E+05  1.3426E+06  1.2135E+05  1.6353E+06  3.0171E+06  1.6505E+06  1.4083E+05  1.4648E+06  5.6200E+06  2.3515E+06  3.9449E+04  2.3702E+04  7.0022E+05  2.2605E+06  8.6706E+05  1.0656E+05  7.5248E+05  1.3977E+06  7.1500E+05  2.1691E+06  9.1736E+05  2.8302E+06  1.0327E+06  1.7261E+05  4.8219E+05  9.8455E+04  1.0825E+06  6.6314E+06  2.6606E+06  1.4101E+06  2.4676E+04  3.0234E+04  6.4285E+05  3.4422E+05  7.3804E+05  2.8907E+05  9.4725E+05  2.7598E+06  1.0953E+06  2.0573E+05  1.6702E+06  2.6714E+06  1.3406E+06  5.8375E+05  2.1515E+06  5.7613E+06  2.1317E+06  7.2200E+05  3.8677E+04  1.6251E+06  1.3851E+07  4.1365E+06  2.7109E+04  5.3927E+04  1.4697E+06  3.0929E+06  1.9136E+06  2.7361E+05  1.5402E+06  3.8208E+06  1.9025E+06  4.3996E+06  1.7167E+06  5.2246E+06  2.0379E+06  3.4082E+05  2.0088E+06  3.3077E+06  2.5754E+06  3.8901E+06  2.6881E+06  8.3727E+06  3.1663E+06  4.3483E+05  3.2571E+05  2.5164E+05  3.0518E+04  5.5755E+04  9.0384E+05  1.3971E+06  1.1250E+06  2.3407E+05  9.8894E+05  2.5866E+06  1.4935E+06  2.4105E+06  1.4181E+06  2.3777E+06  1.5408E+06  2.5942E+06  1.6600E+06  2.8641E+06  1.3426E+06  2.8404E+05  1.2903E+06  4.8083E+06  1.8613E+06  3.7542E+05  2.6862E+04  5.8114E+04  1.6400E+06  2.6868E+05  1.1743E+06  6.4262E+05  1.7517E+06  4.0479E+06  1.7875E+06  2.6268E+05  1.5953E+06  6.1156E+06  2.4812E+06  6.2435E+05  2.6028E+04  1.4798E+04  4.1722E+04  2.8571E+05  7.4355E+04  1.4441E+06  3.1080E+06  1.7056E+06  7.8430E+04  1.4454E+06  1.3599E+07  3.4893E+06  3.5119E+04  2.9113E+05  4.8019E+04  1.4427E+06  3.0081E+06  1.6568E+06  6.2633E+04  1.4370E+06  1.0575E+07  2.5067E+06  2.6714E+04  4.0781E+04  1.1850E+06  2.9184E+05  1.3856E+06  3.1757E+05  1.7046E+06  2.0660E+06  1.3866E+06  1.9362E+06  1.5102E+06  2.8427E+06  1.3142E+06  4.6935E+05  1.7065E+06  2.8089E+06  1.7950E+06  2.6630E+06  1.9679E+06  4.4613E+06  1.8560E+06  3.7572E+05  3.3873E+04  6.7848E+04  1.5003E+06  6.2920E+06  2.4829E+06  6.4282E+05  3.0286E+04  3.2368E+06  3.3409E+04  1.4814E+06  3.4169E+06  2.3660E+06  8.4242E+05  1.4256E+05  4.8771E+04  3.6595E+04  6.3695E+05  3.0002E+04  3.9805E+05  2.1566E+06  9.5883E+05  3.3783E+04  2.8946E+05  2.2596E+06  1.0061E+06  2.6822E+04  2.6149E+05  1.6587E+06  9.0780E+05  2.6492E+04  7.7965E+04  1.2274E+06  3.3192E+06  3.2776E+06  1.1802E+06  2.5997E+04  1.8215E+04  1.2300E+05  2.2853E+06  2.8397E+05  2.2925E+05  1.0991E+06  8.8034E+06  3.3151E+06  5.1741E+05  2.6543E+04  3.5329E+04  2.7197E+04  1.9225E+05  3.6998E+06  1.4602E+07  5.0638E+06  3.7628E+04  2.6175E+04  3.5523E+04  7.4692E+05  8.1537E+06  2.3197E+06  3.1706E+05  4.9770E+04  2.7787E+04  3.0112E+04  9.1628E+04  1.4987E+06  1.4933E+07  4.6753E+06  1.8964E+06  2.7615E+04  2.2165E+04  2.7348E+04  4.6043E+04  7.8617E+05  6.1018E+06  2.2675E+06  1.1934E+06  2.5060E+04  1.8291E+04  2.8484E+04
 4.090E+00 - 3.910E+00    6.8043E-02  6.8043E-02  3.6466E+03  2.8931E+03  9.3242E+03  9.5578E+04  5.0495E+04  8.9359E+04  4.0803E+04  8.6387E+04  5.6489E+03  3.3485E+05  7.2689E+05  2.4357E+05  1.0872E+04  1.7313E+05  5.3897E+03  2.0752E+05  2.1720E+04  1.8649E+05  1.7648E+04  2.2321E+05  3.5424E+05  2.3647E+05  2.2144E+04  2.0588E+05  7.4447E+05  4.0648E+05  1.1275E+04  6.8871E+03  9.4352E+04  2.7142E+05  1.3636E+05  1.5775E+04  9.9806E+04  1.6257E+05  1.0099E+05  2.5533E+05  1.2774E+05  3.4584E+05  1.6551E+05  2.3185E+04  6.7939E+04  1.6979E+04  1.5022E+05  9.1909E+05  4.9000E+05  2.2801E+05  5.0529E+03  5.2490E+03  9.0409E+04  5.5799E+04  1.0197E+05  3.9976E+04  1.3015E+05  3.4957E+05  1.7003E+05  2.5512E+04  2.3106E+05  3.5083E+05  1.8870E+05  7.7545E+04  2.7506E+05  7.9259E+05  3.6798E+05  9.5329E+04  5.8498E+03  2.2058E+05  1.8777E+06  5.4530E+05  3.8977E+03  7.5937E+03  1.9843E+05  3.5747E+05  2.6747E+05  3.2977E+04  2.1274E+05  4.4384E+05  2.6210E+05  5.2625E+05  2.3143E+05  6.3861E+05  3.1312E+05  4.3900E+04  2.8153E+05  4.0493E+05  3.5933E+05  4.8936E+05  3.7375E+05  1.1159E+06  5.3682E+05  5.1481E+04  4.0444E+04  3.3575E+04  1.1607E+04  1.4013E+04  1.2723E+05  1.7656E+05  1.6239E+05  3.4609E+04  1.3521E+05  3.1145E+05  2.1527E+05  3.0277E+05  2.0051E+05  2.9204E+05  2.1617E+05  3.1991E+05  2.3318E+05  3.5533E+05  2.0922E+05  3.8389E+04  1.8267E+05  6.3565E+05  3.2584E+05  4.9210E+04  5.6057E+03  9.3624E+03  2.2937E+05  3.3929E+04  1.6131E+05  9.9882E+04  2.3957E+05  4.7779E+05  2.7192E+05  3.4241E+04  2.1810E+05  7.9602E+05  4.2755E+05  8.7222E+04  5.2848E+03  3.8401E+03  6.7159E+03  3.1607E+04  1.0943E+04  2.0003E+05  3.6633E+05  2.4138E+05  1.2603E+04  2.0126E+05  1.8907E+06  4.8400E+05  6.4794E+03  3.3028E+04  7.4947E+03  1.9995E+05  3.5400E+05  2.3503E+05  1.0438E+04  1.9999E+05  1.4705E+06  3.6613E+05  3.8409E+03  5.7583E+03  1.6495E+05  3.7578E+04  1.8844E+05  4.2915E+04  2.3802E+05  2.7364E+05  1.9077E+05  2.4384E+05  2.0808E+05  3.5790E+05  2.0238E+05  6.3520E+04  2.3983E+05  3.5632E+05  2.5528E+05  3.3913E+05  2.7508E+05  5.6919E+05  3.0857E+05  4.8760E+04  1.2293E+04  1.5234E+04  2.0990E+05  8.2604E+05  4.3479E+05  9.2333E+04  4.3538E+03  4.3842E+05  4.8049E+03  1.8681E+05  4.7511E+05  3.4304E+05  1.0786E+05  2.2547E+04  1.0751E+04  7.4566E+03  8.8933E+04  5.8219E+03  5.6832E+04  2.9216E+05  1.4754E+05  6.7172E+03  4.2271E+04  3.0844E+05  1.4854E+05  5.0526E+03  3.7554E+04  2.2791E+05  1.3569E+05  4.1072E+03  1.1116E+04  1.5557E+05  3.7374E+05  3.8620E+05  1.8089E+05  3.7388E+03  2.7606E+03  1.6920E+04  3.1236E+05  3.4814E+04  3.1760E+04  1.5452E+05  1.2251E+06  5.7426E+05  5.3881E+04  3.8168E+03  5.0192E+03  3.8985E+03  2.6214E+04  5.0417E+05  2.0161E+06  9.0481E+05  8.1826E+03  4.9087E+03  5.8516E+03  9.3595E+04  1.0908E+06  4.2788E+05  3.2394E+04  9.4051E+03  7.3124E+03  7.3827E+03  1.5469E+04  2.0496E+05  2.0592E+06  8.2835E+05  2.5980E+05  6.4565E+03  5.6048E+03  5.7287E+03  7.9599E+03  1.0946E+05  8.3875E+05  4.2627E+05  2.0171E+05  3.6045E+03  2.6780E+03  4.0832E+03
 3.910E+00 - 2.090E+00    1.8477E+00  7.8684E+00  1.1424E+05  9.3996E+04  2.8053E+05  2.4018E+06  1.2559E+06  2.3005E+06  1.0927E+06  2.2949E+06  1.9616E+05  8.6632E+06  1.8593E+07  6.7908E+06  5.0697E+05  5.3281E+06  1.7970E+05  5.1214E+06  7.0787E+05  4.7263E+06  6.5505E+05  5.8325E+06  1.0258E+07  5.9893E+06  9.8541E+05  5.5242E+06  1.9611E+07  9.0102E+06  6.6897E+05  4.0752E+05  2.7022E+06  7.8067E+06  3.3432E+06  6.6904E+05  2.8759E+06  4.9974E+06  2.7375E+06  7.4250E+06  3.4157E+06  9.7153E+06  3.9701E+06  9.8349E+05  2.0843E+06  7.7475E+05  4.0732E+06  2.3096E+07  1.0146E+07  5.0830E+06  3.2663E+05  3.0458E+05  2.3922E+06  1.3942E+06  2.6928E+06  1.1514E+06  3.4419E+06  9.5092E+06  4.0626E+06  1.0054E+06  6.0771E+06  9.3864E+06  4.8819E+06  2.3715E+06  7.6992E+06  2.0183E+07  8.0275E+06  2.7382E+06  2.8260E+05  5.6739E+06  4.7455E+07  1.4504E+07  1.2821E+05  2.2763E+05  5.0791E+06  1.0255E+07  6.5428E+06  1.0065E+06  5.4005E+06  1.2670E+07  6.6157E+06  1.4667E+07  6.0430E+06  1.7670E+07  7.4353E+06  1.6715E+06  7.4150E+06  1.1570E+07  9.3367E+06  1.3509E+07  9.6906E+06  2.9085E+07  1.1907E+07  2.2586E+06  1.9784E+06  1.7903E+06  7.2076E+05  7.2606E+05  3.6140E+06  5.3682E+06  4.3270E+06  1.2408E+06  3.8492E+06  9.0410E+06  5.5938E+06  8.4924E+06  5.2745E+06  8.3183E+06  5.7093E+06  9.0539E+06  6.1419E+06  9.9855E+06  5.2102E+06  1.5775E+06  5.0623E+06  1.7013E+07  7.4328E+06  1.8933E+06  3.7397E+05  4.4764E+05  5.8264E+06  1.1465E+06  4.3104E+06  2.5409E+06  6.3020E+06  1.3668E+07  6.6476E+06  1.4353E+06  6.0520E+06  2.1344E+07  9.6242E+06  2.5466E+06  3.5303E+05  3.1261E+05  3.5277E+05  1.1313E+06  4.4944E+05  5.1429E+06  1.0429E+07  5.9920E+06  5.7953E+05  5.2577E+06  4.6522E+07  1.1522E+07  4.0004E+05  1.2196E+06  3.8251E+05  5.1605E+06  1.0131E+07  5.8512E+06  5.1027E+05  5.2133E+06  3.6347E+07  8.3596E+06  1.2709E+05  1.7449E+05  4.0703E+06  9.9147E+05  4.9386E+06  1.4495E+06  6.1861E+06  7.4698E+06  5.0931E+06  6.9910E+06  5.6059E+06  9.9786E+06  5.0900E+06  2.1505E+06  6.4361E+06  9.9805E+06  6.7344E+06  9.4774E+06  7.3104E+06  1.5600E+07  7.2909E+06  1.9257E+06  7.7021E+05  7.4478E+05  5.6405E+06  2.1856E+07  9.5196E+06  2.4526E+06  1.4988E+05  1.1065E+07  1.5468E+05  5.0457E+06  1.1674E+07  8.0730E+06  2.9610E+06  8.0850E+05  4.8614E+05  3.4188E+05  2.3933E+06  2.6788E+05  1.5088E+06  7.5198E+06  3.4419E+06  3.4989E+05  1.2037E+06  7.9451E+06  3.6030E+06  2.4807E+05  1.0381E+06  5.8220E+06  3.2461E+06  1.8333E+05  3.5365E+05  4.2359E+06  1.0947E+07  1.0888E+07  4.2008E+06  1.2819E+05  1.0185E+05  4.7242E+05  7.7864E+06  1.2005E+06  1.0986E+06  4.0799E+06  3.0309E+07  1.1947E+07  2.2210E+06  1.2561E+05  1.5571E+05  1.2788E+05  6.9696E+05  1.2731E+07  4.9973E+07  1.8106E+07  4.1139E+05  2.6370E+05  2.7444E+05  2.6648E+06  2.8044E+07  8.5826E+06  1.2335E+06  6.0215E+05  4.8500E+05  4.4646E+05  6.1647E+05  5.4285E+06  5.1441E+07  1.6786E+07  6.1095E+06  4.0701E+05  3.8131E+05  3.5963E+05  4.0178E+05  2.9360E+06  2.1135E+07  8.6051E+06  4.2046E+06  1.1575E+05  9.2529E+04  1.2893E+05
 2.090E+00 - 1.910E+00    3.0303E-01  1.6507E+02  1.8338E+04  1.5400E+04  4.5168E+04  3.5665E+05  1.9025E+05  3.4458E+05  1.7161E+05  3.4849E+05  3.0578E+04  1.3374E+06  2.8019E+06  1.1150E+06  7.4945E+04  8.4841E+05  3.0468E+04  7.5810E+05  1.2608E+05  7.1756E+05  1.2710E+05  9.0700E+05  1.5381E+06  9.3735E+05  2.0503E+05  8.6591E+05  2.9152E+06  1.4076E+06  1.3945E+05  6.8305E+04  4.0167E+05  1.1348E+06  5.0312E+05  1.1180E+05  4.3325E+05  7.3560E+05  4.1686E+05  1.0871E+06  5.2179E+05  1.4281E+06  6.1606E+05  1.7895E+05  3.4017E+05  1.4247E+05  6.3100E+05  3.4273E+06  1.5781E+06  8.0842E+05  4.6028E+04  4.3585E+04  3.5034E+05  2.0720E+05  3.9783E+05  1.7535E+05  5.2040E+05  1.3989E+06  6.2378E+05  1.7942E+05  9.2471E+05  1.4024E+06  7.5453E+05  3.9580E+05  1.1703E+06  3.0105E+06  1.2619E+06  4.6978E+05  4.2894E+04  8.5653E+05  7.1814E+06  2.4233E+06  2.2415E+04  3.8404E+04  7.4813E+05  1.4868E+06  9.6828E+05  1.7327E+05  8.2353E+05  1.8605E+06  1.0103E+06  2.1621E+06  9.4558E+05  2.6218E+06  1.1734E+06  3.3106E+05  1.1701E+06  1.7621E+06  1.4538E+06  2.0488E+06  1.5121E+06  4.3448E+06  1.8881E+06  4.6409E+05  4.2405E+05  3.9531E+05  1.3530E+05  1.2471E+05  5.4491E+05  7.8831E+05  6.5006E+05  2.0059E+05  5.8299E+05  1.3273E+06  8.4381E+05  1.2564E+06  7.9999E+05  1.2339E+06  8.6935E+05  1.3465E+06  9.3920E+05  1.4879E+06  8.1424E+05  2.8493E+05  7.9599E+05  2.5360E+06  1.1725E+06  3.4353E+05  5.2049E+04  6.4099E+04  8.5527E+05  1.8128E+05  6.4933E+05  3.9555E+05  9.6312E+05  2.0157E+06  1.0295E+06  2.7022E+05  9.4532E+05  3.1669E+06  1.5037E+06  4.3900E+05  5.0149E+04  4.4261E+04  5.1358E+04  1.6238E+05  6.7544E+04  7.5621E+05  1.5101E+06  8.8557E+05  1.0411E+05  7.8859E+05  6.8609E+06  1.7772E+06  5.6333E+04  1.7328E+05  5.6549E+04  7.5746E+05  1.4662E+06  8.6335E+05  8.7926E+04  7.7647E+05  5.3528E+06  1.2809E+06  2.2289E+04  2.9349E+04  6.0219E+05  1.5678E+05  7.7421E+05  2.7106E+05  9.6446E+05  1.1425E+06  8.1012E+05  1.0765E+06  8.9547E+05  1.5238E+06  8.3123E+05  3.9651E+05  1.0234E+06  1.5298E+06  1.0698E+06  1.4602E+06  1.1564E+06  2.3528E+06  1.1772E+06  3.7830E+05  1.5419E+05  1.2912E+05  8.4384E+05  3.2020E+06  1.4495E+06  3.8734E+05  2.5495E+04  1.6729E+06  2.6175E+04  7.3591E+05  1.7198E+06  1.2022E+06  4.7659E+05  1.5465E+05  1.0650E+05  6.3186E+04  3.6238E+05  4.4858E+04  2.2647E+05  1.1059E+06  5.1766E+05  6.7159E+04  1.9004E+05  1.1763E+06  5.4614E+05  3.9003E+04  1.5479E+05  8.5622E+05  4.8435E+05  2.8377E+04  5.3726E+04  6.1721E+05  1.5773E+06  1.5730E+06  6.2608E+05  2.1631E+04  1.7810E+04  7.5699E+04  1.1646E+06  2.2393E+05  2.0860E+05  6.4308E+05  4.4981E+06  1.8583E+06  4.4366E+05  2.1371E+04  2.5781E+04  2.1764E+04  1.0886E+05  1.8722E+06  7.3440E+06  2.7653E+06  6.2871E+04  3.7709E+04  3.9940E+04  3.8610E+05  4.0984E+06  1.3049E+06  2.2001E+05  1.2934E+05  1.0039E+05  8.6464E+04  1.0564E+05  8.0840E+05  7.5577E+06  2.5597E+06  9.5458E+05  5.7910E+04  5.3943E+04  5.0165E+04  5.6636E+04  4.2825E+05  3.0970E+06  1.3081E+06  6.3722E+05  1.9769E+04  1.6365E+04  2.1887E+04
 1.910E+00 - 1.090E+00    2.5043E+00  3.5233E+03  1.5694E+05  1.3356E+05  3.7314E+05  2.8869E+06  1.5804E+06  2.7970E+06  1.4035E+06  2.7975E+06  2.7194E+05  1.0741E+07  2.2423E+07  8.7190E+06  7.3301E+05  7.0251E+06  3.0447E+05  6.2200E+06  1.0266E+06  5.8071E+06  9.8284E+05  7.3186E+06  1.2260E+07  7.5514E+06  1.5113E+06  6.8352E+06  2.3217E+07  1.1326E+07  1.0879E+06  6.7013E+05  3.3277E+06  9.1667E+06  4.2025E+06  1.0172E+06  3.5688E+06  5.9391E+06  3.4961E+06  8.8144E+06  4.3547E+06  1.1558E+07  5.1083E+06  1.4849E+06  2.7563E+06  1.1803E+06  5.1817E+06  2.7680E+07  1.3076E+07  7.0125E+06  5.3074E+05  4.9160E+05  2.9672E+06  1.8393E+06  3.3644E+06  1.5817E+06  4.3239E+06  1.1312E+07  5.1818E+06  1.4899E+06  7.4548E+06  1.1287E+07  6.2013E+06  3.2100E+06  9.3493E+06  2.4168E+07  1.0392E+07  3.9853E+06  4.5934E+05  7.0508E+06  5.8221E+07  1.9863E+07  2.2332E+05  3.4711E+05  6.0167E+06  1.1827E+07  7.9121E+06  1.4097E+06  6.6391E+06  1.4842E+07  8.1945E+06  1.7330E+07  7.6261E+06  2.0939E+07  9.4394E+06  2.4480E+06  9.2608E+06  1.3904E+07  1.1582E+07  1.6282E+07  1.2112E+07  3.4677E+07  1.5276E+07  3.4548E+06  3.0770E+06  2.8148E+06  1.1546E+06  1.1248E+06  4.4868E+06  6.4290E+06  5.4085E+06  1.7970E+06  4.8177E+06  1.0736E+07  6.9723E+06  1.0222E+07  6.6623E+06  1.0069E+07  7.2033E+06  1.0966E+07  7.7518E+06  1.2094E+07  6.7493E+06  2.3342E+06  6.4628E+06  2.0325E+07  9.5490E+06  2.8519E+06  5.9309E+05  6.7448E+05  7.0834E+06  1.6135E+06  5.3301E+06  3.3263E+06  7.8774E+06  1.6212E+07  8.3980E+06  2.1217E+06  7.5017E+06  2.5237E+07  1.2103E+07  3.6934E+06  5.7393E+05  5.2631E+05  5.5917E+05  1.4372E+06  6.7579E+05  6.2068E+06  1.2165E+07  7.3393E+06  8.9176E+05  6.3968E+06  5.5736E+07  1.5293E+07  6.4740E+05  1.5735E+06  6.1095E+05  6.2398E+06  1.1828E+07  7.1795E+06  8.0554E+05  6.3416E+06  4.3393E+07  1.1170E+07  2.2386E+05  2.8098E+05  4.9232E+06  1.3473E+06  6.2084E+06  2.0501E+06  7.7015E+06  9.1216E+06  6.4742E+06  8.5793E+06  7.1224E+06  1.2117E+07  6.6151E+06  3.0489E+06  8.1165E+06  1.2142E+07  8.5398E+06  1.1620E+07  9.2474E+06  1.8767E+07  9.4287E+06  2.9373E+06  1.2401E+06  1.1447E+06  6.8731E+06  2.5710E+07  1.1881E+07  3.4992E+06  2.5547E+05  1.3606E+07  2.4527E+05  5.8940E+06  1.3968E+07  9.9143E+06  3.8447E+06  1.1650E+06  7.8869E+05  5.3893E+05  2.9378E+06  4.2508E+05  1.9038E+06  8.9326E+06  4.3305E+06  5.5838E+05  1.5688E+06  9.4617E+06  4.5491E+06  3.9440E+05  1.3357E+06  6.9568E+06  4.0569E+06  2.9520E+05  5.0027E+05  4.9847E+06  1.2575E+07  1.2590E+07  5.1516E+06  2.1376E+05  1.8332E+05  6.4231E+05  9.5107E+06  1.7143E+06  1.5577E+06  5.0844E+06  3.6333E+07  1.5465E+07  3.3791E+06  2.0878E+05  2.4405E+05  2.1150E+05  9.1210E+05  1.5022E+07  5.9190E+07  2.3081E+07  6.3753E+05  4.1672E+05  4.2371E+05  3.1778E+06  3.2824E+07  1.0858E+07  1.8500E+06  9.6677E+05  7.8523E+05  7.1430E+05  9.0203E+05  6.5228E+06  6.0786E+07  2.1473E+07  8.5357E+06  6.4233E+05  6.0938E+05  5.6880E+05  6.1358E+05  3.5908E+06  2.5019E+07  1.0913E+07  5.6825E+06  1.8988E+05  1.6259E+05  2.0582E+05
 1.090E+00 - 9.100E-01    7.3897E-01  8.9679E+03  5.5404E+04  4.9991E+04  1.2112E+05  6.8546E+05  4.0631E+05  6.9755E+05  4.0212E+05  7.2524E+05  9.4603E+04  2.8155E+06  5.4900E+06  2.6030E+06  2.7072E+05  2.1403E+06  1.0511E+05  1.4539E+06  3.6744E+05  1.4381E+06  3.8409E+05  1.9547E+06  3.1462E+06  2.0014E+06  6.5271E+05  1.8225E+06  5.5786E+06  2.6766E+06  4.9762E+05  2.7969E+05  8.8585E+05  2.2642E+06  1.0345E+06  3.9230E+05  9.7341E+05  1.5377E+06  9.5263E+05  2.2302E+06  1.1813E+06  2.8965E+06  1.3172E+06  5.9628E+05  8.6454E+05  4.7427E+05  1.4270E+06  6.4952E+06  3.0179E+06  1.8889E+06  1.8925E+05  1.6810E+05  7.2304E+05  4.5999E+05  8.3969E+05  4.5834E+05  1.1168E+06  2.7605E+06  1.2821E+06  5.6107E+05  1.8837E+06  2.7857E+06  1.6340E+06  1.0319E+06  2.4536E+06  5.7360E+06  2.5018E+06  1.3585E+06  1.4898E+05  1.7784E+06  1.4522E+07  6.2417E+06  8.0709E+04  1.1571E+05  1.3973E+06  2.7890E+06  1.8310E+06  4.8576E+05  1.6640E+06  3.6420E+06  2.0730E+06  4.2758E+06  2.0689E+06  5.2279E+06  2.4188E+06  9.9938E+05  2.4919E+06  3.6106E+06  3.0373E+06  4.1742E+06  3.2122E+06  8.4074E+06  3.7657E+06  1.5271E+06  1.4183E+06  1.3323E+06  5.1811E+05  4.6762E+05  1.2218E+06  1.6827E+06  1.4187E+06  6.4951E+05  1.3347E+06  2.7398E+06  1.7956E+06  2.5839E+06  1.7716E+06  2.5990E+06  1.9254E+06  2.8390E+06  2.0754E+06  3.1296E+06  1.8339E+06  9.3280E+05  1.8330E+06  5.0253E+06  2.4046E+06  1.1342E+06  2.1031E+05  2.2183E+05  1.6685E+06  5.2730E+05  1.3588E+06  8.8803E+05  2.0546E+06  4.0635E+06  2.1400E+06  8.3985E+05  2.0303E+06  6.1101E+06  2.8851E+06  1.2528E+06  1.9951E+05  1.8765E+05  1.8220E+05  3.9326E+05  2.1049E+05  1.4511E+06  2.8837E+06  1.7178E+06  3.2845E+05  1.5565E+06  1.2763E+07  4.0909E+06  2.1767E+05  4.3985E+05  1.9617E+05  1.4581E+06  2.8020E+06  1.6782E+06  2.8827E+05  1.5255E+06  9.8876E+06  2.8729E+06  8.0060E+04  9.3691E+04  1.1427E+06  3.9642E+05  1.6753E+06  7.6257E+05  2.0255E+06  2.3648E+06  1.8081E+06  2.3120E+06  2.0073E+06  3.1995E+06  1.8604E+06  1.1379E+06  2.2499E+06  3.2180E+06  2.3550E+06  3.1055E+06  2.5531E+06  4.8072E+06  2.5221E+06  1.2348E+06  5.6711E+05  4.6762E+05  1.7490E+06  6.0798E+06  2.6972E+06  1.0984E+06  8.7272E+04  3.3934E+06  8.4197E+04  1.3921E+06  3.1859E+06  2.2867E+06  1.1386E+06  4.4422E+05  3.5269E+05  2.2286E+05  7.5927E+05  1.6658E+05  4.9762E+05  2.0963E+06  1.0268E+06  2.3658E+05  4.5433E+05  2.2382E+06  1.1260E+06  1.4762E+05  3.5822E+05  1.6284E+06  9.6326E+05  1.0058E+05  1.4803E+05  1.1870E+06  2.9958E+06  2.9856E+06  1.1523E+06  7.2954E+04  6.5903E+04  1.8823E+05  2.3013E+06  6.4998E+05  5.8526E+05  1.3571E+06  8.4226E+06  3.5821E+06  1.4629E+06  7.1889E+04  7.9814E+04  7.2823E+04  2.5183E+05  3.4318E+06  1.3386E+07  4.9282E+06  2.4485E+05  1.4784E+05  1.4361E+05  7.8456E+05  7.4898E+06  2.2522E+06  7.2954E+05  4.3957E+05  3.4807E+05  3.0260E+05  3.2581E+05  1.5927E+06  1.3775E+07  4.6240E+06  2.4436E+06  2.3448E+05  2.2421E+05  1.9991E+05  2.0407E+05  8.7179E+05  5.6964E+06  2.3187E+06  1.3378E+06  6.6027E+04  5.9885E+04  7.0601E+04
 9.100E-01 - 8.900E-01    7.3897E-02  2.5117E+02  4.9751E+03  4.2882E+03  1.1595E+04  8.6839E+04  4.9101E+04  8.5317E+04  4.4577E+04  8.5669E+04  8.3660E+03  3.3481E+05  6.8251E+05  2.7750E+05  2.1167E+04  2.1746E+05  8.2127E+03  1.8697E+05  3.2925E+04  1.7586E+05  3.0592E+04  2.2582E+05  3.6218E+05  2.3463E+05  4.7814E+04  2.0528E+05  6.8925E+05  3.5056E+05  3.1075E+04  1.7539E+04  9.5935E+04  2.6426E+05  1.2467E+05  3.0192E+04  1.0522E+05  1.7063E+05  1.0521E+05  2.5676E+05  1.3276E+05  3.4132E+05  1.5821E+05  4.7503E+04  8.4263E+04  3.5663E+04  1.5859E+05  8.3115E+05  4.1563E+05  2.2817E+05  1.5607E+04  1.4885E+04  8.9103E+04  5.6777E+04  1.0243E+05  5.0301E+04  1.3330E+05  3.3783E+05  1.6179E+05  4.9934E+04  2.2670E+05  3.3887E+05  1.9287E+05  1.0337E+05  2.8316E+05  7.2670E+05  3.2883E+05  1.3528E+05  1.4110E+04  2.1791E+05  1.8008E+06  6.6916E+05  5.9003E+03  9.7976E+03  1.7788E+05  3.3937E+05  2.3831E+05  4.6302E+04  2.0255E+05  4.3352E+05  2.5210E+05  5.1250E+05  2.3846E+05  6.2478E+05  2.9662E+05  8.1752E+04  2.8369E+05  4.1196E+05  3.5419E+05  4.8583E+05  3.7284E+05  1.0403E+06  4.8148E+05  1.1815E+05  1.0478E+05  9.4990E+04  3.0875E+04  3.0077E+04  1.2970E+05  1.8324E+05  1.5932E+05  5.3554E+04  1.4267E+05  3.1227E+05  2.0894E+05  2.9930E+05  2.0204E+05  2.9665E+05  2.1943E+05  3.2484E+05  2.3705E+05  3.5977E+05  2.1084E+05  7.5005E+04  1.9737E+05  6.0631E+05  2.9821E+05  9.3946E+04  1.7829E+04  2.0771E+04  2.1364E+05  5.2902E+04  1.6304E+05  1.0522E+05  2.4422E+05  4.8032E+05  2.6391E+05  7.1290E+04  2.2948E+05  7.5175E+05  3.7814E+05  1.2362E+05  1.7227E+04  1.5848E+04  1.7306E+04  4.2048E+04  2.1064E+04  1.8594E+05  3.5291E+05  2.2287E+05  2.8215E+04  1.9199E+05  1.6807E+06  4.9932E+05  1.9581E+04  4.5793E+04  1.8947E+04  1.8672E+05  3.4263E+05  2.1775E+05  2.4919E+04  1.8976E+05  1.3031E+06  3.6291E+05  5.8618E+03  7.6210E+03  1.4726E+05  4.2696E+04  1.9266E+05  6.6236E+04  2.3520E+05  2.7432E+05  2.0038E+05  2.5823E+05  2.2034E+05  3.6436E+05  2.0787E+05  9.8195E+04  2.4817E+05  3.6282E+05  2.6228E+05  3.4832E+05  2.8429E+05  5.6178E+05  2.9697E+05  9.7490E+04  3.4366E+04  3.1151E+04  2.0130E+05  7.5743E+05  3.6383E+05  1.1173E+05  7.0006E+03  4.1990E+05  6.8428E+03  1.7279E+05  4.1954E+05  3.0357E+05  1.2368E+05  3.5563E+04  2.4333E+04  1.4783E+04  8.5971E+04  1.1585E+04  5.6233E+04  2.6494E+05  1.3199E+05  1.6562E+04  4.6730E+04  2.8114E+05  1.3914E+05  1.1073E+04  3.9528E+04  2.0695E+05  1.2346E+05  8.7410E+03  1.5029E+04  1.4680E+05  3.6093E+05  3.6552E+05  1.5614E+05  5.9396E+03  5.0445E+03  1.9325E+04  2.9098E+05  5.7570E+04  5.0499E+04  1.5500E+05  1.0946E+06  4.9245E+05  1.2013E+05  5.6766E+03  6.7257E+03  5.7705E+03  2.7556E+04  4.4675E+05  1.7702E+06  7.2980E+05  1.7146E+04  1.2024E+04  1.2559E+04  9.3272E+04  9.7222E+05  3.3858E+05  6.5490E+04  3.1736E+04  2.4240E+04  2.1321E+04  2.6694E+04  1.9332E+05  1.8120E+06  6.7480E+05  2.8711E+05  1.8372E+04  1.7476E+04  1.6737E+04  1.8393E+04  1.0704E+05  7.4577E+05  3.4406E+05  1.8310E+05  5.1194E+03  4.3085E+03  5.6335E+03
 8.900E-01 - 7.100E-01    5.9195E-01  6.6053E+03  6.2764E+04  5.6244E+04  1.3696E+05  8.2527E+05  4.8396E+05  8.3155E+05  4.6387E+05  8.5062E+05  1.1679E+05  3.2773E+06  6.4987E+06  2.8560E+06  3.6631E+05  2.5531E+06  1.4388E+05  1.7867E+06  4.1894E+05  1.7179E+06  4.0222E+05  2.2684E+06  3.7128E+06  2.3249E+06  6.3531E+05  2.0686E+06  6.6137E+06  3.1770E+06  4.8770E+05  3.4993E+05  1.0862E+06  2.7397E+06  1.2908E+06  4.8932E+05  1.1917E+06  1.8837E+06  1.1733E+06  2.6994E+06  1.4424E+06  3.4916E+06  1.6203E+06  6.9101E+05  1.0154E+06  5.4865E+05  1.7065E+06  7.8735E+06  3.7236E+06  2.2821E+06  3.2714E+05  2.9613E+05  9.7170E+05  6.5650E+05  1.1056E+06  6.3353E+05  1.4089E+06  3.3784E+06  1.6184E+06  6.8043E+05  2.2843E+06  3.3660E+06  1.9739E+06  1.2010E+06  2.9076E+06  6.9150E+06  3.0437E+06  1.5521E+06  2.4398E+05  2.1786E+06  1.7270E+07  7.0113E+06  1.2534E+05  1.6367E+05  1.7196E+06  3.4036E+06  2.2553E+06  5.6616E+05  1.9862E+06  4.3540E+06  2.4649E+06  5.0926E+06  2.4055E+06  6.1791E+06  2.8438E+06  1.0102E+06  2.8284E+06  4.1858E+06  3.4881E+06  4.8526E+06  3.6877E+06  9.9603E+06  4.4279E+06  1.5105E+06  1.3711E+06  1.2639E+06  5.5580E+05  5.4621E+05  1.4706E+06  2.0452E+06  1.7282E+06  7.9106E+05  1.6215E+06  3.3043E+06  2.1956E+06  3.1455E+06  2.1593E+06  3.1554E+06  2.3368E+06  3.4303E+06  2.5089E+06  3.7664E+06  2.2208E+06  1.0670E+06  2.1613E+06  6.0152E+06  2.9060E+06  1.2781E+06  3.8157E+05  3.8951E+05  2.1512E+06  7.2511E+05  1.7258E+06  1.1600E+06  2.5136E+06  4.9123E+06  2.6261E+06  9.5881E+05  2.4014E+06  7.3252E+06  3.5092E+06  1.4454E+06  3.4486E+05  3.3063E+05  3.1614E+05  5.6862E+05  3.4016E+05  1.8499E+06  3.5718E+06  2.1777E+06  4.1944E+05  1.9177E+06  1.5576E+07  4.9287E+06  3.8262E+05  6.4822E+05  3.3661E+05  1.8726E+06  3.4920E+06  2.1444E+06  3.9258E+05  1.9020E+06  1.2097E+07  3.5322E+06  1.2873E+05  1.4511E+05  1.4239E+06  4.9858E+05  1.9524E+06  8.0153E+05  2.3398E+06  2.7620E+06  2.0574E+06  2.6814E+06  2.2705E+06  3.6932E+06  2.1024E+06  1.1815E+06  2.5384E+06  3.6958E+06  2.6681E+06  3.5675E+06  2.8994E+06  5.5975E+06  2.8906E+06  1.2558E+06  5.8275E+05  5.4825E+05  2.1165E+06  7.3537E+06  3.3517E+06  1.3325E+06  1.3659E+05  4.0680E+06  1.2938E+05  1.7051E+06  3.9105E+06  2.8226E+06  1.3248E+06  4.5623E+05  3.4908E+05  2.5808E+05  9.1489E+05  2.2812E+05  6.3635E+05  2.5761E+06  1.2944E+06  2.8856E+05  5.6079E+05  2.7294E+06  1.3899E+06  2.2801E+05  4.8714E+05  2.0315E+06  1.2326E+06  1.7407E+05  2.3042E+05  1.4817E+06  3.6561E+06  3.6329E+06  1.4700E+06  1.1452E+05  1.0601E+05  2.4538E+05  2.7908E+06  7.0083E+05  6.1189E+05  1.5548E+06  1.0167E+07  4.3583E+06  1.5015E+06  1.1088E+05  1.2051E+05  1.1183E+05  3.2152E+05  4.1860E+06  1.6315E+07  6.1913E+06  3.4395E+05  2.5795E+05  2.5068E+05  1.0213E+06  9.1610E+06  2.9186E+06  8.7297E+05  4.8407E+05  3.9245E+05  3.5766E+05  4.0372E+05  1.9461E+06  1.6790E+07  5.8224E+06  2.9470E+06  3.7986E+05  3.6903E+05  3.4541E+05  3.5055E+05  1.1628E+06  7.0338E+06  3.0108E+06  1.7634E+06  1.0337E+05  9.5884E+04  1.0800E+05
 7.100E-01 - 6.900E-01    5.7811E-02  6.4199E+02  4.8539E+03  4.2718E+03  1.1260E+04  8.2468E+04  5.4501E+04  8.6209E+04  5.1619E+04  8.5823E+04  7.1775E+03  3.6277E+05  6.7501E+05  3.0608E+05  1.3252E+04  1.9832E+05  7.9620E+03  1.8664E+05  4.0498E+04  1.7530E+05  3.0612E+04  2.4082E+05  3.5040E+05  2.5086E+05  4.5627E+04  1.8661E+05  6.1024E+05  3.5417E+05  1.9980E+04  1.0007E+04  7.7449E+04  2.1924E+05  1.1714E+05  2.9297E+04  9.2060E+04  1.4415E+05  1.0366E+05  2.2895E+05  1.3748E+05  3.1052E+05  1.6870E+05  5.1973E+04  7.9278E+04  2.8444E+04  1.6116E+05  7.8984E+05  4.6613E+05  3.1068E+05  8.1880E+03  8.4843E+03  7.9322E+04  5.4969E+04  9.8771E+04  5.5253E+04  1.3486E+05  3.0733E+05  1.7313E+05  5.6853E+04  2.1377E+05  3.1221E+05  2.0417E+05  1.1409E+05  2.6254E+05  6.7900E+05  3.7238E+05  1.9046E+05  9.2232E+03  2.3043E+05  1.9423E+06  9.3849E+05  6.2085E+03  1.0319E+04  1.5924E+05  2.9236E+05  2.3873E+05  6.2167E+04  2.0712E+05  3.9789E+05  2.6903E+05  4.8438E+05  2.6682E+05  5.8608E+05  3.3132E+05  9.7108E+04  2.8262E+05  3.8659E+05  3.5576E+05  4.6528E+05  3.8874E+05  9.7047E+05  5.3988E+05  1.5311E+05  1.2823E+05  1.0883E+05  1.6743E+04  1.7945E+04  1.0588E+05  1.4674E+05  1.4601E+05  5.5335E+04  1.2984E+05  2.7148E+05  2.0212E+05  2.7677E+05  2.0715E+05  2.8430E+05  2.2677E+05  3.1336E+05  2.4680E+05  3.4791E+05  2.2899E+05  8.3514E+04  1.9327E+05  5.4576E+05  3.0941E+05  1.1644E+05  9.0025E+03  1.3103E+04  2.0143E+05  5.9731E+04  1.5555E+05  1.1044E+05  2.5329E+05  4.4783E+05  2.7792E+05  7.6690E+04  2.1060E+05  6.6109E+05  3.7756E+05  1.6080E+05  8.7070E+03  7.5813E+03  1.0359E+04  3.0658E+04  1.5068E+04  1.6691E+05  3.0600E+05  2.1975E+05  2.0721E+04  1.7085E+05  1.6491E+06  6.8531E+05  1.0295E+04  3.1837E+04  1.1547E+04  1.6595E+05  2.9529E+05  2.1244E+05  1.6317E+04  1.6788E+05  1.2466E+06  4.9492E+05  6.1497E+03  8.0290E+03  1.4415E+05  5.6382E+04  2.0776E+05  7.3840E+04  2.3655E+05  2.6635E+05  2.1292E+05  2.5702E+05  2.3141E+05  3.5053E+05  2.2697E+05  1.1179E+05  2.4695E+05  3.4275E+05  2.6925E+05  3.4010E+05  2.9407E+05  5.2648E+05  3.1931E+05  1.2345E+05  1.9681E+04  1.9769E+04  1.7258E+05  6.5767E+05  3.6124E+05  1.5206E+05  6.7143E+03  4.5445E+05  6.9106E+03  1.4755E+05  4.0876E+05  3.2738E+05  1.5182E+05  3.1197E+04  2.1517E+04  1.0588E+04  7.4380E+04  8.3779E+03  5.2739E+04  2.3908E+05  1.4135E+05  1.2500E+04  4.1984E+04  2.5227E+05  1.4906E+05  7.4316E+03  3.5755E+04  1.8835E+05  1.2875E+05  6.4109E+03  1.3120E+04  1.2493E+05  3.0315E+05  3.0993E+05  1.5567E+05  5.6906E+03  4.9340E+03  2.0190E+04  3.0746E+05  7.2759E+04  5.3921E+04  1.4999E+05  1.0652E+06  5.9571E+05  1.7699E+05  5.6862E+03  6.6365E+03  5.8166E+03  2.9554E+04  4.0607E+05  1.6653E+06  8.6448E+05  1.0650E+04  7.2453E+03  8.3382E+03  7.6317E+04  8.5371E+05  3.7436E+05  9.8406E+04  2.5997E+04  1.5050E+04  1.2442E+04  1.8938E+04  1.6700E+05  1.6643E+06  7.9510E+05  4.4257E+05  9.2756E+03  8.5762E+03  8.5422E+03  1.0825E+04  9.1508E+04  6.7856E+05  3.6990E+05  2.4253E+05  5.3225E+03  4.5890E+03  5.8438E+03
 6.900E-01 - 5.100E-01    4.4597E-01  4.5274E+03  4.9836E+04  4.2408E+04  1.1082E+05  8.6009E+05  4.4107E+05  8.2548E+05  3.9263E+05  8.3325E+05  8.3046E+04  3.0685E+06  6.6317E+06  2.4464E+06  2.1088E+05  2.0123E+06  1.4878E+05  1.8786E+06  3.4204E+05  1.7538E+06  3.2998E+05  2.1431E+06  3.8062E+06  2.1840E+06  4.6416E+05  2.0772E+06  7.1926E+06  3.1345E+06  3.4557E+05  2.4052E+05  1.0770E+06  2.9710E+06  1.2448E+06  3.3468E+05  1.1408E+06  1.9275E+06  1.0568E+06  2.8140E+06  1.2905E+06  3.6400E+06  1.4432E+06  4.5604E+05  8.5164E+05  3.8316E+05  1.5335E+06  8.2778E+06  3.3874E+06  1.6739E+06  2.1737E+05  2.0816E+05  9.4421E+05  5.6858E+05  1.0454E+06  4.9224E+05  1.3095E+06  3.5517E+06  1.4769E+06  4.6543E+05  2.2687E+06  3.4822E+06  1.7963E+06  9.4643E+05  2.9082E+06  7.2948E+06  2.7233E+06  1.0061E+06  2.0098E+05  2.0893E+06  1.6741E+07  4.9936E+06  1.3364E+05  1.6765E+05  1.9139E+06  3.8510E+06  2.3730E+06  4.4523E+05  1.9922E+06  4.7215E+06  2.4020E+06  5.4227E+06  2.2107E+06  6.5406E+06  2.6295E+06  7.1505E+05  2.7260E+06  4.2851E+06  3.3971E+06  4.9631E+06  3.5023E+06  1.0555E+07  4.0466E+06  9.3646E+05  8.4771E+05  7.8689E+05  3.6657E+05  3.6481E+05  1.4069E+06  2.0220E+06  1.6261E+06  5.3633E+05  1.4880E+06  3.4213E+06  2.0648E+06  3.1549E+06  1.9435E+06  3.0911E+06  2.1020E+06  3.3620E+06  2.2540E+06  3.7007E+06  1.8889E+06  6.8181E+05  1.9043E+06  6.2641E+06  2.6092E+06  7.7571E+05  2.4327E+05  2.6811E+05  2.1570E+06  5.1185E+05  1.6427E+06  9.7685E+05  2.3273E+06  5.0925E+06  2.4054E+06  6.4334E+05  2.3020E+06  7.8778E+06  3.3813E+06  9.5932E+05  2.3824E+05  2.2337E+05  2.3652E+05  5.2898E+05  2.6995E+05  1.9389E+06  3.9187E+06  2.1956E+06  3.2430E+05  1.9875E+06  1.6440E+07  3.8458E+06  2.6557E+05  5.7319E+05  2.5728E+05  1.9566E+06  3.8190E+06  2.1580E+06  3.0681E+05  1.9792E+06  1.2931E+07  2.7723E+06  1.3609E+05  1.5232E+05  1.5207E+06  4.2830E+05  1.8371E+06  6.2702E+05  2.2817E+06  2.7326E+06  1.8934E+06  2.5777E+06  2.0838E+06  3.7161E+06  1.8555E+06  8.7744E+05  2.3861E+06  3.7124E+06  2.4698E+06  3.5041E+06  2.6791E+06  5.7562E+06  2.5849E+06  7.9303E+05  3.9194E+05  3.7470E+05  2.1295E+06  8.0310E+06  3.3016E+06  8.8918E+05  1.4005E+05  3.9644E+06  1.2536E+05  1.9207E+06  4.1739E+06  2.8270E+06  1.1168E+06  3.7232E+05  2.5330E+05  1.9843E+05  9.3408E+05  1.7077E+05  6.0524E+05  2.7711E+06  1.2328E+06  2.0635E+05  5.0375E+05  2.9246E+06  1.3001E+06  1.6490E+05  4.4153E+05  2.1524E+06  1.1808E+06  1.3969E+05  1.9892E+05  1.6239E+06  4.1288E+06  4.0973E+06  1.5105E+06  1.1171E+05  1.0202E+05  2.3320E+05  2.7883E+06  5.0899E+05  4.7695E+05  1.5238E+06  1.0741E+07  3.8814E+06  8.8586E+05  1.0713E+05  1.1785E+05  1.0774E+05  3.0764E+05  4.6197E+06  1.7774E+07  5.7991E+06  2.2131E+05  1.6818E+05  1.7149E+05  1.0521E+06  1.0194E+07  2.8138E+06  5.1174E+05  3.1085E+05  2.6147E+05  2.4286E+05  2.9903E+05  2.0306E+06  1.8382E+07  5.3816E+06  1.9608E+06  2.3177E+05  2.2254E+05  2.1450E+05  2.2887E+05  1.1334E+06  7.6181E+06  2.8672E+06  1.3598E+06  9.7751E+04  8.9410E+04  1.0135E+05
 5.100E-01 - 4.900E-01    4.1294E-02  6.2155E+02  3.7245E+03  3.0519E+03  8.3461E+03  7.1592E+04  3.5113E+04  6.9337E+04  3.1727E+04  7.0643E+04  5.5459E+03  2.5469E+05  5.6039E+05  1.9953E+05  1.0990E+04  1.4423E+05  7.2890E+03  1.5243E+05  2.3298E+04  1.4134E+05  2.0953E+04  1.7255E+05  3.2350E+05  1.7130E+05  2.9622E+04  1.6676E+05  6.2098E+05  2.1955E+05  1.8042E+04  1.0376E+04  8.4886E+04  2.6262E+05  8.8722E+04  1.8582E+04  9.0287E+04  1.5828E+05  7.8784E+04  2.4687E+05  9.8103E+04  3.1987E+05  1.0009E+05  2.8125E+04  6.1484E+04  2.1233E+04  1.1794E+05  6.8915E+05  2.1851E+05  1.0480E+05  8.0267E+03  8.0285E+03  7.0183E+04  3.4689E+04  7.8743E+04  3.1176E+04  1.0052E+05  3.0719E+05  1.0415E+05  2.9410E+04  1.8181E+05  2.9374E+05  1.3767E+05  6.8850E+04  2.4648E+05  6.0961E+05  1.7889E+05  6.8704E+04  8.5787E+03  1.6714E+05  1.3945E+06  3.8449E+05  6.3631E+03  9.2367E+03  1.6061E+05  3.3827E+05  1.9339E+05  3.2572E+04  1.6154E+05  4.2151E+05  1.9457E+05  4.8383E+05  1.7873E+05  5.8500E+05  1.9534E+05  5.1687E+04  2.1899E+05  3.6043E+05  2.7509E+05  4.2298E+05  2.8247E+05  9.0600E+05  2.7849E+05  6.7472E+04  5.9261E+04  5.3537E+04  1.7659E+04  1.7944E+04  1.0886E+05  1.5795E+05  1.2394E+05  3.2557E+04  1.1599E+05  2.9874E+05  1.5886E+05  2.6079E+05  1.4921E+05  2.5646E+05  1.6266E+05  2.8262E+05  1.7469E+05  3.1369E+05  1.3498E+05  4.3991E+04  1.4542E+05  5.3435E+05  1.7471E+05  5.0042E+04  9.0547E+03  1.1764E+04  1.7063E+05  3.2595E+04  1.2827E+05  6.5275E+04  1.8408E+05  4.4846E+05  1.7841E+05  4.1758E+04  1.8412E+05  6.8360E+05  2.3542E+05  6.2894E+04  9.0343E+03  7.7353E+03  9.9182E+03  3.7859E+04  1.3139E+04  1.5517E+05  3.4146E+05  1.7248E+05  1.6964E+04  1.5860E+05  1.3708E+06  2.8975E+05  1.0286E+04  3.9732E+04  1.0935E+04  1.5562E+05  3.2928E+05  1.6820E+05  1.4753E+04  1.5721E+05  1.0789E+06  1.9716E+05  6.6359E+03  8.0212E+03  1.2304E+05  3.0880E+04  1.4789E+05  4.5270E+04  1.8327E+05  2.1943E+05  1.5046E+05  2.0677E+05  1.6590E+05  3.2046E+05  1.3585E+05  6.3731E+04  1.8946E+05  3.1613E+05  1.9379E+05  2.9234E+05  2.1273E+05  4.9963E+05  1.8277E+05  5.4332E+04  1.9909E+04  1.9237E+04  1.7041E+05  6.9695E+05  2.2740E+05  5.7560E+04  7.1119E+03  3.2784E+05  7.0485E+03  1.6955E+05  3.4756E+05  2.2395E+05  9.0235E+04  2.5002E+04  1.4268E+04  1.0844E+04  7.4290E+04  8.7392E+03  4.5275E+04  2.3366E+05  9.0256E+04  1.1088E+04  3.6113E+04  2.4540E+05  9.8001E+04  7.9260E+03  3.1221E+04  1.7811E+05  8.8166E+04  6.8199E+03  1.1869E+04  1.4086E+05  3.7546E+05  3.7529E+05  1.1369E+05  6.1803E+03  5.3060E+03  1.6300E+04  2.3061E+05  3.8519E+04  3.4779E+04  1.2244E+05  8.9758E+05  2.5603E+05  6.8568E+04  6.1516E+03  7.0733E+03  6.2181E+03  2.2954E+04  3.9373E+05  1.5050E+06  3.7542E+05  1.0891E+04  7.6627E+03  8.3092E+03  8.8831E+04  8.8207E+05  1.7636E+05  3.7481E+04  1.7902E+04  1.3776E+04  1.2511E+04  1.7499E+04  1.6767E+05  1.5581E+06  3.4608E+05  1.4028E+05  9.8410E+03  9.1402E+03  9.0134E+03  1.0552E+04  8.7974E+04  6.4190E+05  1.8224E+05  8.1399E+04  5.8823E+03  5.1702E+03  6.2384E+03
 4.900E-01 - 3.100E-01    2.2235E+03  1.1456E+04  4.3121E+04  3.8280E+04  8.9791E+04  6.0430E+05  3.3484E+05  5.9020E+05  3.0689E+05  5.9716E+05  6.7232E+04  2.2671E+06  4.6789E+06  1.9023E+06  1.6609E+05  1.4902E+06  6.7000E+04  1.2759E+06  2.3390E+05  1.2086E+06  2.3000E+05  1.5455E+06  2.5873E+06  1.5944E+06  3.6624E+05  1.4537E+06  4.8335E+06  2.3457E+06  2.6535E+05  1.5494E+05  7.0372E+05  1.9146E+06  8.7152E+05  2.3165E+05  7.5885E+05  1.2563E+06  7.3550E+05  1.8435E+06  9.1469E+05  2.4119E+06  1.0677E+06  3.4468E+05  6.0362E+05  2.7196E+05  1.0948E+06  5.7099E+06  2.6639E+06  1.4308E+06  1.0712E+05  9.7121E+04  6.0342E+05  3.6855E+05  6.8732E+05  3.2343E+05  8.9380E+05  2.3435E+06  1.0646E+06  3.3234E+05  1.5541E+06  2.3445E+06  1.2871E+06  6.9658E+05  1.9697E+06  5.0005E+06  2.1273E+06  8.5487E+05  8.8867E+04  1.4574E+06  1.2097E+07  4.2767E+06  5.4186E+04  8.1082E+04  1.2495E+06  2.4697E+06  1.6249E+06  3.2127E+05  1.3898E+06  3.1042E+06  1.7109E+06  3.6158E+06  1.6172E+06  4.3840E+06  1.9866E+06  5.8795E+05  1.9682E+06  2.9462E+06  2.4448E+06  3.4294E+06  2.5561E+06  7.2260E+06  3.1784E+06  8.4535E+05  7.6791E+05  7.1103E+05  2.8137E+05  2.6598E+05  9.5776E+05  1.3525E+06  1.1371E+06  4.0351E+05  1.0299E+06  2.2589E+06  1.4610E+06  2.1436E+06  1.3981E+06  2.1156E+06  1.5160E+06  2.3049E+06  1.6333E+06  2.5408E+06  1.4260E+06  5.4522E+05  1.3802E+06  4.2475E+06  1.9961E+06  6.5419E+05  1.2085E+05  1.3624E+05  1.4458E+06  3.4300E+05  1.1078E+06  6.8976E+05  1.6419E+06  3.3816E+06  1.7480E+06  4.8787E+05  1.5922E+06  5.2532E+06  2.5046E+06  7.9117E+05  1.1398E+05  1.0399E+05  1.0912E+05  2.9249E+05  1.3390E+05  1.2689E+06  2.5153E+06  1.4924E+06  1.9192E+05  1.3204E+06  1.1401E+07  3.1206E+06  1.2518E+05  3.1830E+05  1.1676E+05  1.2719E+06  2.4435E+06  1.4559E+06  1.6669E+05  1.3021E+06  8.8793E+06  2.2444E+06  5.5078E+04  6.6919E+04  1.0158E+06  2.9094E+05  1.3204E+06  4.7930E+05  1.6276E+06  1.9165E+06  1.3849E+06  1.8194E+06  1.5295E+06  2.5677E+06  1.4218E+06  7.0678E+05  1.7373E+06  2.5755E+06  1.8212E+06  2.4675E+06  1.9717E+06  3.9482E+06  2.0026E+06  6.9929E+05  3.0568E+05  2.7011E+05  1.4472E+06  5.3358E+06  2.4425E+06  7.3778E+05  6.0460E+04  2.8328E+06  6.1969E+04  1.2314E+06  2.8674E+06  2.0269E+06  8.3931E+05  2.7759E+05  1.9881E+05  1.3425E+05  6.2722E+05  1.0415E+05  4.0525E+05  1.8549E+06  8.9213E+05  1.3826E+05  3.4218E+05  1.9676E+06  9.4107E+05  9.3073E+04  2.8473E+05  1.4412E+06  8.3438E+05  6.7697E+04  1.0972E+05  1.0382E+06  2.6233E+06  2.6174E+06  1.0542E+06  5.3832E+04  4.7539E+04  1.4483E+05  1.9698E+06  4.0641E+05  3.6919E+05  1.0849E+06  7.4734E+06  3.1407E+06  8.2288E+05  5.3869E+04  6.1134E+04  5.4553E+04  2.0123E+05  3.1051E+06  1.2151E+07  4.6299E+06  1.4930E+05  9.3510E+04  9.3728E+04  6.6419E+05  6.7751E+06  2.1802E+06  4.2991E+05  2.3821E+05  1.9014E+05  1.6995E+05  2.0451E+05  1.3622E+06  1.2495E+07  4.2973E+06  1.7405E+06  1.3870E+05  1.3132E+05  1.1990E+05  1.2781E+05  7.3940E+05  5.1402E+06  2.1933E+06  1.1210E+06  5.1509E+04  4.5902E+04  5.5078E+04
 3.100E-01 - 2.900E-01    7.9826E+02  2.3617E+03  7.4689E+03  6.7440E+03  1.5005E+04  8.7580E+04  4.8139E+04  8.6052E+04  4.5157E+04  8.8116E+04  1.1609E+04  3.2248E+05  6.7046E+05  2.8154E+05  3.0891E+04  2.3775E+05  1.4110E+04  1.8329E+05  3.8262E+04  1.7597E+05  4.2040E+04  2.2890E+05  3.7865E+05  2.3282E+05  6.9796E+04  2.2568E+05  7.2413E+05  3.2234E+05  6.1828E+04  3.6938E+04  1.1761E+05  3.0317E+05  1.3131E+05  4.4428E+04  1.2222E+05  1.8887E+05  1.1387E+05  2.8645E+05  1.3817E+05  3.6951E+05  1.5114E+05  5.9632E+04  9.7163E+04  5.1529E+04  1.6671E+05  8.2035E+05  3.4082E+05  1.8763E+05  1.9260E+04  1.6806E+04  8.8073E+04  5.1485E+04  9.9546E+04  4.7182E+04  1.2892E+05  3.4911E+05  1.4438E+05  5.2491E+04  2.2682E+05  3.4657E+05  1.8531E+05  1.0742E+05  2.9901E+05  7.2228E+05  2.7612E+05  1.2643E+05  1.6591E+04  2.0841E+05  1.7031E+06  5.8774E+05  1.2863E+04  1.6860E+04  1.8590E+05  3.6492E+05  2.3212E+05  5.0973E+04  2.0207E+05  4.6718E+05  2.4666E+05  5.4400E+05  2.3616E+05  6.6241E+05  2.7447E+05  9.9428E+04  2.9672E+05  4.3729E+05  3.6484E+05  5.1523E+05  3.8026E+05  1.0680E+06  4.2766E+05  1.4824E+05  1.3867E+05  1.3200E+05  7.1486E+04  6.4062E+04  1.6349E+05  2.0981E+05  1.8330E+05  7.7692E+04  1.6862E+05  3.5795E+05  2.2272E+05  3.2483E+05  2.1295E+05  3.2038E+05  2.2925E+05  3.5068E+05  2.4478E+05  3.8632E+05  2.0859E+05  9.4753E+04  2.1322E+05  6.3818E+05  2.7637E+05  1.1152E+05  2.1490E+04  2.2819E+04  2.0648E+05  5.1650E+04  1.6079E+05  9.5859E+04  2.3673E+05  5.0749E+05  2.4312E+05  8.0011E+04  2.4037E+05  7.8435E+05  3.3824E+05  1.2030E+05  2.2090E+04  2.0489E+04  1.9796E+04  4.8239E+04  2.3353E+04  1.8478E+05  3.7428E+05  2.1137E+05  3.5836E+04  1.9680E+05  1.6080E+06  4.1647E+05  2.2271E+04  5.2305E+04  2.0909E+04  1.8523E+05  3.6098E+05  2.0622E+05  3.2734E+04  1.9437E+05  1.2591E+06  2.9370E+05  1.3320E+04  1.4964E+04  1.4811E+05  4.5592E+04  1.9477E+05  8.1128E+04  2.4458E+05  2.7864E+05  2.1185E+05  2.6515E+05  2.3498E+05  3.9606E+05  2.1196E+05  1.2260E+05  2.6964E+05  4.0014E+05  2.7968E+05  3.7918E+05  3.0292E+05  6.0587E+05  2.9097E+05  1.2680E+05  7.5105E+04  6.3241E+04  2.3136E+05  8.0564E+05  3.3627E+05  1.1783E+05  1.3989E+04  4.0237E+05  1.3596E+04  1.8875E+05  4.0752E+05  2.7901E+05  1.2312E+05  5.4024E+04  4.2448E+04  3.2413E+04  1.0297E+05  2.3617E+04  6.5182E+04  2.7514E+05  1.2559E+05  2.8594E+04  5.7289E+04  2.9173E+05  1.3567E+05  2.0014E+04  4.6402E+04  2.1197E+05  1.1808E+05  1.3742E+04  1.9569E+04  1.5863E+05  3.9997E+05  4.0474E+05  1.4489E+05  1.1997E+04  1.1054E+04  2.5048E+04  2.8043E+05  6.4594E+04  6.1786E+04  1.6432E+05  1.0629E+06  3.9550E+05  1.3204E+05  1.1733E+04  1.2771E+04  1.1822E+04  3.2474E+04  4.4966E+05  1.7263E+06  5.5728E+05  3.1988E+04  1.6739E+04  1.6211E+04  1.0227E+05  9.8722E+05  2.6241E+05  6.3496E+04  4.2961E+04  3.8980E+04  3.6616E+04  4.0940E+04  2.0818E+05  1.7897E+06  5.2418E+05  2.3119E+05  2.6787E+04  2.5281E+04  2.1483E+04  2.1707E+04  1.0894E+05  7.3662E+05  2.6962E+05  1.3490E+05  1.0948E+04  1.0143E+04  1.1460E+04
 2.900E-01 - 1.100E-01    9.5930E+05  9.8407E+05  1.0098E+06  1.0053E+06  1.0465E+06  1.4922E+06  1.2429E+06  1.4758E+06  1.2188E+06  1.4838E+06  1.0279E+06  2.8382E+06  4.9689E+06  2.4878E+06  1.0965E+06  2.1570E+06  1.0458E+06  2.0757E+06  1.1709E+06  2.0082E+06  1.1637E+06  2.2562E+06  3.2401E+06  2.2826E+06  1.2538E+06  2.2119E+06  5.2813E+06  2.8255E+06  1.1737E+06  1.0993E+06  1.6013E+06  2.7339E+06  1.6897E+06  1.1590E+06  1.6424E+06  2.1109E+06  1.5872E+06  2.6377E+06  1.7294E+06  3.1422E+06  1.8160E+06  1.2395E+06  1.4723E+06  1.1884E+06  1.8783E+06  5.8945E+06  2.9597E+06  1.9388E+06  1.0734E+06  1.0683E+06  1.5062E+06  1.2803E+06  1.5696E+06  1.2415E+06  1.7325E+06  3.0827E+06  1.8243E+06  1.2392E+06  2.3099E+06  3.0375E+06  2.0262E+06  1.5325E+06  2.7123E+06  5.3144E+06  2.5538E+06  1.5761E+06  1.0657E+06  2.2044E+06  1.1041E+07  4.0620E+06  1.0359E+06  1.0572E+06  2.1016E+06  3.2452E+06  2.3681E+06  1.2366E+06  2.1538E+06  3.7767E+06  2.4017E+06  4.2087E+06  2.3016E+06  4.9066E+06  2.5395E+06  1.4190E+06  2.6065E+06  3.5288E+06  3.0082E+06  3.9369E+06  3.0747E+06  7.3115E+06  3.3694E+06  1.5778E+06  1.5206E+06  1.4797E+06  1.1810E+06  1.1753E+06  1.7983E+06  2.1832E+06  1.9234E+06  1.2804E+06  1.8506E+06  3.0050E+06  2.1847E+06  2.8298E+06  2.1168E+06  2.7965E+06  2.2153E+06  2.9637E+06  2.3077E+06  3.1704E+06  2.0923E+06  1.3806E+06  2.1009E+06  4.7208E+06  2.5083E+06  1.4417E+06  1.0842E+06  1.0996E+06  2.2232E+06  1.2557E+06  1.9280E+06  1.5260E+06  2.3455E+06  3.9945E+06  2.3932E+06  1.3509E+06  2.3381E+06  5.6846E+06  2.9628E+06  1.5365E+06  1.0814E+06  1.0724E+06  1.0813E+06  1.2553E+06  1.1025E+06  2.0969E+06  3.2696E+06  2.2459E+06  1.1411E+06  2.1315E+06  1.0731E+07  3.2607E+06  1.0930E+06  1.2764E+06  1.0900E+06  2.1025E+06  3.2039E+06  2.2184E+06  1.1247E+06  2.1209E+06  8.6367E+06  2.5861E+06  1.0368E+06  1.0466E+06  1.8607E+06  1.2172E+06  2.0713E+06  1.3522E+06  2.3330E+06  2.6156E+06  2.1086E+06  2.5293E+06  2.2261E+06  3.2061E+06  2.0852E+06  1.5123E+06  2.4036E+06  3.1957E+06  2.4518E+06  3.0660E+06  2.5815E+06  4.4347E+06  2.5245E+06  1.4706E+06  1.1988E+06  1.1809E+06  2.2279E+06  5.7700E+06  2.9063E+06  1.4900E+06  1.0402E+06  3.3456E+06  1.0372E+06  2.1171E+06  3.4459E+06  2.6383E+06  1.6531E+06  1.1946E+06  1.1227E+06  1.0837E+06  1.5227E+06  1.0636E+06  1.3217E+06  2.6186E+06  1.6866E+06  1.0871E+06  1.2630E+06  2.7104E+06  1.7307E+06  1.0569E+06  1.2213E+06  2.2431E+06  1.6556E+06  1.0413E+06  1.0769E+06  1.9341E+06  3.4201E+06  3.4084E+06  1.8477E+06  1.0301E+06  1.0243E+06  1.1043E+06  2.6356E+06  1.2897E+06  1.2649E+06  1.8843E+06  7.3685E+06  3.2444E+06  1.5586E+06  1.0291E+06  1.0356E+06  1.0296E+06  1.1507E+06  3.7256E+06  1.1556E+07  4.3373E+06  1.0926E+06  1.0569E+06  1.0589E+06  1.5889E+06  7.0587E+06  2.5819E+06  1.2917E+06  1.1553E+06  1.1213E+06  1.1080E+06  1.1400E+06  2.1753E+06  1.1916E+07  4.0674E+06  2.1472E+06  1.0889E+06  1.0832E+06  1.0776E+06  1.0861E+06  1.6256E+06  5.4930E+06  2.6335E+06  1.7320E+06  1.0259E+06  1.0209E+06  1.0284E+06
 1.100E-01 - 9.000E-02    7.7599E+04  9.4249E+04  9.6332E+04  9.5919E+04  9.9381E+04  1.4143E+05  1.1813E+05  1.3945E+05  1.1506E+05  1.3947E+05  9.7612E+04  2.6271E+05  4.6131E+05  2.2384E+05  1.0165E+05  1.9035E+05  9.8460E+04  1.9582E+05  1.0846E+05  1.8759E+05  1.0675E+05  2.0794E+05  2.8770E+05  2.1135E+05  1.1166E+05  2.0210E+05  4.8726E+05  2.6865E+05  1.0478E+05  1.0064E+05  1.4727E+05  2.4937E+05  1.5774E+05  1.0588E+05  1.5070E+05  1.8725E+05  1.4650E+05  2.3956E+05  1.5958E+05  2.8729E+05  1.6950E+05  1.1158E+05  1.3351E+05  1.0735E+05  1.7218E+05  5.5010E+05  2.8823E+05  1.8277E+05  9.9598E+04  9.9541E+04  1.4093E+05  1.2046E+05  1.4671E+05  1.1571E+05  1.6110E+05  2.8470E+05  1.7139E+05  1.1267E+05  2.1344E+05  2.8007E+05  1.8759E+05  1.3884E+05  2.4743E+05  4.9396E+05  2.4313E+05  1.4268E+05  9.9708E+04  2.0544E+05  1.0234E+06  3.6193E+05  9.7568E+04  9.9450E+04  1.9704E+05  2.9230E+05  2.2361E+05  1.1431E+05  2.0071E+05  3.4158E+05  2.2373E+05  3.8364E+05  2.1199E+05  4.4825E+05  2.3699E+05  1.2510E+05  2.3787E+05  3.1274E+05  2.7559E+05  3.5499E+05  2.8155E+05  6.7450E+05  3.1846E+05  1.3421E+05  1.2865E+05  1.2484E+05  1.0477E+05  1.0530E+05  1.6362E+05  1.9063E+05  1.7652E+05  1.1541E+05  1.6832E+05  2.7156E+05  2.0110E+05  2.5502E+05  1.9444E+05  2.5114E+05  2.0312E+05  2.6726E+05  2.1142E+05  2.8667E+05  1.9313E+05  1.2152E+05  1.8992E+05  4.3258E+05  2.3481E+05  1.2639E+05  1.0023E+05  1.0198E+05  2.0825E+05  1.1550E+05  1.7846E+05  1.4198E+05  2.1641E+05  3.6112E+05  2.2336E+05  1.1989E+05  2.1240E+05  5.2238E+05  2.8072E+05  1.3864E+05  1.0013E+05  9.9332E+04  1.0063E+05  1.1580E+05  1.0269E+05  1.9623E+05  2.9674E+05  2.1128E+05  1.0470E+05  1.9797E+05  1.0113E+06  3.0730E+05  1.0107E+05  1.1719E+05  1.0134E+05  1.9658E+05  2.8973E+05  2.0853E+05  1.0349E+05  1.9727E+05  8.1276E+05  2.4646E+05  9.7628E+04  9.8555E+04  1.7549E+05  1.1414E+05  1.9096E+05  1.2170E+05  2.1469E+05  2.3443E+05  1.9268E+05  2.2295E+05  2.0245E+05  2.9067E+05  1.9100E+05  1.3372E+05  2.1808E+05  2.8814E+05  2.2298E+05  2.7528E+05  2.3451E+05  4.0332E+05  2.3399E+05  1.2765E+05  1.0579E+05  1.0599E+05  2.0426E+05  5.3281E+05  2.7800E+05  1.3665E+05  9.7976E+04  3.1187E+05  9.7896E+04  1.9752E+05  3.2548E+05  2.5114E+05  1.5229E+05  1.0905E+05  1.0250E+05  1.0026E+05  1.4146E+05  9.9094E+04  1.2362E+05  2.4465E+05  1.5964E+05  1.0038E+05  1.1726E+05  2.5268E+05  1.6273E+05  9.8725E+04  1.1435E+05  2.1012E+05  1.5645E+05  9.7996E+04  1.0138E+05  1.8045E+05  3.0969E+05  3.1427E+05  1.7575E+05  9.7367E+04  9.6831E+04  1.0404E+05  2.4764E+05  1.1732E+05  1.1502E+05  1.7381E+05  6.9190E+05  3.1594E+05  1.3500E+05  9.7321E+04  9.7923E+04  9.7362E+04  1.0848E+05  3.4964E+05  1.0880E+06  4.3250E+05  1.0081E+05  9.8783E+04  9.9191E+04  1.4793E+05  6.5899E+05  2.5403E+05  1.1726E+05  1.0430E+05  1.0204E+05  1.0145E+05  1.0496E+05  2.0181E+05  1.1182E+06  4.0239E+05  2.0286E+05  1.0051E+05  1.0006E+05  9.9974E+04  1.0099E+05  1.5167E+05  5.1494E+05  2.5972E+05  1.6759E+05  9.7076E+04  9.6611E+04  9.7311E+04
 9.000E-02 - 6.000E-02    8.4588E+02  4.9788E+04  5.3011E+04  5.2491E+04  5.7620E+04  1.1264E+05  8.3419E+04  1.1089E+05  8.0122E+04  1.1128E+05  5.5272E+04  2.8467E+05  5.4268E+05  2.4080E+05  6.3777E+04  1.9743E+05  5.6582E+04  1.8539E+05  7.2911E+04  1.7671E+05  7.1344E+04  2.0970E+05  3.1059E+05  2.1595E+05  8.2483E+04  1.9928E+05  5.6210E+05  2.9979E+05  7.1977E+04  6.3032E+04  1.2212E+05  2.4901E+05  1.4010E+05  7.1105E+04  1.2779E+05  1.7488E+05  1.2477E+05  2.3951E+05  1.4344E+05  3.0153E+05  1.6092E+05  8.1689E+04  1.0945E+05  7.4257E+04  1.6168E+05  6.5533E+05  3.3590E+05  1.9258E+05  6.0078E+04  5.9489E+04  1.1365E+05  8.8626E+04  1.2234E+05  8.2980E+04  1.4337E+05  2.9799E+05  1.6165E+05  8.2109E+04  2.1277E+05  2.9634E+05  1.8280E+05  1.1938E+05  2.5583E+05  5.8035E+05  2.7243E+05  1.3301E+05  5.9192E+04  2.0345E+05  1.3226E+06  4.7716E+05  5.5127E+04  5.7824E+04  1.8340E+05  3.0349E+05  2.2223E+05  8.1793E+04  1.9526E+05  3.6962E+05  2.2844E+05  4.2567E+05  2.1681E+05  5.0983E+05  2.5721E+05  1.0447E+05  2.5154E+05  3.4632E+05  3.0223E+05  4.0110E+05  3.1301E+05  8.1482E+05  3.8251E+05  1.2668E+05  1.1823E+05  1.1208E+05  7.2724E+04  7.2198E+04  1.4680E+05  1.8221E+05  1.6559E+05  8.7056E+04  1.5451E+05  2.8239E+05  1.9993E+05  2.6733E+05  1.9267E+05  2.6358E+05  2.0510E+05  2.8458E+05  2.1721E+05  3.0994E+05  1.9677E+05  9.9886E+04  1.8887E+05  4.9693E+05  2.5888E+05  1.1004E+05  6.1344E+04  6.3347E+04  2.0315E+05  8.4426E+04  1.6609E+05  1.2133E+05  2.2095E+05  3.9959E+05  2.3466E+05  9.5922E+04  2.1450E+05  6.0684E+05  3.1781E+05  1.2610E+05  6.1056E+04  6.0014E+04  6.1100E+04  7.9823E+04  6.3803E+04  1.8544E+05  3.1069E+05  2.0839E+05  6.8445E+04  1.8950E+05  1.2640E+06  3.7023E+05  6.2554E+04  8.2404E+04  6.2223E+04  1.8604E+05  3.0262E+05  2.0483E+05  6.6413E+04  1.8820E+05  9.9722E+05  2.8025E+05  5.5264E+04  5.6510E+04  1.5776E+05  7.9643E+04  1.8621E+05  9.5419E+04  2.1770E+05  2.4355E+05  1.9105E+05  2.3050E+05  2.0541E+05  3.1450E+05  1.9476E+05  1.1653E+05  2.2636E+05  3.1292E+05  2.3485E+05  2.9963E+05  2.5059E+05  4.6069E+05  2.5806E+05  1.1334E+05  7.4856E+04  7.2945E+04  1.9960E+05  6.1668E+05  3.1165E+05  1.2093E+05  5.5861E+04  3.4795E+05  5.5650E+04  1.8108E+05  3.5507E+05  2.6419E+05  1.3550E+05  7.5079E+04  6.6703E+04  6.1284E+04  1.1434E+05  5.8874E+04  9.1105E+04  2.4689E+05  1.4249E+05  6.1748E+04  8.3701E+04  2.5837E+05  1.4674E+05  5.8129E+04  7.8659E+04  2.0278E+05  1.3685E+05  5.6287E+04  6.0779E+04  1.6037E+05  3.2167E+05  3.2635E+05  1.6177E+05  5.4907E+04  5.4231E+04  6.4293E+04  2.5768E+05  8.8730E+04  8.4522E+04  1.6103E+05  8.4283E+05  3.8035E+05  1.2676E+05  5.4827E+04  5.5605E+04  5.4889E+04  7.0235E+04  3.8199E+05  1.3490E+06  5.4533E+05  6.2650E+04  5.8336E+04  5.8627E+04  1.1970E+05  7.7687E+05  2.8346E+05  9.1534E+04  7.0467E+04  6.6046E+04  6.4459E+04  6.8583E+04  1.9311E+05  1.3860E+06  5.0406E+05  2.2442E+05  6.2340E+04  6.1650E+04  6.0979E+04  6.2084E+04  1.2775E+05  5.9959E+05  2.8935E+05  1.6435E+05  5.4440E+04  5.3837E+04  5.4779E+04
 6.000E-02 - 4.000E-02    4.3972E+02  6.1615E+03  7.9789E+03  7.6741E+03  1.0532E+04  4.1586E+04  2.4761E+04  4.0674E+04  2.3024E+04  4.1058E+04  9.2272E+03  1.3748E+05  2.8441E+05  1.1231E+05  1.3807E+04  8.8495E+04  1.0505E+04  8.2900E+04  1.9516E+04  7.7906E+04  1.8514E+04  9.5980E+04  1.6266E+05  9.7898E+04  2.4402E+04  9.0664E+04  3.0115E+05  1.3629E+05  1.8509E+04  1.3791E+04  4.8131E+04  1.2554E+05  5.5604E+04  1.8314E+04  5.1270E+04  8.2525E+04  4.8427E+04  1.2009E+05  5.8780E+04  1.5488E+05  6.5555E+04  2.4098E+04  3.9883E+04  1.9984E+04  6.9039E+04  3.4818E+05  1.4968E+05  7.9907E+04  1.2462E+04  1.2199E+04  4.2755E+04  2.7551E+04  4.7552E+04  2.5066E+04  5.9197E+04  1.5116E+05  6.6725E+04  2.4615E+04  9.8560E+04  1.4847E+05  8.0469E+04  4.5332E+04  1.2553E+05  3.0691E+05  1.2104E+05  5.1368E+04  1.2139E+04  9.2952E+04  7.1968E+05  2.3773E+05  9.7132E+03  1.1201E+04  8.3073E+04  1.6118E+05  1.0342E+05  2.4443E+04  8.8235E+04  1.9920E+05  1.0645E+05  2.2969E+05  9.9790E+04  2.7685E+05  1.1756E+05  3.6579E+04  1.1926E+05  1.8183E+05  1.4766E+05  2.1124E+05  1.5326E+05  4.4352E+05  1.7851E+05  4.8377E+04  4.3665E+04  4.0252E+04  1.8841E+04  1.8667E+04  6.1515E+04  8.5454E+04  7.1238E+04  2.6910E+04  6.5798E+04  1.4467E+05  9.0040E+04  1.3411E+05  8.5965E+04  1.3232E+05  9.2924E+04  1.4406E+05  9.9532E+04  1.5842E+05  8.5001E+04  3.3960E+04  8.3993E+04  2.6318E+05  1.1446E+05  3.9199E+04  1.3207E+04  1.4385E+04  9.3089E+04  2.6057E+04  7.2314E+04  4.5204E+04  1.0257E+05  2.1516E+05  1.0637E+05  3.2158E+04  9.9827E+04  3.2881E+05  1.4605E+05  4.7651E+04  1.3140E+04  1.2534E+04  1.3238E+04  2.5126E+04  1.4765E+04  8.3708E+04  1.6405E+05  9.5471E+04  1.7207E+04  8.5853E+04  6.8982E+05  1.7944E+05  1.4062E+04  2.6582E+04  1.3958E+04  8.4150E+04  1.5953E+05  9.3559E+04  1.6190E+04  8.5248E+04  5.4097E+05  1.2931E+05  9.7899E+03  1.0486E+04  6.7480E+04  2.3230E+04  8.2884E+04  3.1781E+04  1.0047E+05  1.1803E+05  8.5303E+04  1.1208E+05  9.3326E+04  1.6002E+05  8.4277E+04  4.3194E+04  1.0503E+05  1.5916E+05  1.0910E+05  1.5107E+05  1.1825E+05  2.4435E+05  1.1539E+05  4.0913E+04  1.9990E+04  1.9122E+04  9.1383E+04  3.3410E+05  1.4198E+05  4.4444E+04  1.0099E+04  1.7371E+05  9.8217E+03  8.3464E+04  1.7843E+05  1.2440E+05  5.4273E+04  2.0342E+04  1.5440E+04  1.2749E+04  4.3035E+04  1.1480E+04  2.9620E+04  1.1891E+05  5.6544E+04  1.3019E+04  2.5388E+04  1.2519E+05  5.9558E+04  1.1128E+04  2.2685E+04  9.3341E+04  5.4097E+04  1.0205E+04  1.2729E+04  7.1195E+04  1.7299E+05  1.7249E+05  6.7442E+04  9.3801E+03  8.9832E+03  1.4612E+04  1.2306E+05  2.7958E+04  2.5586E+04  6.8693E+04  4.5262E+05  1.7409E+05  4.8464E+04  9.2760E+03  9.7185E+03  9.3083E+03  1.7891E+04  1.9557E+05  7.4148E+05  2.5512E+05  1.3401E+04  1.1197E+04  1.1401E+04  4.7503E+04  4.2375E+05  1.2352E+05  2.9438E+04  1.7684E+04  1.5271E+04  1.4441E+04  1.6805E+04  8.8087E+04  7.6394E+05  2.3586E+05  9.8769E+04  1.3410E+04  1.3032E+04  1.2732E+04  1.3389E+04  5.0712E+04  3.1864E+05  1.2578E+05  6.4644E+04  8.9762E+03  8.6332E+03  9.1554E+03
 4.000E-02 - 1.000E-02    4.5040E+04  1.6376E+05  1.6805E+05  1.6740E+05  1.7403E+05  2.4252E+05  2.0665E+05  2.4093E+05  2.0297E+05  2.4170E+05  1.7114E+05  4.6266E+05  7.8367E+05  4.1055E+05  1.8308E+05  3.5790E+05  1.7394E+05  3.3493E+05  1.9570E+05  3.2489E+05  1.9372E+05  3.6866E+05  4.9126E+05  3.7593E+05  2.0922E+05  3.5401E+05  8.0593E+05  4.7564E+05  1.9531E+05  1.8316E+05  2.5667E+05  4.1591E+05  2.7849E+05  1.9393E+05  2.6436E+05  3.2011E+05  2.6095E+05  4.0520E+05  2.8493E+05  4.8340E+05  3.0562E+05  2.0848E+05  2.4254E+05  1.9819E+05  3.0835E+05  9.2269E+05  5.2200E+05  3.5065E+05  1.7947E+05  1.7859E+05  2.4602E+05  2.1479E+05  2.5741E+05  2.0887E+05  2.8452E+05  4.7796E+05  3.0675E+05  2.0912E+05  3.7114E+05  4.7605E+05  3.3519E+05  2.5670E+05  4.2667E+05  8.2944E+05  4.4525E+05  2.7738E+05  1.7810E+05  3.6046E+05  1.7762E+06  7.3021E+05  1.7204E+05  1.7546E+05  3.3147E+05  4.7905E+05  3.8085E+05  2.0742E+05  3.4862E+05  5.6697E+05  3.9123E+05  6.3926E+05  3.7851E+05  7.4594E+05  4.2705E+05  2.3873E+05  4.2128E+05  5.3649E+05  4.8488E+05  6.0815E+05  4.9963E+05  1.1243E+06  5.8267E+05  2.7065E+05  2.5938E+05  2.5102E+05  1.9651E+05  1.9556E+05  2.8821E+05  3.2738E+05  3.1201E+05  2.1511E+05  2.9878E+05  4.5940E+05  3.5540E+05  4.3872E+05  3.4745E+05  4.3503E+05  3.6335E+05  4.6267E+05  3.7883E+05  4.9535E+05  3.5263E+05  2.3326E+05  3.4357E+05  7.2719E+05  4.2762E+05  2.4757E+05  1.8139E+05  1.8383E+05  3.5820E+05  2.1173E+05  3.1298E+05  2.5707E+05  3.8350E+05  6.0781E+05  3.9914E+05  2.2810E+05  3.7486E+05  8.6389E+05  4.9923E+05  2.6793E+05  1.8109E+05  1.7978E+05  1.8096E+05  2.0442E+05  1.8433E+05  3.3553E+05  4.9159E+05  3.6496E+05  1.9073E+05  3.4111E+05  1.6832E+06  5.8170E+05  1.8328E+05  2.0819E+05  1.8264E+05  3.3654E+05  4.8099E+05  3.6071E+05  1.8823E+05  3.3956E+05  1.3483E+06  4.6411E+05  1.7226E+05  1.7382E+05  3.0011E+05  2.0394E+05  3.3900E+05  2.2560E+05  3.7794E+05  4.0653E+05  3.4580E+05  3.9040E+05  3.6426E+05  5.0132E+05  3.5004E+05  2.5396E+05  3.9019E+05  4.9903E+05  4.0118E+05  4.8203E+05  4.2145E+05  6.8475E+05  4.2834E+05  2.5197E+05  1.9944E+05  1.9650E+05  3.5379E+05  8.7363E+05  4.8930E+05  2.5991E+05  1.7303E+05  5.4237E+05  1.7241E+05  3.2880E+05  5.4588E+05  4.3367E+05  2.7588E+05  1.9817E+05  1.8768E+05  1.8020E+05  2.4608E+05  1.7699E+05  2.1721E+05  4.1095E+05  2.8143E+05  1.8101E+05  2.0830E+05  4.2539E+05  2.8761E+05  1.7610E+05  2.0171E+05  3.5605E+05  2.7450E+05  1.7357E+05  1.7920E+05  3.0337E+05  5.0462E+05  5.1288E+05  3.0434E+05  1.7142E+05  1.7058E+05  1.8337E+05  4.2672E+05  2.1682E+05  2.1077E+05  3.0570E+05  1.1562E+06  5.7921E+05  2.7078E+05  1.7120E+05  1.7217E+05  1.7128E+05  1.9074E+05  5.7809E+05  1.7826E+06  7.7932E+05  1.8216E+05  1.7641E+05  1.7672E+05  2.5296E+05  1.0693E+06  4.5290E+05  2.2217E+05  1.9329E+05  1.8711E+05  1.8485E+05  1.8985E+05  3.4454E+05  1.8278E+06  7.3025E+05  3.9609E+05  1.8226E+05  1.8138E+05  1.8041E+05  1.8174E+05  2.6332E+05  8.5006E+05  4.6083E+05  3.1185E+05  1.7054E+05  1.6980E+05  1.7096E+05
  --------------------
                 total    1.0863E+06  1.3372E+06  1.8858E+06  1.7993E+06  2.6662E+06  1.1761E+07  6.9641E+06  1.1472E+07  6.3915E+06  1.1533E+07  2.2970E+06  4.0237E+07  8.2819E+07  3.3025E+07  3.9312E+06  2.6563E+07  2.4451E+06  2.3781E+07  5.1207E+06  2.2342E+07  4.9285E+06  2.7835E+07  4.6587E+07  2.8543E+07  6.8576E+06  2.6160E+07  8.6409E+07  4.1089E+07  5.2385E+06  3.7364E+06  1.3530E+07  3.5353E+07  1.6277E+07  5.0391E+06  1.4441E+07  2.3375E+07  1.3954E+07  3.3999E+07  1.7049E+07  4.4028E+07  1.9437E+07  6.7837E+06  1.1386E+07  5.6161E+06  2.0074E+07  1.0161E+08  4.6440E+07  2.5394E+07  3.2501E+06  3.1111E+06  1.2062E+07  7.8239E+06  1.3496E+07  7.0031E+06  1.6971E+07  4.2960E+07  1.9690E+07  6.8016E+06  2.8404E+07  4.2606E+07  2.3591E+07  1.3001E+07  3.5744E+07  8.9125E+07  3.7369E+07  1.5484E+07  2.9755E+06  2.6821E+07  2.1194E+08  7.2444E+07  2.2005E+06  2.6501E+06  2.3373E+07  4.5349E+07  2.9889E+07  6.5711E+06  2.5408E+07  5.6433E+07  3.0950E+07  6.5404E+07  2.8994E+07  7.8772E+07  3.4954E+07  1.0402E+07  3.4869E+07  5.2479E+07  4.3244E+07  6.1041E+07  4.5082E+07  1.2810E+08  5.4752E+07  1.4128E+07  1.2752E+07  1.1777E+07  5.4852E+06  5.3870E+06  1.7700E+07  2.4928E+07  2.0844E+07  7.8315E+06  1.8943E+07  4.1131E+07  2.6460E+07  3.8799E+07  2.5337E+07  3.8288E+07  2.7337E+07  4.1610E+07  2.9316E+07  4.5753E+07  2.5398E+07  9.9124E+06  2.4729E+07  7.5835E+07  3.4860E+07  1.1692E+07  3.5053E+06  3.8009E+06  2.6935E+07  7.2415E+06  2.0726E+07  1.3188E+07  2.9859E+07  6.1334E+07  3.1374E+07  9.1508E+06  2.8743E+07  9.4113E+07  4.3956E+07  1.4424E+07  3.3989E+06  3.2232E+06  3.3503E+06  6.6709E+06  3.7733E+06  2.3849E+07  4.6375E+07  2.7700E+07  4.5544E+06  2.4536E+07  2.0248E+08  5.5141E+07  3.6528E+06  7.1505E+06  3.5249E+06  2.3959E+07  4.5109E+07  2.7113E+07  4.2189E+06  2.4318E+07  1.5816E+08  4.0160E+07  2.2075E+06  2.4141E+06  1.9173E+07  6.2529E+06  2.3894E+07  8.8948E+06  2.9213E+07  3.4506E+07  2.4798E+07  3.2690E+07  2.7177E+07  4.5900E+07  2.4981E+07  1.2488E+07  3.0732E+07  4.5896E+07  3.2133E+07  4.3839E+07  3.4761E+07  7.0281E+07  3.4712E+07  1.2055E+07  5.8061E+06  5.4712E+06  2.6363E+07  9.5732E+07  4.2977E+07  1.3623E+07  2.3018E+06  5.0604E+07  2.2727E+06  2.3180E+07  5.1826E+07  3.6707E+07  1.5412E+07  5.5867E+06  4.1923E+06  3.3085E+06  1.2060E+07  2.9056E+06  8.2411E+06  3.3958E+07  1.6659E+07  3.3976E+06  7.0351E+06  3.5854E+07  1.7519E+07  2.7944E+06  6.1909E+06  2.6666E+07  1.5778E+07  2.4347E+06  3.1744E+06  1.9772E+07  4.8365E+07  4.8238E+07  1.9654E+07  2.1393E+06  2.0267E+06  3.6934E+06  3.5710E+07  7.6977E+06  7.0710E+06  1.9767E+07  1.3261E+08  5.4556E+07  1.3926E+07  2.1209E+06  2.2494E+06  2.1313E+06  4.6692E+06  5.6100E+07  2.1593E+08  8.0346E+07  3.6393E+06  2.8620E+06  2.8893E+06  1.3109E+07  1.2151E+08  3.8506E+07  8.2141E+06  4.8898E+06  4.1816E+06  3.9139E+06  4.5886E+06  2.5134E+07  2.2205E+08  7.4728E+07  3.1018E+07  3.6378E+06  3.5193E+06  3.3788E+06  3.5431E+06  1.4373E+07  9.2259E+07  3.8845E+07  2.0584E+07  2.0569E+06  1.9575E+06  2.1140E+06
=========================================================================================================================
.
.
.
.
.
*************************************************************************************************************************
********************                                                                                 ********************
********************                                                                                 ********************
********************                    Written F71 File Information                                 ********************
********************                                                                                 ********************
********************                                                                                 ********************
*************************************************************************************************************************
.
.
   pos         time        power         flux      fluence       energy libpos   case   step DCGNAB
   (-)          (s)         (MW)    (n/cm2-s)      (n/cm2)        (MWd)    (-)    (-)    (-)    (-)
     1  0.00000e+00  0.00000e+00  0.00000e+00  0.00000e+00  0.00000e+00      1      1      0 DCG---
     2  3.60000e+07  0.00000e+00  0.00000e+00  0.00000e+00  0.00000e+00      1      1      1 DCG---
     3  3.60499e+07  2.93917e-12  1.08356e+03  5.40903e+07  1.69815e-12      1      1      2 DCG---
     4  3.60500e+07  1.90619e-12  7.02739e+02  5.41324e+07  1.69948e-12      1      1      3 DCG---
     5  3.60575e+07  7.54589e-12  2.78188e+03  7.51245e+07  2.35852e-12      1      1      4 DCG---
     6  3.60577e+07  9.40404e-11  3.46691e+04  8.10876e+07  2.54573e-12      1      1      5 DCG---
     7  3.60578e+07  3.65029e-11  1.34572e+04  8.26621e+07  2.59516e-12      1      1      6 DCG---
     8  3.60579e+07  8.70084e-11  3.20767e+04  8.58698e+07  2.69587e-12      1      1      7 DCG---
     9  3.60581e+07  3.02433e-11  1.11495e+04  8.78767e+07  2.75887e-12      1      1      8 DCG---
    10  3.60582e+07  8.87923e-11  3.27344e+04  9.05936e+07  2.84417e-12      1      1      9 DCG---
    11  3.60627e+07  4.30198e-12  1.58598e+03  9.77607e+07  3.06918e-12      1      1     10 DCG---
    12  3.60636e+07  2.89132e-10  1.06592e+05  1.93587e+08  6.07762e-12      1      1     11 DCG---
    13  3.60637e+07  7.23160e-10  2.66602e+05  2.23713e+08  7.02342e-12      1      1     12 DCG---
    14  3.60641e+07  1.96253e-10  7.23512e+04  2.53015e+08  7.94336e-12      1      1     13 DCG---
    15  3.60682e+07  6.46732e-12  2.38425e+03  2.62779e+08  8.24988e-12      1      1     14 DCG---
    16  3.60863e+07  1.39604e-10  5.14666e+04  1.19566e+09  3.75376e-11      1      1     15 DCG---
    17  3.61356e+07  4.34012e-12  1.60004e+03  1.27445e+09  4.00112e-11      1      1     16 DCG---
    18  3.61358e+07  1.94023e-10  7.15289e+04  1.29283e+09  4.05883e-11      1      1     17 DCG---
    19  3.61362e+07  1.41976e-11  5.23413e+03  1.29502e+09  4.06568e-11      1      1     18 DCG---
    20  3.61365e+07  1.73788e-10  6.40692e+04  1.30950e+09  4.11114e-11      1      1     19 DCG---
    21  3.61371e+07  1.16283e-11  4.28693e+03  1.31210e+09  4.11931e-11      1      1     20 DCG---
    22  3.61378e+07  1.92263e-10  7.08800e+04  1.36420e+09  4.28287e-11      1      1     21 DCG---
    23  3.61378e+07  5.60218e-10  2.06531e+05  1.36647e+09  4.29000e-11      1      1     22 DCG---
    24  3.61379e+07  1.76831e-10  6.51909e+04  1.36921e+09  4.29860e-11      1      1     23 DCG---
    25  3.61384e+07  1.12433e-11  4.14499e+03  1.37154e+09  4.30592e-11      1      1     24 DCG---
    26  3.61386e+07  2.07078e-10  7.63418e+04  1.38192e+09  4.33852e-11      1      1     25 DCG---
    27  3.61386e+07  8.83881e-10  3.25853e+05  1.40473e+09  4.41013e-11      1      1     26 DCG---
    28  3.61387e+07  1.86205e-10  6.86468e+04  1.40727e+09  4.41810e-11      1      1     27 DCG---
    29  3.61399e+07  3.89179e-12  1.43476e+03  1.40897e+09  4.42345e-11      1      1     28 DCG---
    30  3.61413e+07  2.67926e-12  9.87740e+02  1.41044e+09  4.42804e-11      1      1     29 DCG---
    31  3.61414e+07  1.15003e-10  4.23973e+04  1.41349e+09  4.43762e-11      1      1     30 DCG---
    32  3.61414e+07  4.11957e-10  1.51873e+05  1.41820e+09  4.45240e-11      1      1     31 DCG---
    33  3.61415e+07  9.72415e-11  3.58493e+04  1.42053e+09  4.45972e-11      1      1     32 DCG---
    34  3.61419e+07  7.94800e-12  2.93013e+03  1.42168e+09  4.46332e-11      1      1     33 DCG---
    35  3.61420e+07  1.16943e-10  4.31126e+04  1.42478e+09  4.47307e-11      1      1     34 DCG---
    36  3.61420e+07  3.11515e-10  1.14844e+05  1.42570e+09  4.47595e-11      1      1     35 DCG---
    37  3.61422e+07  8.63737e-11  3.18427e+04  1.43280e+09  4.49825e-11      1      1     36 DCG---
    38  3.61422e+07  3.83075e-10  1.41225e+05  1.43647e+09  4.50977e-11      1      1     37 DCG---
    39  3.61424e+07  1.05104e-10  3.87480e+04  1.44391e+09  4.53313e-11      1      1     38 DCG---
    40  3.61425e+07  4.69025e-10  1.72912e+05  1.45031e+09  4.55322e-11      1      1     39 DCG---
    41  3.61425e+07  8.41960e-11  3.10399e+04  1.45189e+09  4.55819e-11      1      1     40 DCG---
    42  3.61428e+07  9.80370e-12  3.61425e+03  1.45309e+09  4.56194e-11      1      1     41 DCG---
    43  3.61430e+07  6.08787e-11  2.24437e+04  1.45612e+09  4.57145e-11      1      1     42 DCG---
    44  3.61434e+07  9.56999e-12  3.52809e+03  1.45773e+09  4.57651e-11      1      1     43 DCG---
    45  3.61441e+07  1.28005e-10  4.71906e+04  1.48746e+09  4.66984e-11      1      1     44 DCG---
    46  3.61442e+07  9.16508e-10  3.37882e+05  1.53949e+09  4.83320e-11      1      1     45 DCG---
    47  3.61442e+07  9.66437e-11  3.56288e+04  1.54059e+09  4.83667e-11      1      1     46 DCG---
    48  3.61443e+07  1.10280e-11  4.06561e+03  1.54085e+09  4.83746e-11      1      1     47 DCG---
    49  3.61498e+07  2.80564e-12  1.03433e+03  1.54653e+09  4.85531e-11      1      1     48 DCG---
    50  3.61511e+07  3.45896e-12  1.27519e+03  1.54818e+09  4.86049e-11      1      1     49 DCG---
    51  3.61513e+07  8.80550e-11  3.24625e+04  1.55406e+09  4.87893e-11      1      1     50 DCG---
    52  3.61513e+07  2.85785e-11  1.05358e+04  1.55450e+09  4.88032e-11      1      1     51 DCG---
    53  3.61515e+07  9.38157e-11  3.45863e+04  1.56010e+09  4.89791e-11      1      1     52 DCG---
    54  3.61516e+07  2.24311e-11  8.26949e+03  1.56113e+09  4.90113e-11      1      1     53 DCG---
    55  3.61520e+07  1.14483e-10  4.22056e+04  1.57598e+09  4.94777e-11      1      1     54 DCG---
    56  3.61520e+07  4.38431e-10  1.61633e+05  1.58390e+09  4.97264e-11      1      1     55 DCG---
    57  3.61521e+07  9.53007e-11  3.51338e+04  1.58601e+09  4.97926e-11      1      1     56 DCG---
    58  3.61524e+07  1.20943e-11  4.45869e+03  1.58737e+09  4.98351e-11      1      1     57 DCG---
    59  3.61525e+07  2.28080e-10  8.40846e+04  1.60023e+09  5.02390e-11      1      1     58 DCG---
    60  3.61526e+07  4.03133e-10  1.48620e+05  1.60633e+09  5.04303e-11      1      1     59 DCG---
    61  3.61527e+07  1.44008e-10  5.30904e+04  1.61291e+09  5.06370e-11      1      1     60 DCG---
    62  3.61529e+07  5.45717e-11  2.01185e+04  1.61764e+09  5.07854e-11      1      1     61 DCG---
    63  3.61530e+07  3.29750e-10  1.21566e+05  1.62493e+09  5.10144e-11      1      1     62 DCG---
    64  3.61531e+07  8.18218e-10  3.01646e+05  1.66053e+09  5.21319e-11      1      1     63 DCG---
    65  3.61532e+07  1.09871e-10  4.05053e+04  1.66247e+09  5.21929e-11      1      1     64 DCG---
    66  3.61533e+07  6.97591e-12  2.57175e+03  1.66280e+09  5.22034e-11      1      1     65 DCG---
    67  3.61629e+07  4.44502e-12  1.63871e+03  1.67849e+09  5.26958e-11      1      1     66 DCG---
    68  3.61635e+07  1.93293e-10  7.12599e+04  1.72089e+09  5.40269e-11      1      1     67 DCG---
    69  3.61640e+07  1.64850e-09  6.07738e+05  2.06730e+09  6.49024e-11      1      1     68 DCG---
    70  3.61641e+07  1.73599e-10  6.39995e+04  2.07491e+09  6.51415e-11      1      1     69 DCG---
    71  3.62229e+07  3.13971e-12  1.15749e+03  2.14294e+09  6.72773e-11      1      1     70 DCG---
    72  3.62249e+07  6.25569e-12  2.30623e+03  2.14749e+09  6.74201e-11      1      1     71 DCG---
    73  3.62250e+07  2.25972e-10  8.33074e+04  2.15582e+09  6.76816e-11      1      1     72 DCG---
    74  3.62250e+07  6.22176e-10  2.29373e+05  2.15880e+09  6.77752e-11      1      1     73 DCG---
    75  3.62251e+07  2.45882e-10  9.06475e+04  2.17059e+09  6.81452e-11      1      1     74 DCG---
    76  3.62254e+07  1.97214e-11  7.27054e+03  2.17291e+09  6.82182e-11      1      1     75 DCG---
    77  3.62257e+07  1.94423e-10  7.16765e+04  2.19090e+09  6.87830e-11      1      1     76 DCG---
    78  3.62257e+07  6.88625e-10  2.53870e+05  2.19598e+09  6.89425e-11      1      1     77 DCG---
    79  3.62259e+07  2.23867e-10  8.25314e+04  2.20927e+09  6.93596e-11      1      1     78 DCG---
    80  3.62259e+07  7.34424e-10  2.70754e+05  2.21631e+09  6.95806e-11      1      1     79 DCG---
    81  3.62261e+07  1.89002e-10  6.96779e+04  2.23220e+09  7.00794e-11      1      1     80 DCG---
    82  3.62262e+07  8.48142e-10  3.12677e+05  2.24470e+09  7.04720e-11      1      1     81 DCG---
    83  3.62262e+07  1.74863e-10  6.44652e+04  2.24831e+09  7.05854e-11      1      1     82 DCG---
    84  3.62266e+07  2.18666e-11  8.06138e+03  2.25119e+09  7.06757e-11      1      1     83 DCG---
    85  3.62269e+07  2.51609e-10  9.27586e+04  2.27568e+09  7.14445e-11      1      1     84 DCG---
    86  3.62269e+07  5.95464e-10  2.19525e+05  2.27809e+09  7.15203e-11      1      1     85 DCG---
    87  3.62270e+07  3.22145e-10  1.18763e+05  2.28985e+09  7.18895e-11      1      1     86 DCG---
    88  3.62270e+07  6.18530e-10  2.28028e+05  2.29373e+09  7.20112e-11      1      1     87 DCG---
    89  3.62271e+07  3.16956e-10  1.16850e+05  2.30845e+09  7.24734e-11      1      1     88 DCG---
    90  3.62272e+07  1.24209e-09  4.57913e+05  2.34463e+09  7.36091e-11      1      1     89 DCG---
    91  3.62272e+07  1.93445e-10  7.13159e+04  2.34791e+09  7.37121e-11      1      1     90 DCG---
    92  3.62275e+07  8.54616e-12  3.15065e+03  2.34887e+09  7.37424e-11      1      1     91 DCG---
    93  3.62276e+07  5.03628e-12  1.85668e+03  2.34898e+09  7.37459e-11      1      1     92 DCG---
    94  3.62277e+07  3.95734e-12  1.45892e+03  2.34907e+09  7.37486e-11      1      1     93 DCG---
    95  3.62293e+07  3.38221e-12  1.24689e+03  2.35116e+09  7.38144e-11      1      1     94 DCG---
    96  3.62298e+07  6.51724e-12  2.40266e+03  2.35217e+09  7.38461e-11      1      1     95 DCG---
    97  3.62298e+07  1.40045e-10  5.16293e+04  2.35697e+09  7.39968e-11      1      1     96 DCG---
    98  3.62299e+07  3.60287e-10  1.32824e+05  2.35751e+09  7.40135e-11      1      1     97 DCG---
    99  3.62300e+07  1.47840e-10  5.45030e+04  2.36465e+09  7.42376e-11      1      1     98 DCG---
   100  3.62302e+07  1.58628e-11  5.84802e+03  2.36589e+09  7.42767e-11      1      1     99 DCG---
   101  3.62303e+07  1.41153e-10  5.20377e+04  2.37063e+09  7.44254e-11      1      1    100 DCG---
   102  3.62303e+07  4.55076e-10  1.67769e+05  2.37532e+09  7.45729e-11      1      1    101 DCG---
   103  3.62304e+07  1.85108e-10  6.82424e+04  2.38181e+09  7.47764e-11      1      1    102 DCG---
   104  3.62304e+07  4.06843e-10  1.49987e+05  2.38391e+09  7.48423e-11      1      1    103 DCG---
   105  3.62305e+07  1.62797e-10  6.00172e+04  2.39099e+09  7.50647e-11      1      1    104 DCG---
   106  3.62306e+07  3.96849e-10  1.46303e+05  2.39304e+09  7.51290e-11      1      1    105 DCG---
   107  3.62306e+07  1.77579e-10  6.54664e+04  2.39893e+09  7.53140e-11      1      1    106 DCG---
   108  3.62307e+07  4.14729e-10  1.52895e+05  2.40168e+09  7.54004e-11      1      1    107 DCG---
   109  3.62307e+07  1.89028e-10  6.96874e+04  2.40761e+09  7.55863e-11      1      1    108 DCG---
   110  3.62308e+07  4.46647e-10  1.64662e+05  2.41123e+09  7.57001e-11      1      1    109 DCG---
   111  3.62308e+07  1.07361e-10  3.95799e+04  2.41273e+09  7.57473e-11      1      1    110 DCG---
   112  3.62311e+07  1.55759e-11  5.74224e+03  2.41435e+09  7.57981e-11      1      1    111 DCG---
   113  3.62314e+07  1.56003e-10  5.75124e+04  2.43419e+09  7.64211e-11      1      1    112 DCG---
   114  3.62315e+07  7.40983e-10  2.73172e+05  2.45332e+09  7.70214e-11      1      1    113 DCG---
   115  3.62315e+07  1.23602e-10  4.55674e+04  2.45509e+09  7.70772e-11      1      1    114 DCG---
   116  3.62318e+07  5.89524e-12  2.17335e+03  2.45554e+09  7.70912e-11      1      1    115 DCG---
   117  3.62367e+07  3.05120e-12  1.12486e+03  2.46114e+09  7.72671e-11      1      1    116 DCG---
   118  3.62376e+07  6.71595e-12  2.47592e+03  2.46330e+09  7.73348e-11      1      1    117 DCG---
   119  3.62378e+07  2.18630e-10  8.06007e+04  2.48063e+09  7.78788e-11      1      1    118 DCG---
   120  3.62381e+07  1.97927e-11  7.29682e+03  2.48267e+09  7.79430e-11      1      1    119 DCG---
   121  3.62382e+07  1.56271e-10  5.76111e+04  2.49143e+09  7.82179e-11      1      1    120 DCG---
   122  3.62383e+07  5.21882e-11  1.92398e+04  2.49229e+09  7.82451e-11      1      1    121 DCG---
   123  3.62388e+07  2.08229e-10  7.67660e+04  2.52799e+09  7.93658e-11      1      1    122 DCG---
   124  3.62388e+07  6.90443e-10  2.54540e+05  2.53384e+09  7.95496e-11      1      1    123 DCG---
   125  3.62388e+07  1.68748e-10  6.22108e+04  2.53646e+09  7.96316e-11      1      1    124 DCG---
   126  3.62392e+07  1.66782e-11  6.14862e+03  2.53869e+09  7.97017e-11      1      1    125 DCG---
   127  3.62393e+07  2.26163e-10  8.33778e+04  2.54794e+09  7.99922e-11      1      1    126 DCG---
   128  3.62394e+07  9.81322e-10  3.61776e+05  2.57037e+09  8.06964e-11      1      1    127 DCG---
   129  3.62394e+07  1.98470e-10  7.31682e+04  2.57308e+09  8.07814e-11      1      1    128 DCG---
   130  3.62395e+07  9.92614e-12  3.65939e+03  2.57361e+09  8.07980e-11      1      1    129 DCG---
   131  3.62444e+07  2.95227e-12  1.08839e+03  2.57890e+09  8.09640e-11      1      1    130 DCG---
   132  3.62445e+07  1.01785e-12  3.75244e+02  2.57892e+09  8.09647e-11      1      1    131 DCG---
   133  3.62461e+07  4.78638e-12  1.76456e+03  2.58188e+09  8.10577e-11      1      1    132 DCG---
   134  3.62462e+07  5.72832e-11  2.11181e+04  2.58232e+09  8.10716e-11      1      1    133 DCG---
   135  3.62471e+07  8.57771e-12  3.16228e+03  2.58519e+09  8.11616e-11      1      1    134 DCG---
   136  3.62472e+07  2.07475e-10  7.64882e+04  2.59582e+09  8.14954e-11      1      1    135 DCG---
   137  3.62472e+07  5.80046e-10  2.13841e+05  2.59946e+09  8.16096e-11      1      1    136 DCG---
   138  3.62473e+07  2.11554e-10  7.79919e+04  2.60726e+09  8.18544e-11      1      1    137 DCG---
   139  3.62483e+07  8.41078e-12  3.10073e+03  2.61039e+09  8.19526e-11      1      1    138 DCG---
   140  3.62485e+07  2.07808e-10  7.66110e+04  2.62088e+09  8.22822e-11      1      1    139 DCG---
   141  3.62487e+07  1.80043e-09  6.63749e+05  2.76624e+09  8.68457e-11      1      1    140 DCG---
   142  3.62488e+07  1.70335e-10  6.27959e+04  2.77397e+09  8.70882e-11      1      1    141 DCG---
   143  3.62557e+07  4.00204e-12  1.47540e+03  2.78413e+09  8.74072e-11      1      1    142 DCG---
   144  3.62557e+07  5.78546e-11  2.13288e+04  2.78462e+09  8.74226e-11      1      1    143 DCG---
   145  3.62579e+07  5.51142e-12  2.03185e+03  2.78911e+09  8.75637e-11      1      1    144 DCG---
   146  3.62581e+07  2.08330e-10  7.68033e+04  2.79971e+09  8.78964e-11      1      1    145 DCG---
   147  3.62581e+07  5.73190e-10  2.11313e+05  2.80288e+09  8.79959e-11      1      1    146 DCG---
   148  3.62582e+07  2.06527e-10  7.61386e+04  2.81011e+09  8.82230e-11      1      1    147 DCG---
   149  3.62596e+07  7.06695e-12  2.60532e+03  2.81375e+09  8.83373e-11      1      1    148 DCG---
   150  3.62597e+07  2.07279e-10  7.64159e+04  2.82422e+09  8.86660e-11      1      1    149 DCG---
   151  3.62599e+07  1.44421e-09  5.32424e+05  2.91899e+09  9.16413e-11      1      1    150 DCG---
   152  3.62600e+07  9.67017e-11  3.56502e+04  2.92292e+09  9.17644e-11      1      1    151 DCG---
   153  3.63092e+07  3.09371e-12  1.14053e+03  2.97900e+09  9.35252e-11      1      1    152 DCG---
   154  3.63096e+07  4.80523e-12  1.77150e+03  2.97979e+09  9.35500e-11      1      1    153 DCG---
   155  3.63098e+07  1.58288e-10  5.83549e+04  2.99222e+09  9.39403e-11      1      1    154 DCG---
   156  3.63100e+07  2.21262e-11  8.15710e+03  2.99382e+09  9.39905e-11      1      1    155 DCG---
   157  3.63109e+07  1.61719e-10  5.96195e+04  3.04748e+09  9.56750e-11      1      1    156 DCG---
   158  3.63113e+07  2.82140e-11  1.04014e+04  3.05122e+09  9.57926e-11      1      1    157 DCG---
   159  3.63116e+07  2.12412e-10  7.83082e+04  3.07393e+09  9.65055e-11      1      1    158 DCG---
   160  3.63116e+07  3.75147e-10  1.38303e+05  3.07449e+09  9.65229e-11      1      1    159 DCG---
   161  3.63118e+07  1.58599e-10  5.84694e+04  3.08635e+09  9.68955e-11      1      1    160 DCG---
   162  3.63118e+07  3.76958e-10  1.38970e+05  3.08705e+09  9.69174e-11      1      1    161 DCG---
   163  3.63121e+07  1.76064e-10  6.49082e+04  3.10730e+09  9.75531e-11      1      1    162 DCG---
   164  3.63121e+07  4.33267e-10  1.59729e+05  3.11273e+09  9.77236e-11      1      1    163 DCG---
   165  3.63122e+07  1.10910e-10  4.08883e+04  3.11469e+09  9.77853e-11      1      1    164 DCG---
   166  3.63124e+07  3.59668e-11  1.32596e+04  3.11782e+09  9.78835e-11      1      1    165 DCG---
   167  3.63127e+07  2.10851e-10  7.77328e+04  3.13834e+09  9.85278e-11      1      1    166 DCG---
   168  3.63127e+07  4.35582e-10  1.60582e+05  3.14236e+09  9.86538e-11      1      1    167 DCG---
   169  3.63128e+07  2.06061e-10  7.59669e+04  3.14935e+09  9.88732e-11      1      1    168 DCG---
   170  3.63128e+07  4.05350e-10  1.49437e+05  3.15189e+09  9.89530e-11      1      1    169 DCG---
   171  3.63129e+07  2.29563e-10  8.46310e+04  3.16069e+09  9.92293e-11      1      1    170 DCG---
   172  3.63130e+07  6.87195e-10  2.53343e+05  3.17184e+09  9.95793e-11      1      1    171 DCG---
   173  3.63130e+07  1.30286e-10  4.80314e+04  3.17361e+09  9.96351e-11      1      1    172 DCG---
   174  3.63132e+07  5.34947e-12  1.97215e+03  3.17402e+09  9.96478e-11      1      1    173 DCG---
   175  3.63144e+07  3.55666e-12  1.31120e+03  3.17559e+09  9.96972e-11      1      1    174 DCG---
   176  3.63151e+07  7.82312e-12  2.88408e+03  3.17762e+09  9.97607e-11      1      1    175 DCG---
   177  3.63152e+07  2.25419e-10  8.31033e+04  3.18684e+09  1.00050e-10      1      1    176 DCG---
   178  3.63153e+07  1.01481e-09  3.74123e+05  3.21116e+09  1.00814e-10      1      1    177 DCG---
   179  3.63153e+07  1.98014e-10  7.30002e+04  3.21393e+09  1.00901e-10      1      1    178 DCG---
   180  3.63155e+07  1.01772e-11  3.75195e+03  3.21445e+09  1.00917e-10      1      1    179 DCG---
   181  3.63476e+07  3.50386e-12  1.29174e+03  3.25599e+09  1.02221e-10      1      1    180 DCG---
   182  3.63482e+07  3.85009e-10  1.41938e+05  3.34115e+09  1.04895e-10      1      1    181 DCG---
   183  3.63946e+07  3.87171e-12  1.42735e+03  3.40735e+09  1.06973e-10      1      1    182 DCG---
   184  3.63947e+07  2.53381e-10  9.34121e+04  3.41296e+09  1.07149e-10      1      1    183 DCG---
   185  3.63948e+07  4.58953e-10  1.69198e+05  3.44341e+09  1.08105e-10      1      1    184 DCG---
   186  3.63949e+07  2.53976e-10  9.36311e+04  3.44903e+09  1.08282e-10      1      1    185 DCG---
   187  3.63952e+07  8.12614e-11  2.99580e+04  3.45802e+09  1.08564e-10      1      1    186 DCG---
   188  3.63962e+07  1.60147e-11  5.90402e+03  3.46404e+09  1.08753e-10      1      1    187 DCG---
   189  3.63963e+07  7.10551e-15  2.61953e+00  3.46404e+09  1.08753e-10      1      1    188 DCG---
   190  3.63975e+07  4.18450e-12  1.54267e+03  3.46591e+09  1.08812e-10      1      1    189 DCG---
   191  3.63976e+07  9.57384e-11  3.52951e+04  3.46976e+09  1.08932e-10      1      1    190 DCG---
   192  3.63990e+07  3.42580e-12  1.26296e+03  3.47158e+09  1.08990e-10      1      1    191 DCG---
   193  3.63993e+07  5.18724e-11  1.91234e+04  3.47617e+09  1.09134e-10      1      1    192 DCG---
   194  3.63994e+07  3.24885e-10  1.19773e+05  3.48755e+09  1.09491e-10      1      1    193 DCG---
   195  3.63995e+07  8.99346e-11  3.31555e+04  3.48990e+09  1.09565e-10      1      1    194 DCG---
   196  3.64004e+07  3.28552e-12  1.21124e+03  3.49106e+09  1.09601e-10      1      1    195 DCG---
   197  3.64007e+07  3.73447e-11  1.37676e+04  3.49437e+09  1.09705e-10      1      1    196 DCG---
   198  3.64008e+07  3.38690e-10  1.24862e+05  3.50735e+09  1.10113e-10      1      1    197 DCG---
   199  3.64009e+07  1.00302e-10  3.69777e+04  3.51094e+09  1.10225e-10      1      1    198 DCG---
   200  3.64040e+07  3.08066e-12  1.13572e+03  3.51455e+09  1.10339e-10      1      1    199 DCG---
   201  3.64043e+07  3.39598e-11  1.25197e+04  3.51756e+09  1.10433e-10      1      1    200 DCG---
   202  3.64044e+07  2.42343e-10  8.93428e+04  3.52792e+09  1.10758e-10      1      1    201 DCG---
   203  3.64045e+07  9.42050e-11  3.47298e+04  3.53039e+09  1.10836e-10      1      1    202 DCG---
   204  3.64104e+07  3.05263e-12  1.12539e+03  3.53707e+09  1.11046e-10      1      1    203 DCG---
   205  3.64108e+07  9.40279e-12  3.46645e+03  3.53842e+09  1.11088e-10      1      1    204 DCG---
   206  3.64108e+07  2.07340e-10  7.64384e+04  3.54300e+09  1.11232e-10      1      1    205 DCG---
   207  3.64109e+07  6.54857e-10  2.41421e+05  3.54759e+09  1.11376e-10      1      1    206 DCG---
   208  3.64109e+07  5.80135e-10  2.13874e+05  3.54909e+09  1.11423e-10      1      1    207 DCG---
   209  3.64109e+07  1.30037e-10  4.79396e+04  3.55249e+09  1.11530e-10      1      1    208 DCG---
   210  3.64323e+07  3.00862e-12  1.10916e+03  3.57618e+09  1.12274e-10      1      1    209 DCG---
   211  3.64324e+07  1.66769e-12  6.14815e+02  3.57622e+09  1.12275e-10      1      1    210 DCG---
   212  3.64336e+07  1.43041e-11  5.27337e+03  3.58254e+09  1.12473e-10      1      1    211 DCG---
   213  3.64340e+07  2.78979e-10  1.02849e+05  3.62564e+09  1.13826e-10      1      1    212 DCG---
   214  3.64344e+07  1.98003e-11  7.29963e+03  3.62838e+09  1.13912e-10      1      1    213 DCG---
   215  3.64346e+07  2.17901e-11  8.03319e+03  3.63013e+09  1.13967e-10      1      1    214 DCG---
   216  3.64348e+07  1.43238e-10  5.28063e+04  3.64053e+09  1.14294e-10      1      1    215 DCG---
   217  3.64350e+07  1.17886e-09  4.34599e+05  3.72658e+09  1.16995e-10      1      1    216 DCG---
   218  3.64350e+07  1.26789e-10  4.67424e+04  3.72868e+09  1.17061e-10      1      1    217 DCG---
   219  3.64353e+07  4.96264e-12  1.82954e+03  3.72922e+09  1.17078e-10      1      1    218 DCG---
   220  3.64787e+07  3.07448e-12  1.13344e+03  3.77838e+09  1.18622e-10      1      1    219 DCG---
   221  3.64788e+07  4.38824e-12  1.61778e+03  3.77858e+09  1.18628e-10      1      1    220 DCG---
   222  3.64793e+07  3.13234e-12  1.15477e+03  3.77913e+09  1.18645e-10      1      1    221 DCG---
   223  3.64801e+07  2.25436e-11  8.31098e+03  3.78562e+09  1.18849e-10      1      1    222 DCG---
   224  3.64802e+07  5.53373e-10  2.04008e+05  3.80867e+09  1.19572e-10      1      1    223 DCG---
   225  3.64803e+07  2.06804e-09  7.62406e+05  3.91083e+09  1.22780e-10      1      1    224 DCG---
   226  3.64804e+07  2.00380e-10  7.38724e+04  3.91416e+09  1.22884e-10      1      1    225 DCG---
   227  3.64846e+07  4.31432e-12  1.59053e+03  3.92095e+09  1.23097e-10      1      1    226 DCG---
   228  3.64872e+07  3.00122e-12  1.10644e+03  3.92380e+09  1.23187e-10      1      1    227 DCG---
   229  3.64881e+07  4.09750e-12  1.51059e+03  3.92519e+09  1.23231e-10      1      1    228 DCG---
   230  3.64882e+07  1.29315e-10  4.76736e+04  3.92776e+09  1.23311e-10      1      1    229 DCG---
   231  3.64883e+07  1.28188e-09  4.72581e+05  3.96982e+09  1.24632e-10      1      1    230 DCG---
   232  3.64883e+07  1.09856e-10  4.04999e+04  3.97189e+09  1.24697e-10      1      1    231 DCG---
   233  3.64886e+07  4.67795e-12  1.72458e+03  3.97240e+09  1.24713e-10      1      1    232 DCG---
   234  3.64892e+07  2.65804e-12  9.79917e+02  3.97293e+09  1.24729e-10      1      1    233 DCG---
   235  3.64896e+07  2.59093e-12  9.55177e+02  3.97333e+09  1.24742e-10      1      1    234 DCG---
   236  3.64899e+07  3.33233e-12  1.22850e+03  3.97378e+09  1.24756e-10      1      1    235 DCG---
   237  3.64903e+07  1.10797e-11  4.08467e+03  3.97521e+09  1.24801e-10      1      1    236 DCG---
   238  3.64904e+07  2.29205e-10  8.44992e+04  3.98366e+09  1.25066e-10      1      1    237 DCG---
   239  3.64905e+07  2.17043e-09  8.00156e+05  4.08768e+09  1.28332e-10      1      1    238 DCG---
   240  3.64906e+07  1.95579e-10  7.21026e+04  4.09158e+09  1.28454e-10      1      1    239 DCG---
   241  3.64907e+07  1.30595e-11  4.81452e+03  4.09208e+09  1.28470e-10      1      1    240 DCG---
   242  3.64954e+07  3.13569e-12  1.15601e+03  4.09749e+09  1.28640e-10      1      1    241 DCG---
   243  3.64955e+07  2.32234e-12  8.56160e+02  4.09759e+09  1.28643e-10      1      1    242 DCG---
   244  3.64963e+07  3.11566e-12  1.14862e+03  4.09849e+09  1.28671e-10      1      1    243 DCG---
   245  3.64968e+07  5.36320e-12  1.97721e+03  4.09951e+09  1.28703e-10      1      1    244 DCG---
   246  3.64969e+07  1.15094e-10  4.24306e+04  4.10481e+09  1.28870e-10      1      1    245 DCG---
   247  3.64970e+07  8.94082e-10  3.29614e+05  4.14470e+09  1.30122e-10      1      1    246 DCG---
   248  3.64971e+07  9.64843e-11  3.55701e+04  4.14587e+09  1.30159e-10      1      1    247 DCG---
   249  3.64971e+07  1.18055e-11  4.35222e+03  4.14612e+09  1.30167e-10      1      1    248 DCG---
   250  3.65717e+07  2.90490e-12  1.07093e+03  4.22604e+09  1.32676e-10      1      1    249 DCG---
   251  3.65719e+07  1.89269e-12  6.97763e+02  4.22612e+09  1.32678e-10      1      1    250 DCG---
   252  3.65752e+07  3.30259e-12  1.21754e+03  4.23021e+09  1.32807e-10      1      1    251 DCG---
    D - state definition present
    C - concentrations present
    G - gamma emission spectra present
    N - neutron emission spectra present
    A - alpha emission spectra present
    B - beta emission spectra present
=========================================================================================================================
=   History overview for case 'decay' (#2/2)                                                                            =
-------------------------------------------------------------------------------------------------------------------------
   step          t0          t1          dt           t        flux     fluence       power      energy
    (-)        (hr)        (hr)         (s)         (s)   (n/cm2-s)     (n/cm2)        (MW)       (MWd)
      1  1.0160E+04  1.0162E+04  6.4800E+03  3.6582E+07  0.0000E+00  4.2302E+09  0.0000E+00  1.3281E-10
      2  1.0162E+04  1.0163E+04  5.0400E+03  3.6587E+07  0.0000E+00  4.2302E+09  0.0000E+00  1.3281E-10
      3  1.0163E+04  1.0165E+04  8.6400E+03  3.6595E+07  0.0000E+00  4.2302E+09  0.0000E+00  1.3281E-10
      4  1.0165E+04  1.0170E+04  1.5840E+04  3.6611E+07  0.0000E+00  4.2302E+09  0.0000E+00  1.3281E-10
      5  1.0170E+04  1.0178E+04  2.8440E+04  3.6640E+07  0.0000E+00  4.2302E+09  0.0000E+00  1.3281E-10
      6  1.0178E+04  1.0192E+04  5.0040E+04  3.6690E+07  0.0000E+00  4.2302E+09  0.0000E+00  1.3281E-10
      7  1.0192E+04  1.0216E+04  8.9640E+04  3.6779E+07  0.0000E+00  4.2302E+09  0.0000E+00  1.3281E-10
      8  1.0216E+04  1.0261E+04  1.5948E+05  3.6939E+07  0.0000E+00  4.2302E+09  0.0000E+00  1.3281E-10
      9  1.0261E+04  1.0339E+04  2.8332E+05  3.7222E+07  0.0000E+00  4.2302E+09  0.0000E+00  1.3281E-10
     10  1.0339E+04  1.0480E+04  5.0508E+05  3.7727E+07  0.0000E+00  4.2302E+09  0.0000E+00  1.3281E-10
          
              step - step index within this case
                t0 - time at beginning-of-step in input units
                t1 - time at end-of-step in input units
                dt - length of step in seconds
                 t - end-of-step cumulative time in seconds
              flux - flux in neutrons/cm^2-sec (CALCULATED)
           fluence - cumulative end-of-step fluence in neutrons/cm^2 (CALCULATED)
             power - power in mega-watts (INPUT)     
            energy - cumulative end-of-step energy released in mega-watt-days (INPUT)     
=========================================================================================================================
.
.
.
.
.
*************************************************************************************************************************
********************                                                                                 ********************
********************                                                                                 ********************
********************                    Library information                                          ********************
********************                                                                                 ********************
********************                                                                                 ********************
*************************************************************************************************************************
.
.
=========================================================================================================================
=   Library summary for case 'decay' (#2/2)                                                                             =
-------------------------------------------------------------------------------------------------------------------------
filename: C:/Users/79063/AppData/Local/Temp/scale.79063.180/ft33f001 cross-section data taken from position number: 1
library title delimited by {}: 
{}
date library was produced: 0/0/0
total number of nuclides in library: 2237
number of light-element nuclides: 910
number of actinide nuclides: 176
number of fission product nuclides: 1151
number of nonzero off-diagonal matrix elements: 17833
=========================================================================================================================
.
.
*************************************************************************************************************************
********************                                                                                 ********************
********************                                                                                 ********************
********************                    Concentration tables                                         ********************
********************                                                                                 ********************
********************                                                                                 ********************
*************************************************************************************************************************
.
.
=========================================================================================================================
=   Nuclide concentrations in gram-atoms, light elements for case 'decay' (#2/2)                                        =
-------------------------------------------------------------------------------------------------------------------------
  (relative cutoff; integral of concentrations over time >   1.00E-03 % of integral of all concentrations over time)
.
                ********hr  ********hr  ********hr  ********hr  ********hr  ********hr  ********hr  ********hr  ********hr  ********hr  ********hr  
  h-1          1.0988E+01  1.0988E+01  1.0988E+01  1.0988E+01  1.0988E+01  1.0988E+01  1.0988E+01  1.0988E+01  1.0988E+01  1.0988E+01  1.0988E+01
  b-10         3.3482E-03  3.3482E-03  3.3482E-03  3.3482E-03  3.3482E-03  3.3482E-03  3.3482E-03  3.3482E-03  3.3482E-03  3.3482E-03  3.3482E-03
  b-11         1.3393E-02  1.3393E-02  1.3393E-02  1.3393E-02  1.3393E-02  1.3393E-02  1.3393E-02  1.3393E-02  1.3393E-02  1.3393E-02  1.3393E-02
  n-14         8.0091E-03  8.0091E-03  8.0091E-03  8.0091E-03  8.0091E-03  8.0091E-03  8.0091E-03  8.0091E-03  8.0091E-03  8.0091E-03  8.0091E-03
  al-27        5.1107E+00  5.1107E+00  5.1107E+00  5.1107E+00  5.1107E+00  5.1107E+00  5.1107E+00  5.1107E+00  5.1107E+00  5.1107E+00  5.1107E+00
  si-28        6.4622E-01  6.4622E-01  6.4622E-01  6.4622E-01  6.4622E-01  6.4622E-01  6.4622E-01  6.4622E-01  6.4622E-01  6.4622E-01  6.4622E-01
  fe-56        5.2627E-03  5.2627E-03  5.2627E-03  5.2627E-03  5.2627E-03  5.2627E-03  5.2627E-03  5.2627E-03  5.2627E-03  5.2627E-03  5.2627E-03
  ni-58        4.9232E-02  4.9232E-02  4.9232E-02  4.9232E-02  4.9232E-02  4.9232E-02  4.9232E-02  4.9232E-02  4.9232E-02  4.9232E-02  4.9232E-02
  hf-180       1.4051E-03  1.4051E-03  1.4051E-03  1.4051E-03  1.4051E-03  1.4051E-03  1.4051E-03  1.4051E-03  1.4051E-03  1.4051E-03  1.4051E-03
------------
  totals       1.6826E+01  1.6826E+01  1.6826E+01  1.6826E+01  1.6826E+01  1.6826E+01  1.6826E+01  1.6826E+01  1.6826E+01  1.6826E+01  1.6826E+01
=========================================================================================================================
.
.
=========================================================================================================================
=   Nuclide concentrations in gram-atoms, actinides for case 'decay' (#2/2)                                             =
-------------------------------------------------------------------------------------------------------------------------
  (relative cutoff; integral of concentrations over time >   1.00E-03 % of integral of all concentrations over time)
.
                ********hr  ********hr  ********hr  ********hr  ********hr  ********hr  ********hr  ********hr  ********hr  ********hr  ********hr  
  u-235        3.1460E-01  3.1460E-01  3.1460E-01  3.1460E-01  3.1460E-01  3.1460E-01  3.1460E-01  3.1460E-01  3.1460E-01  3.1460E-01  3.1460E-01
  u-238        2.7096E-01  2.7096E-01  2.7096E-01  2.7096E-01  2.7096E-01  2.7096E-01  2.7096E-01  2.7096E-01  2.7096E-01  2.7096E-01  2.7096E-01
------------
  totals       5.8556E-01  5.8556E-01  5.8556E-01  5.8556E-01  5.8556E-01  5.8556E-01  5.8556E-01  5.8556E-01  5.8556E-01  5.8556E-01  5.8556E-01
=========================================================================================================================
.
.
=========================================================================================================================
=   Nuclide concentrations in gram-atoms, fission products for case 'decay' (#2/2)                                      =
-------------------------------------------------------------------------------------------------------------------------
  (relative cutoff; integral of concentrations over time >   1.00E-03 % of integral of all concentrations over time)
.
                ********hr  ********hr  ********hr  ********hr  ********hr  ********hr  ********hr  ********hr  ********hr  ********hr  ********hr  
  zr-90        5.4205E+00  5.4205E+00  5.4205E+00  5.4205E+00  5.4205E+00  5.4205E+00  5.4205E+00  5.4205E+00  5.4205E+00  5.4205E+00  5.4205E+00
  nb-93        5.3776E-02  5.3776E-02  5.3776E-02  5.3776E-02  5.3776E-02  5.3776E-02  5.3776E-02  5.3776E-02  5.3776E-02  5.3776E-02  5.3776E-02
  gd-156       9.9272E-02  9.9272E-02  9.9272E-02  9.9272E-02  9.9272E-02  9.9272E-02  9.9272E-02  9.9272E-02  9.9272E-02  9.9272E-02  9.9272E-02
  gd-158       6.6102E-02  6.6102E-02  6.6102E-02  6.6102E-02  6.6102E-02  6.6102E-02  6.6102E-02  6.6102E-02  6.6102E-02  6.6102E-02  6.6102E-02
------------
  totals       5.6397E+00  5.6397E+00  5.6397E+00  5.6397E+00  5.6397E+00  5.6397E+00  5.6397E+00  5.6397E+00  5.6397E+00  5.6397E+00  5.6397E+00
=========================================================================================================================
.
.
=========================================================================================================================
=   Nuclide concentrations in gram-atoms for case 'decay' (#2/2)                                                        =
-------------------------------------------------------------------------------------------------------------------------
  (relative cutoff; integral of concentrations over time >   1.00E-03 % of integral of all concentrations over time)
.
                ********hr  ********hr  ********hr  ********hr  ********hr  ********hr  ********hr  ********hr  ********hr  ********hr  ********hr  
  h-1          1.0988E+01  1.0988E+01  1.0988E+01  1.0988E+01  1.0988E+01  1.0988E+01  1.0988E+01  1.0988E+01  1.0988E+01  1.0988E+01  1.0988E+01
  b-10         3.3482E-03  3.3482E-03  3.3482E-03  3.3482E-03  3.3482E-03  3.3482E-03  3.3482E-03  3.3482E-03  3.3482E-03  3.3482E-03  3.3482E-03
  b-11         1.3393E-02  1.3393E-02  1.3393E-02  1.3393E-02  1.3393E-02  1.3393E-02  1.3393E-02  1.3393E-02  1.3393E-02  1.3393E-02  1.3393E-02
  n-14         8.0091E-03  8.0091E-03  8.0091E-03  8.0091E-03  8.0091E-03  8.0091E-03  8.0091E-03  8.0091E-03  8.0091E-03  8.0091E-03  8.0091E-03
  al-27        5.1107E+00  5.1107E+00  5.1107E+00  5.1107E+00  5.1107E+00  5.1107E+00  5.1107E+00  5.1107E+00  5.1107E+00  5.1107E+00  5.1107E+00
  si-28        6.4622E-01  6.4622E-01  6.4622E-01  6.4622E-01  6.4622E-01  6.4622E-01  6.4622E-01  6.4622E-01  6.4622E-01  6.4622E-01  6.4622E-01
  fe-56        5.2627E-03  5.2627E-03  5.2627E-03  5.2627E-03  5.2627E-03  5.2627E-03  5.2627E-03  5.2627E-03  5.2627E-03  5.2627E-03  5.2627E-03
  ni-58        4.9232E-02  4.9232E-02  4.9232E-02  4.9232E-02  4.9232E-02  4.9232E-02  4.9232E-02  4.9232E-02  4.9232E-02  4.9232E-02  4.9232E-02
  hf-180       1.4051E-03  1.4051E-03  1.4051E-03  1.4051E-03  1.4051E-03  1.4051E-03  1.4051E-03  1.4051E-03  1.4051E-03  1.4051E-03  1.4051E-03
  u-235        3.1460E-01  3.1460E-01  3.1460E-01  3.1460E-01  3.1460E-01  3.1460E-01  3.1460E-01  3.1460E-01  3.1460E-01  3.1460E-01  3.1460E-01
  u-238        2.7096E-01  2.7096E-01  2.7096E-01  2.7096E-01  2.7096E-01  2.7096E-01  2.7096E-01  2.7096E-01  2.7096E-01  2.7096E-01  2.7096E-01
  zr-90        5.4205E+00  5.4205E+00  5.4205E+00  5.4205E+00  5.4205E+00  5.4205E+00  5.4205E+00  5.4205E+00  5.4205E+00  5.4205E+00  5.4205E+00
  nb-93        5.3776E-02  5.3776E-02  5.3776E-02  5.3776E-02  5.3776E-02  5.3776E-02  5.3776E-02  5.3776E-02  5.3776E-02  5.3776E-02  5.3776E-02
  gd-156       9.9272E-02  9.9272E-02  9.9272E-02  9.9272E-02  9.9272E-02  9.9272E-02  9.9272E-02  9.9272E-02  9.9272E-02  9.9272E-02  9.9272E-02
  gd-158       6.6102E-02  6.6102E-02  6.6102E-02  6.6102E-02  6.6102E-02  6.6102E-02  6.6102E-02  6.6102E-02  6.6102E-02  6.6102E-02  6.6102E-02
------------
  totals       2.3051E+01  2.3051E+01  2.3051E+01  2.3051E+01  2.3051E+01  2.3051E+01  2.3051E+01  2.3051E+01  2.3051E+01  2.3051E+01  2.3051E+01
=========================================================================================================================
.
.
*************************************************************************************************************************
********************                                                                                 ********************
********************                                                                                 ********************
********************                    GAMMA SOURCES AND SPECTRA                                    ********************
********************                                                                                 ********************
********************                                                                                 ********************
*************************************************************************************************************************
.
.
=========================================================================================================================
=   Gamma source summary (1/s) for case 'decay' (#2/2)                                                                  =
-------------------------------------------------------------------------------------------------------------------------
                       10159.8hr   10161.6hr   10163.0hr   10165.4hr   10169.8hr   10177.7hr   10191.6hr   10216.5hr   10260.8hr   10339.5hr   10479.8hr  
total                  1.6061E+07  1.5115E+07  1.5061E+07  1.5009E+07  1.4951E+07  1.4885E+07  1.4816E+07  1.4750E+07  1.4690E+07  1.4638E+07  1.4599E+07
unbinned               1.4195E+06  1.3349E+06  1.3290E+06  1.3228E+06  1.3157E+06  1.3082E+06  1.3011E+06  1.2949E+06  1.2899E+06  1.2859E+06  1.2826E+06
binned                 1.4642E+07  1.3780E+07  1.3732E+07  1.3687E+07  1.3636E+07  1.3577E+07  1.3515E+07  1.3455E+07  1.3400E+07  1.3353E+07  1.3316E+07
binned(%)              9.1162E+01  9.1168E+01  9.1176E+01  9.1187E+01  9.1200E+01  9.1212E+01  9.1219E+01  9.1221E+01  9.1219E+01  9.1216E+01  9.1214E+01
=========================================================================================================================
.
.
=========================================================================================================================
=   Gamma source summary (MeV/s) for case 'decay' (#2/2)                                                                =
-------------------------------------------------------------------------------------------------------------------------
                       10159.8hr   10161.6hr   10163.0hr   10165.4hr   10169.8hr   10177.7hr   10191.6hr   10216.5hr   10260.8hr   10339.5hr   10479.8hr  
total                  2.1207E+06  1.5693E+06  1.5406E+06  1.5157E+06  1.4914E+06  1.4663E+06  1.4417E+06  1.4190E+06  1.3993E+06  1.3819E+06  1.3672E+06
unbinned               6.6620E+03  6.0424E+03  5.9988E+03  5.9532E+03  5.9010E+03  5.8458E+03  5.7948E+03  5.7515E+03  5.7177E+03  5.6907E+03  5.6691E+03
binned                 2.1140E+06  1.5632E+06  1.5346E+06  1.5097E+06  1.4855E+06  1.4605E+06  1.4359E+06  1.4133E+06  1.3936E+06  1.3762E+06  1.3615E+06
binned(%)              9.9686E+01  9.9615E+01  9.9611E+01  9.9607E+01  9.9604E+01  9.9601E+01  9.9598E+01  9.9595E+01  9.9591E+01  9.9588E+01  9.9585E+01
missing spectra        4.4854E+03  2.5471E-01  9.9440E-03  4.7919E-04  4.1719E-04  3.7084E-04  3.0144E-04  2.0797E-04  1.0745E-04  3.3245E-05  4.1063E-06
=========================================================================================================================
.
.
=========================================================================================================================
=   Gamma source intensity (1/s) as a function of time for case 'decay' (#2/2)                                          =
-------------------------------------------------------------------------------------------------------------------------
     boundaries (MeV)     10159.8hr   10161.6hr   10163.0hr   10165.4hr   10169.8hr   10177.7hr   10191.6hr   10216.5hr   10260.8hr   10339.5hr   10479.8hr  
 1.191E+01 - 8.090E+00    8.4062E-02  9.6554E-04  9.6554E-04  9.6554E-04  9.6554E-04  9.6554E-04  9.6554E-04  9.6554E-04  9.6554E-04  9.6554E-04  9.6554E-04
 8.090E+00 - 7.910E+00    7.4165E-02  2.1607E-04  2.1607E-04  2.1607E-04  2.1607E-04  2.1607E-04  2.1607E-04  2.1607E-04  2.1607E-04  2.1607E-04  2.1607E-04
 7.910E+00 - 4.090E+00    4.7473E+03  5.6114E+00  3.9678E+00  2.2419E+00  8.1777E-01  1.8637E-01  8.2554E-02  7.8950E-02  7.8941E-02  7.8941E-02  7.8941E-02
 4.090E+00 - 3.910E+00    1.0208E+03  9.1615E+00  2.0621E+00  4.2934E-01  1.1475E-01  2.9335E-02  1.7413E-02  1.7012E-02  1.7011E-02  1.7011E-02  1.7011E-02
 3.910E+00 - 2.090E+00    4.2975E+04  4.0712E+03  2.5869E+03  1.5150E+03  8.7684E+02  6.3444E+02  5.7080E+02  5.4386E+02  5.0286E+02  4.2338E+02  3.0494E+02
 2.090E+00 - 1.910E+00    1.0943E+04  1.4621E+03  1.1767E+03  9.4308E+02  7.5940E+02  6.1894E+02  5.0169E+02  3.9450E+02  2.8692E+02  1.8351E+02  1.1284E+02
 1.910E+00 - 1.090E+00    1.3722E+05  3.5733E+04  3.0561E+04  2.6044E+04  2.1880E+04  1.8565E+04  1.6421E+04  1.5021E+04  1.3563E+04  1.1473E+04  8.7338E+03
 1.090E+00 - 9.100E-01    7.0601E+04  2.4460E+04  2.1718E+04  1.9569E+04  1.7490E+04  1.5408E+04  1.3699E+04  1.2487E+04  1.1532E+04  1.0609E+04  9.8420E+03
 9.100E-01 - 8.900E-01    6.2595E+03  1.1031E+03  8.4878E+02  6.2061E+02  4.5819E+02  3.7799E+02  3.3919E+02  3.1075E+02  2.9159E+02  2.8311E+02  2.8090E+02
 8.900E-01 - 7.100E-01    1.3499E+05  7.0450E+04  6.3281E+04  5.7415E+04  5.2085E+04  4.5662E+04  3.8179E+04  3.0563E+04  2.3930E+04  1.8558E+04  1.4796E+04
 7.100E-01 - 6.900E-01    8.3483E+03  1.8015E+03  1.6974E+03  1.5946E+03  1.4746E+03  1.3292E+03  1.1750E+03  1.0430E+03  9.6766E+02  9.4220E+02  9.3402E+02
 6.900E-01 - 5.100E-01    1.6892E+05  9.5339E+04  8.9356E+04  8.2289E+04  7.2865E+04  6.0520E+04  4.6474E+04  3.3120E+04  2.2865E+04  1.5720E+04  1.1072E+04
 5.100E-01 - 4.900E-01    1.2477E+04  5.8467E+03  5.6818E+03  5.4913E+03  5.2203E+03  4.8568E+03  4.4198E+03  3.9491E+03  3.5182E+03  3.1528E+03  2.8356E+03
 4.900E-01 - 3.100E-01    1.3770E+05  5.5699E+04  5.2542E+04  5.0523E+04  4.8893E+04  4.7315E+04  4.5748E+04  4.4032E+04  4.1942E+04  3.9207E+04  3.5812E+04
 3.100E-01 - 2.900E-01    3.8201E+04  2.0306E+04  1.9614E+04  1.8903E+04  1.7827E+04  1.6275E+04  1.4229E+04  1.1842E+04  9.7357E+03  8.5673E+03  8.2014E+03
 2.900E-01 - 1.100E-01    5.1422E+06  5.0109E+06  5.0043E+06  4.9975E+06  4.9888E+06  4.9777E+06  4.9654E+06  4.9535E+06  4.9425E+06  4.9325E+06  4.9259E+06
 1.100E-01 - 9.000E-02    9.7311E+05  9.5133E+05  9.5064E+05  9.4992E+05  9.4906E+05  9.4809E+05  9.4708E+05  9.4604E+05  9.4503E+05  9.4415E+05  9.4349E+05
 9.000E-02 - 6.000E-02    7.3039E+05  6.8678E+05  6.8485E+05  6.8302E+05  6.8100E+05  6.7888E+05  6.7681E+05  6.7468E+05  6.7228E+05  6.6951E+05  6.6684E+05
 6.000E-02 - 4.000E-02    1.8311E+05  1.4662E+05  1.4473E+05  1.4265E+05  1.4011E+05  1.3715E+05  1.3400E+05  1.3083E+05  1.2806E+05  1.2605E+05  1.2484E+05
 4.000E-02 - 1.000E-02    6.8385E+06  6.6680E+06  6.6585E+06  6.6486E+06  6.6370E+06  6.6238E+06  6.6102E+06  6.5964E+06  6.5831E+06  6.5713E+06  6.5621E+06
  --------------------
                 total    1.4642E+07  1.3780E+07  1.3732E+07  1.3687E+07  1.3636E+07  1.3577E+07  1.3515E+07  1.3455E+07  1.3400E+07  1.3353E+07  1.3316E+07
=========================================================================================================================
.
.
=========================================================================================================================
=   Gamma energy release rate (MeV/s) as a function of time for case 'decay' (#2/2)                                     =
-------------------------------------------------------------------------------------------------------------------------
     boundaries (MeV)     10159.8hr   10161.6hr   10163.0hr   10165.4hr   10169.8hr   10177.7hr   10191.6hr   10216.5hr   10260.8hr   10339.5hr   10479.8hr  
 1.191E+01 - 8.090E+00    8.4062E-01  9.6554E-03  9.6554E-03  9.6554E-03  9.6554E-03  9.6554E-03  9.6554E-03  9.6554E-03  9.6554E-03  9.6554E-03  9.6554E-03
 8.090E+00 - 7.910E+00    5.9332E-01  1.7286E-03  1.7286E-03  1.7286E-03  1.7286E-03  1.7286E-03  1.7286E-03  1.7286E-03  1.7286E-03  1.7286E-03  1.7286E-03
 7.910E+00 - 4.090E+00    2.8484E+04  3.3668E+01  2.3807E+01  1.3451E+01  4.9066E+00  1.1182E+00  4.9532E-01  4.7370E-01  4.7365E-01  4.7365E-01  4.7365E-01
 4.090E+00 - 3.910E+00    4.0832E+03  3.6646E+01  8.2484E+00  1.7174E+00  4.5900E-01  1.1734E-01  6.9653E-02  6.8048E-02  6.8044E-02  6.8044E-02  6.8044E-02
 3.910E+00 - 2.090E+00    1.2893E+05  1.2214E+04  7.7606E+03  4.5449E+03  2.6305E+03  1.9033E+03  1.7124E+03  1.6316E+03  1.5086E+03  1.2701E+03  9.1482E+02
 2.090E+00 - 1.910E+00    2.1887E+04  2.9241E+03  2.3535E+03  1.8862E+03  1.5188E+03  1.2379E+03  1.0034E+03  7.8899E+02  5.7384E+02  3.6703E+02  2.2568E+02
 1.910E+00 - 1.090E+00    2.0582E+05  5.3600E+04  4.5842E+04  3.9065E+04  3.2819E+04  2.7848E+04  2.4631E+04  2.2532E+04  2.0345E+04  1.7209E+04  1.3101E+04
 1.090E+00 - 9.100E-01    7.0601E+04  2.4460E+04  2.1718E+04  1.9569E+04  1.7490E+04  1.5408E+04  1.3699E+04  1.2487E+04  1.1532E+04  1.0609E+04  9.8420E+03
 9.100E-01 - 8.900E-01    5.6335E+03  9.9277E+02  7.6390E+02  5.5855E+02  4.1237E+02  3.4019E+02  3.0528E+02  2.7968E+02  2.6243E+02  2.5480E+02  2.5281E+02
 8.900E-01 - 7.100E-01    1.0800E+05  5.6360E+04  5.0625E+04  4.5932E+04  4.1668E+04  3.6529E+04  3.0543E+04  2.4451E+04  1.9144E+04  1.4846E+04  1.1837E+04
 7.100E-01 - 6.900E-01    5.8438E+03  1.2610E+03  1.1881E+03  1.1162E+03  1.0322E+03  9.3047E+02  8.2251E+02  7.3012E+02  6.7736E+02  6.5954E+02  6.5381E+02
 6.900E-01 - 5.100E-01    1.0135E+05  5.7204E+04  5.3614E+04  4.9373E+04  4.3719E+04  3.6312E+04  2.7884E+04  1.9872E+04  1.3719E+04  9.4321E+03  6.6430E+03
 5.100E-01 - 4.900E-01    6.2384E+03  2.9234E+03  2.8409E+03  2.7456E+03  2.6101E+03  2.4284E+03  2.2099E+03  1.9745E+03  1.7591E+03  1.5764E+03  1.4178E+03
 4.900E-01 - 3.100E-01    5.5078E+04  2.2280E+04  2.1017E+04  2.0209E+04  1.9557E+04  1.8926E+04  1.8299E+04  1.7613E+04  1.6777E+04  1.5683E+04  1.4325E+04
 3.100E-01 - 2.900E-01    1.1460E+04  6.0917E+03  5.8842E+03  5.6710E+03  5.3481E+03  4.8824E+03  4.2688E+03  3.5525E+03  2.9207E+03  2.5702E+03  2.4604E+03
 2.900E-01 - 1.100E-01    1.0284E+06  1.0022E+06  1.0009E+06  9.9950E+05  9.9775E+05  9.9554E+05  9.9308E+05  9.9070E+05  9.8849E+05  9.8650E+05  9.8518E+05
 1.100E-01 - 9.000E-02    9.7311E+04  9.5133E+04  9.5064E+04  9.4992E+04  9.4906E+04  9.4809E+04  9.4708E+04  9.4604E+04  9.4503E+04  9.4415E+04  9.4349E+04
 9.000E-02 - 6.000E-02    5.4779E+04  5.1509E+04  5.1364E+04  5.1226E+04  5.1075E+04  5.0916E+04  5.0761E+04  5.0601E+04  5.0421E+04  5.0213E+04  5.0013E+04
 6.000E-02 - 4.000E-02    9.1554E+03  7.3309E+03  7.2364E+03  7.1326E+03  7.0054E+03  6.8577E+03  6.7002E+03  6.5416E+03  6.4028E+03  6.3023E+03  6.2419E+03
 4.000E-02 - 1.000E-02    1.7096E+05  1.6670E+05  1.6646E+05  1.6621E+05  1.6592E+05  1.6560E+05  1.6525E+05  1.6491E+05  1.6458E+05  1.6428E+05  1.6405E+05
  --------------------
                 total    2.1140E+06  1.5632E+06  1.5346E+06  1.5097E+06  1.4855E+06  1.4605E+06  1.4359E+06  1.4133E+06  1.3936E+06  1.3762E+06  1.3615E+06
=========================================================================================================================
.
.
.
.
.
*************************************************************************************************************************
********************                                                                                 ********************
********************                                                                                 ********************
********************                    Written F71 File Information                                 ********************
********************                                                                                 ********************
********************                                                                                 ********************
*************************************************************************************************************************
.
.
  +pos         time        power         flux      fluence       energy libpos   case   step DCGNAB
   (-)          (s)         (MW)    (n/cm2-s)      (n/cm2)        (MWd)    (-)    (-)    (-)    (-)
    +1  3.65752e+07  0.00000e+00  0.00000e+00  4.23021e+09  1.32807e-10      1      2      0 DCG---
    +2  3.65817e+07  0.00000e+00  0.00000e+00  4.23021e+09  1.32807e-10      1      2      1 DCG---
    +3  3.65867e+07  0.00000e+00  0.00000e+00  4.23021e+09  1.32807e-10      1      2      2 DCG---
    +4  3.65954e+07  0.00000e+00  0.00000e+00  4.23021e+09  1.32807e-10      1      2      3 DCG---
    +5  3.66112e+07  0.00000e+00  0.00000e+00  4.23021e+09  1.32807e-10      1      2      4 DCG---
    +6  3.66397e+07  0.00000e+00  0.00000e+00  4.23021e+09  1.32807e-10      1      2      5 DCG---
    +7  3.66897e+07  0.00000e+00  0.00000e+00  4.23021e+09  1.32807e-10      1      2      6 DCG---
    +8  3.67793e+07  0.00000e+00  0.00000e+00  4.23021e+09  1.32807e-10      1      2      7 DCG---
    +9  3.69388e+07  0.00000e+00  0.00000e+00  4.23021e+09  1.32807e-10      1      2      8 DCG---
   +10  3.72221e+07  0.00000e+00  0.00000e+00  4.23021e+09  1.32807e-10      1      2      9 DCG---
   +11  3.77272e+07  0.00000e+00  0.00000e+00  4.23021e+09  1.32807e-10      1      2     10 DCG---
    D - state definition present
    C - concentrations present
    G - gamma emission spectra present
    N - neutron emission spectra present
    A - alpha emission spectra present
    B - beta emission spectra present
 NOTE: +pos indicates file was appended to and 
       positions shown are RELATIVE to the original.
.
.
.
=========================================================================================================================
ORIGEN finished successfully.
=========================================================================================================================
    module origen used 12.7382 seconds cpu time for the current pass.

    module origens is finished. completion code    0. total cpu time used 3.1e-006 seconds.


    SCALE is finished on Thu Jan 15 08:59:16 2026.
-------------------------- Summary --------------------------
couple finished. used 0.438821 seconds.
origens finished. used 12.7396 seconds.
SCALE driver required a maximum of 10.68 MiB of RAM.
------------------------ End Summary ------------------------

ft71f001 copied to C:\Users\79063\Documents\GitHub\TVS_dose_2\Origens\1-4_3.f71.
